index_id,short_title,year,act_number,category
IDX_0_ALPHABETICAL_LIST_OF_CENTRAL_A,ALPHABETICAL LIST OF CENTRAL ACTS,0,,General
IDX_0_Name_of_the_Act,Name of the Act,0,,General
IDX_0_Aadhaar__Targeted_Delivery_of_,"Aadhaar (Targeted Delivery of Financial and other subsidies, benefits
and Services) Act",2016,18,General
IDX_0_Academy_of_Scientific_and_Inno,Academy of Scientific and Innovative Research Act,2012,13,General
IDX_0_Acquired_Territories__Merger__,Acquired Territories (Merger) Act,1960,64,General
IDX_0_Acquisition_of_Certain_Area_at,Acquisition of Certain Area at Ayodhya Act,1993,33,General
IDX_0_Actuaries_Act,Actuaries Act,2006,35,General
IDX_0_Administrative_Tribunals_Act,Administrative Tribunals Act,1985,13,General
IDX_0_Administrators_General_Act,Administrators-General Act,1963,45,General
IDX_0_Admiralty__Jurisdiction_and_Se,Admiralty (Jurisdiction and Settlement of Maritime Claims) Act,2017,22,General
IDX_0_Advocates_Act,Advocates Act,1961,25,General
IDX_0_Advocates__Welfare_Fund_Act,Advocates’ Welfare Fund Act,2001,45,General
IDX_0_African_Development_Bank_Act,African Development Bank Act,1983,13,General
IDX_0_African_Development_Fund_Act,African Development Fund Act,1982,1,General
IDX_0_Agricultural_Produce__Grading_,Agricultural Produce (Grading and Marking) Act,1937,1,General
IDX_0_Agriculture_land_Processed_Foo,"Agriculture land Processed Food Products Export Development
Authority Act",1986,2,General
IDX_0_Agriculturists__Loans_Act,Agriculturists' Loans Act,1884,12,General
IDX_0_Airports_Authority_of_India_Ac,Airports Authority of India Act,1994,55,General
IDX_0_Airports_Economic_Regulatory_A,Airports Economic Regulatory Authority of India Act,2008,27,General
IDX_0_Air_Force_Act,Air Force Act,1950,45,General
IDX_0_Air__Prevention_and_Control_of,Air (Prevention and Control of Pollution) Act,1981,14,General
IDX_0_Ajmer_Tenancy_and_Land_Records,Ajmer Tenancy and Land Records Act,1950,42,General
IDX_0_Aligarh_Muslim_University_Act,Aligarh Muslim University Act,1920,40,General
IDX_0_All_India_Council_for_Technica,All-India Council for Technical Education Act,1987,52,General
IDX_0_All_India_Institute_of_Medical,All-India Institute of Medical Sciences Act,1956,25,General
IDX_0_All_India_Services_Act,All-India Services Act,1951,61,General
IDX_0_Anand_Marriage_Act,Anand Marriage Act,1909,7,General
IDX_0_Ancient_Monuments_and_Archaeol,Ancient Monuments and Archaeological Sites and Remains Act,1958,24,General
IDX_0_Ancient_Monuments_Preservation,Ancient Monuments Preservation Act,1904,7,General
IDX_0_Andhra_Pradesh_Legislative_Cou,Andhra Pradesh Legislative Council Act,2006,1,General
IDX_0_Andhra_Pradesh_and_Madras__Alt,Andhra Pradesh and Madras (Alteration of Boundaries) Act,1959,56,General
IDX_0_Andhra_Pradesh_and_Mysore__Tra,Andhra Pradesh and Mysore (Transfer of Territory) Act,1968,36,General
IDX_0_Andhra_Pradesh_Reorganisation_,Andhra Pradesh Reorganisation Act,2014,6,General
IDX_0_Andhra_State_Act,Andhra State Act,1953,30,General
IDX_0_Anusandhan_National_Research_F,Anusandhan National Research Foundation Act,2023,25,General
IDX_0_Anti_Apartheid__United_Nations,Anti-Apartheid (United Nations Convention) Act,1981,48,General
IDX_0_Anti_Hijacking_Act,Anti-Hijacking Act,2016,30,General
IDX_0_Antiquities_and_Art_Treasures_,Antiquities and Art Treasures Act,1972,52,General
IDX_0_Apprentices_Act,Apprentices Act,1961,52,General
IDX_0_Arbitration_and_Conciliation_A,Arbitration and Conciliation Act,1996,26,Civil Procedure
IDX_0_Architects_Act,Architects Act,1972,20,General
IDX_0_Armed_Forces__Emergency_Duties,Armed Forces (Emergency Duties) Act,1947,15,General
IDX_0_Armed_Forces__Jammu_and_Kashmi,Armed Forces (Jammu and Kashmir) Special Powers Act,1990,21,General
IDX_0_Armed_Forces__Punjab_and_Chand,Armed Forces (Punjab and Chandigarh) Special Powers Act,1983,34,General
IDX_0_Armed_Forces__Special_Powers__,Armed Forces (Special Powers) Act,1958,28,General
IDX_0_Armed_Forces_Tribunal_Act,Armed Forces Tribunal Act,2007,55,General
IDX_0_Unknown,Unknown,1959,54,General
IDX_0_Unknown,Unknown,1950,46,General
IDX_0_Army_and_Air_Force__Disposal_o,Army and Air Force (Disposal of Private Property) Act,1950,40,General
IDX_0_Arya_Marriage_Validation_Act,Arya Marriage Validation Act,1937,19,General
IDX_0_Asian_Development_Bank_Act,Asian Development Bank Act,1966,18,General
IDX_0_Asiatic_Society_Act,Asiatic Society Act,1984,5,General
IDX_0_Assam__Alteration_of_Boundarie,Assam (Alteration of Boundaries) Act,1951,47,General
IDX_0_Assam_Reorganisation__Meghalay,Assam Reorganisation (Meghalaya)Act,1969,55,General
IDX_0_Assam_Rifles_Act,Assam Rifles Act,2006,47,General
IDX_0_Assam_University_Act,Assam University Act,1989,23,General
IDX_0_Assisted_Reproductive_Technolo,Assisted Reproductive Technology (Regulation) Act,2021,42,General
IDX_0_Atomic_Energy_Act,Atomic Energy Act,1962,33,General
IDX_0_Auroville_Foundation_Act,Auroville Foundation Act,1988,54,General
IDX_0_Authoritative_Texts__Central_L,Authoritative Texts (Central Laws) Act,1973,50,General
IDX_0_Baba_saheb_Bhimrao_Ambedkar_Un,Baba saheb Bhimrao Ambedkar University Act,1994,58,General
IDX_0_Banaras_Hindu_University_Act,Banaras Hindu University Act,1915,16,General
IDX_0_Bankers__Books_Evidence_Act,Bankers' Books Evidence Act,1891,18,General
IDX_0_Banking_Companies__Acquisition,Banking Companies (Acquisition and Transfer of Undertakings) Act,1970,5,General
IDX_0_Banking_Companies__Acquisition,Banking Companies (Acquisition and Transfer of Undertakings) Act,1980,40,General
IDX_0_Banking_Regulation_Act,Banking Regulation Act,1949,10,General
IDX_0_Banning_of_Unregulated_Deposit,Banning of Unregulated Deposit Schemes Act,2019,21,General
IDX_0_Beedi_and_Cigar_Workers__Condi,Beedi and Cigar Workers (Conditions of Employment) Act,1966,32,General
IDX_0_Bengal__Agra_and_Assam_Civil_C,"Bengal, Agra and Assam Civil Courts Act",1887,12,Civil Procedure
IDX_0_Bengal_Bonded_Warehouse_Associ,Bengal Bonded Warehouse Association Act,1838,5,General
IDX_0_Bengal_Bonded_Warehouse_Associ,Bengal Bonded Warehouse Association Act,1854,5,General
IDX_0_Bengal_Embankment_Act,Bengal Embankment Act,1855,32,General
IDX_0_Bengal_Ghatwali_Lands_Act,Bengal Ghatwali Lands Act,1859,5,General
IDX_0_Bengal_Indigo_Contracts_Act,Bengal Indigo Contracts Act,1836,10,General
IDX_0_Bengal_Land_holders__Attendanc,Bengal Land holders' Attendance Act,1848,20,General
IDX_0_Bengal_Land_revenue_Sales_Act,Bengal Land-revenue Sales Act,1859,11,General
IDX_0_Bengal_Military_Police_Act,Bengal Military Police Act,1892,5,General
IDX_0_Betwa_River_Board_Act,Betwa River Board Act,1976,63,General
IDX_0_Bharat_Petroleum_Corporation_L,"Bharat Petroleum Corporation Limited (Determination of Conditions of
Service of Employees) Act",1988,44,Commercial
IDX_0_Bharatiya_Nagarik_Suraksha_San,Bharatiya Nagarik Suraksha Sanhita,2023,46,General
IDX_0_Bharatiya_Nyaya_Sanhita,Bharatiya Nyaya Sanhita,2023,45,General
IDX_0_Bharatiya_Sakshya_Adhiniyam,Bharatiya Sakshya Adhiniyam,2023,47,General
IDX_0_Bharatiya_Vayuyan_Adhiniyam,Bharatiya Vayuyan Adhiniyam,2024,16,General
IDX_0_Bhopal_Gas_Leak_Disaster__Proc,Bhopal Gas Leak Disaster (Processing of Claims) Act,1985,21,General
IDX_0_Bihar_and_Uttar_Pradesh__Alter,Bihar and Uttar Pradesh (Alteration of Boundaries) Act,1968,24,General
IDX_0_Bihar_and_West_Bengal__Transfe,Bihar and West Bengal (Transfer of Territories) Act,1956,40,General
IDX_0_Bihar_Land_Reforms_Laws__Regul,"Bihar Land Reforms Laws (Regulating Mines and Minerals) Validation
Act",1969,42,General
IDX_0_Bihar_Reorganisation_Act,Bihar Reorganisation Act,2000,30,General
IDX_0_Bihar_Value_Added_Tax_Act,Bihar Value Added Tax Act,2005,27,Tax
IDX_0_Bilateral_Netting_of_Qualified,Bilateral Netting of Qualified Financial Contracts Act,2020,30,General
IDX_0_Biological_Diversity_Act,Biological Diversity Act,2003,18,General
IDX_0_Bird_and_Company_Limited__Acqu,"Bird and Company Limited (Acquisition and Transfer of Undertakings
and Other Properties) Act",1980,67,Commercial
IDX_0_Births__Deaths_and_Marriages_R,"Births, Deaths and Marriages Registration Act",1886,6,General
IDX_0_Black_Money__Undisclosed_Forei,"Black Money (Undisclosed Foreign Income and Assets) and Imposition
of Tax Act",2015,22,Tax
IDX_0_Boilers_Act,Boilers Act,2025,12,General
IDX_0_Bombay_Civil_Courts_Act,Bombay Civil Courts Act,1869,14,Civil Procedure
IDX_0_Bombay_Rent_free_Estates_Act,Bombay Rent-free Estates Act,1852,11,General
IDX_0_Bombay_Reorganisation_Act,Bombay Reorganisation Act,1960,11,General
IDX_0_Bombay_Revenue_Jurisdiction_Ac,Bombay Revenue Jurisdiction Act,1876,10,General
IDX_0_Bonded_Labour_System__Abolitio,Bonded Labour System (Abolition) Act,1976,19,General
IDX_0_Border_Security_Force_Act,Border Security Force Act,1968,47,General
IDX_0_Bound_ary_marks__Bombay,"Bound ary-marks, Bombay",1846,3,General
IDX_0_Brahm_aputra_Board_Act,Brahm aputra Board Act,1980,46,General
IDX_0_Britan_nia_Engineering_Company,"Britan nia Engineering Company Limited (Mokameh Unit) and the
Arthur Butler and Company (Muzaffarpore) Limited (Acquisition
And Transfer of Undertakings) Act",1978,41,Commercial
IDX_0_British_India_Corporation_Limi,British India Corporation Limited (Acquisition of Shares) Act,1981,29,Commercial
IDX_0_Broach_and_Kaira_Incumbered_Es,Broach and Kaira Incumbered Estates Act,1877,14,General
IDX_0_Buildi_ng_and_Other_Constructi,"Buildi ng and Other Construction Workers (Regulation of Employment
and Conditions of Service) Act",1996,27,General
IDX_0_Buildi_ng_and_Other_Constructi,Buildi ng and Other Construction Workers' Welfare Cess Act,1996,28,General
IDX_0_Bureau_of_Indian_Standards_Act,Bureau of Indian Standards Act,2016,11,General
IDX_0_Cable_Television_Networks__Reg,Cable Television Networks (Regulation) Act,1995,7,General
IDX_0_Calcut_ta_High_Court__Extensio,Calcut ta High Court (Extension of Jurisdiction) Act,1953,41,General
IDX_0_Calcut_ta_High_Court__Jurisdic,Calcut ta High Court (Jurisdictional Limits) Act,1919,15,General
IDX_0_Calcut_ta_Land_revenue_Act,Calcut ta Land-revenue Act,1856,18,General
IDX_0_Calcut_ta_Metro_Railway__Opera,"Calcut ta Metro Railway (Operation and Maintenance) Temporary
Provisions Act",1985,10,General
IDX_0_Calcut_ta_Port__Pilotage__Act,Calcut ta Port (Pilotage) Act,1948,33,General
IDX_0_Canton_ments__Extension_of_Ren,Canton ments (Extension of Rent Control Laws) Act,1957,46,General
IDX_0_Canton_ments_Act,Canton ments Act,2006,41,General
IDX_0_Cardam_om_Act,Cardam om Act,1965,42,General
IDX_0_Carria_ge_by_Air_Act,Carria ge by Air Act,1972,69,General
IDX_0_Carria_ge_by_Road_Act,Carria ge by Road Act,2007,41,General
IDX_0_Cattle__trespass_Act,Cattle- trespass Act,1871,1,General
IDX_0_Censu_s_Act,Censu s Act,1948,37,General
IDX_0_Centra_l_Agricultural_Universi,Centra l Agricultural University Act,1992,40,General
IDX_0_Centra_l_Board_of_Revenue_Act,Centra l Board of Revenue Act,1963,54,General
IDX_0_Centra_l_Educational_Instituti,Centra l Educational Institutions (Reservation in Admission) Act,2007,5,General
IDX_0_Centra_l_Education_Institution,Centra l Education Institutions (Reservation in Teacher’s Cadre) Act,2019,10,General
IDX_0_Centra_l_Excise_Act,Centra l Excise Act,1944,1,Tax
IDX_0_Centra_l_Goods_and_Services_Ta,Centra l Goods and Services Tax Act,2017,12,Tax
IDX_0_Centra_l_Goods_and_Services_Ta,"Centra l Goods and Services Tax (Extension to Jammu and Kashmir)
Act",2017,26,Tax
IDX_0_Centra_l_Industrial_Security_F,Centra l Industrial Security Force (Amendment and Validation) Act,1999,40,Constitutional
IDX_0_Centra_l_Industrial_Security_F,Centra l Industrial Security Force Act,1968,50,General
IDX_0_Centra_l_Laws__Extension_to_Ar,Centra l Laws (Extension to Arunachal Pradesh) Act,1993,44,General
IDX_0_Centra_l_Laws__Extension_to_Ja,Centra l Laws (Extension to Jammu and Kashmir) Act,1968,25,General
IDX_0_Centra_l_Provinces_Court_of_Wa,Centra l Provinces Court of Wards Act,1899,24,General
IDX_0_Centra_l_Provinces_Financial_C,Centra l Provinces Financial Commissioner's Act,1908,13,General
IDX_0_Centra_l_Provinces_Land_revenu,Centra l Provinces Land-revenue Act,1881,18,General
IDX_0_Centra_l_Provinces_Tenancy_Act,Centra l Provinces Tenancy Act,1898,11,General
IDX_0_Centra_l_Road_Fund_Act,Centra l Road Fund Act,2000,54,General
IDX_0_Centra_l_Reserve_Police_Force_,Centra l Reserve Police Force Act,1949,66,General
IDX_0_Centra_l_Sales_Tax_Act,Centra l Sales Tax Act,1956,74,Tax
IDX_0_Centra_l_Sanskrit_Universities,Centra l Sanskrit Universities Act,2020,5,General
IDX_0_Centra_l_Silk_Board_Act,Centra l Silk Board Act,1948,61,General
IDX_0_Centra_l_Universities_Act,Centra l Universities Act,2009,25,General
IDX_0_Centra_l_Vigilance_Commission_,Centra l Vigilance Commission Act,2003,45,General
IDX_0_Cess_a_nd_Other_Taxes_on_Miner,Cess a nd Other Taxes on Minerals (Validation)Act,1992,16,Tax
IDX_0_Chand_igarh__Delegation_of_Pow,Chand igarh (Delegation of Powers) Act,1988,2,General
IDX_0_Chand_igarh_Disturbed_Areas_Ac,Chand igarh Disturbed Areas Act,1983,33,General
IDX_0_Chapa_rmukhSil_ghat_Railway_Li,"Chapa rmukhSil ghat Railway Line and the Katakhal Lalabazar Railway
Line (Nationalisation) Act",1982,36,General
IDX_0_Charit_able_Endowments_Act,Charit able Endowments Act,1890,6,General
IDX_0_Charit_able_and_Religious_Trus,Charit able and Religious Trusts Act,1920,14,General
IDX_0_Charte_red_Accountants_Act,Charte red Accountants Act,1949,38,General
IDX_0_Chief_Election_Commissioner_an,"Chief Election Commissioner and Other Election Commissioners
(Appointment, Conditions of Service and Term Of Office) Act",2023,49,General
IDX_0_Chemi_cal_Weapons_Convention_A,Chemi cal Weapons Convention Act,2000,34,General
IDX_0_Child_and_Adolescent_Labour__P,Child and Adolescent Labour (Prohibition and Regulation) Act,1986,61,General
IDX_0_Chit_F_unds_Act,Chit F unds Act,1982,40,General
IDX_0_Chotta_Nagpur_Encumbered_Estat,Chotta Nagpur Encumbered Estates Act,1876,6,General
IDX_0_Cigare_ttes_and_other_Tobacco_,"Cigare ttes and other Tobacco Products (Prohibition of Advertisement
and Regulation of Trade and Commerce, Products, Supply and
Distribution) Act",2003,34,Commercial
IDX_0_Cinem_atograph_Act,Cinem atograph Act,1952,37,General
IDX_0_Cine_W_orkers_and_Cinema_Theat,"Cine-W orkers and Cinema Theatre Workers (Regulation of
Employment) Act",1981,50,General
IDX_0_Cine_W_orkers_Welfare_Fund_Act,Cine-W orkers Welfare Fund Act,1981,33,General
IDX_0_Citizen_ship_Act,Citizen ship Act,1955,57,General
IDX_0_City_o_f_Bombay_Municipal__Sup,City o f Bombay Municipal (Supplementary) Act,1888,12,General
IDX_0_Civil_D_efence_Act,Civil D efence Act,1968,27,Civil Procedure
IDX_0_Civil_L_iability_for_Nuclear_d,Civil L iability for Nuclear damage Act,2010,38,Civil Procedure
IDX_0_Clinica_l_Establishment__Repre,Clinica l Establishment (Representation and Regulation) Act,2010,23,General
IDX_0_Co_op_erative_Societies_Act,Co-op erative Societies Act,1912,2,General
IDX_0_Coal_B_earing_Areas__Acquisiti,Coal B earing Areas (Acquisition and Development) Act,1957,20,General
IDX_0_Coal_I_ndia__Regulation_of_Tra,Coal I ndia (Regulation of Transfers and Validation) Act,2000,45,General
IDX_0_Coal_M_ines_Labour_Welfare_Fun,Coal M ines Labour Welfare Fund (Repeal) Act,1986,27,General
IDX_0_Coal_M_ines_Provident_Fund_and,Coal M ines Provident Fund and Miscellaneous Provisions Act,1948,46,General
IDX_0_Coal_M_ines__Special_Provision,Coal M ines (Special Provisions) Act,2015,11,General
IDX_0_Coasta_l_Aquaculture_Authority,Coasta l Aquaculture Authority Act,2005,24,General
IDX_0_Coast_Guard_Act,Coast Guard Act,1978,30,General
IDX_0_Coasti_ng_Vessels_Act,Coasti ng Vessels Act,1838,19,General
IDX_0_Cocon_ut_Development_Board_Act,Cocon ut Development Board Act,1979,5,General
IDX_0_Code_o_f_Civil_Procedure,Code o f Civil Procedure,1908,5,Civil Procedure
IDX_0_Code_o_n_Social_Security,Code o n Social Security,2020,36,General
IDX_0_Code_o_n_Wages_Act,Code o n Wages Act,2019,29,General
IDX_0_Unknown,Unknown,1942,7,General
IDX_0_Coinag_e_Act,Coinag e Act,2011,11,General
IDX_0_Coir_In_dustry_Act,Coir In dustry Act,1953,45,General
IDX_0_Collec_tion_of_Statistics_Act,Collec tion of Statistics Act,2009,7,General
IDX_0_Comm_ercial_Documents_Evidence,Comm ercial Documents Evidence Act,1939,30,General
IDX_0_Comm_ercial_Courts_Act,Comm ercial Courts Act,2016,4,General
IDX_0_Comm_issions_for_Protection_of,Comm issions for Protection of Child’s Rights Act,2006,4,General
IDX_0_Comm_issions_of_Inquiry_Act,Comm issions of Inquiry Act,1952,60,General
IDX_0_Comm_ission_of_Sati__Preventio,Comm ission of Sati (Prevention) Act,1988,3,General
IDX_0_Comm_ission_for_Air_Quality_Ma,"Comm ission for Air Quality Management in National Capital Region
and Adjoining Areas Act",2021,29,General
IDX_0_Compa_nies_Act,Compa nies Act,2013,18,General
IDX_0_Compa_nies__Donations_to_Natio,Compa nies (Donations to National Funds) Act,1951,54,General
IDX_0_Compa_nies__Profits_Surtax_Act,Compa nies (Profits)Surtax Act,1964,7,Tax
IDX_0_Compa_ny_Secretaries_Act,Compa ny Secretaries Act,1980,56,General
IDX_0_Compe_nsatory_Afforestation_Fu,Compe nsatory Afforestation Fund Act,2016,38,General
IDX_0_Compe_tition_Act,Compe tition Act,2003,12,General
IDX_0_Compt_roller_and_Auditor_Gener,"Compt roller and Auditor General's (Duties, Powers and Conditions of
Service) Act",1971,56,General
IDX_0_Conse_rvation_of_Foreign_Excha,"Conse rvation of Foreign Exchange and Prevention of Smuggling
Activities Act",1974,52,General
IDX_0_Consu_mer_Protection_Act,Consu mer Protection Act,2019,35,General
IDX_0_Contem_pt_of_Courts_Act,Contem pt of Courts Act,1971,70,General
IDX_0_Contin_gency_Fund_of_India_Act,Contin gency Fund of India Act,1950,49,General
IDX_0_Contra_ct_Labour__Regulation_a,Contra ct Labour (Regulation and Abolition) Act,1970,37,General
IDX_0_Contro_l_of_National_Highways_,Contro l of National Highways (Land and Traffic) Act,2003,13,General
IDX_0_Copyr_ight_Act,Copyr ight Act,1957,14,General
IDX_0_Cost_a_nd_Works_Accountants_Ac,Cost a nd Works Accountants Act,1959,23,General
IDX_0_Court__fees_Act,Court- fees Act,1870,7,General
IDX_0_Credit_Information_Companies__,Credit Information Companies (Regulation) Act,2005,30,General
IDX_0_Crimin_al_Procedure__Identific,Crimin al Procedure (Identification) Act,2022,11,Civil Procedure
IDX_0_Custom_s_Act,Custom s Act,1962,52,General
IDX_0_Custom_s_Tariff_Act,Custom s Tariff Act,1975,51,General
IDX_0_Cutchi_Memons_Act,Cutchi Memons Act,1938,10,General
IDX_0_Dadra_and_Nagar_Haveli_Act,Dadra and Nagar Haveli Act,1961,35,General
IDX_0_Dadra_and_Nagar_Haveli_and_Dam,"Dadra and Nagar Haveli and Daman and Diu (Merger of Union
Territories) Act",2019,44,General
IDX_0_Defen_ce_and_Internal_Security,Defen ce and Internal Security of India Act,1971,,General
IDX_0_Defen_ce_of_India_Act,Defen ce of India Act,1962,,General
IDX_0_Daksh_ina_Bharat_Hindi_Prachar,Daksh ina Bharat Hindi Prachar Sabha Act,1964,14,General
IDX_0_Dalmi_a_Dadri_Cement_Limited__,"Dalmi a Dadri Cement Limited (Acquisition and Transfer of
Undertakings) Act",1981,31,General
IDX_0_Dam_S_afety_Act,Dam S afety Act,2021,41,General
IDX_0_Damod_ar_Valley_Corporation_Ac,Damod ar Valley Corporation Act,1948,14,Commercial
IDX_0_Dehra_Dun_Act,Dehra Dun Act,1871,21,General
IDX_0_Dekkh_an_Agriculturists_Relief,Dekkh an Agriculturists Relief Act,1879,17,General
IDX_0_Delhi__Urban_Areas_Tenants__Re,Delhi (Urban Areas)Tenants' Relief Act,1961,30,General
IDX_0_Delhi_and_Ajmer_Merwara_Land_D,Delhi and Ajmer-Merwara Land Development Act,1948,66,General
IDX_0_Delhi_Apartment_Ownership_Act,Delhi Apartment Ownership Act,1986,58,General
IDX_0_Delhi_Development_Act,Delhi Development Act,1957,61,General
IDX_0_Delhi_High_Court_Act,Delhi High Court Act,1966,26,General
IDX_0_Delhi_Land_Holdings__Ceiling__,Delhi Land Holdings (Ceiling) Act,1960,24,General
IDX_0_Delhi_Lands__Restriction_on_Tr,Delhi Lands (Restriction on Transfer) Act,1972,30,General
IDX_0_Delhi_Laws__Special_Provisions,Delhi Laws (Special Provisions) Act,2006,,General
IDX_0_Delhi_Motor_Vehicles_Taxation_,Delhi Motor Vehicles Taxation Act,1962,57,Tax
IDX_0_Delhi_Municipal_Corporation_Ac,Delhi Municipal Corporation Act,1957,66,Commercial
IDX_0_Delhi_Police_Act,Delhi Police Act,1978,34,General
IDX_0_Delhi_Primary_Education_Act,Delhi Primary Education Act,1960,39,General
IDX_0_Delhi_Rent_Control_Act,Delhi Rent Control Act,1958,59,General
IDX_0_Delhi_Sales_Tax_Act,Delhi Sales Tax Act,1975,43,Tax
IDX_0_Delhi_School_Education_Act,Delhi School Education Act,1973,18,General
IDX_0_Delhi_Sikh_Gurdwaras_Act,Delhi Sikh Gurdwaras Act,1971,82,General
IDX_0_Delhi_Special_Police_Establish,Delhi Special Police Establishment Act,1946,25,General
IDX_0_Delhi_University_Act,Delhi University Act,1922,8,General
IDX_0_Delhi_Urban_Art_Commission_Act,Delhi Urban Art Commission Act,1974,1,General
IDX_0_Delim_itation_Act,Delim itation Act,2002,33,General
IDX_0_Delive_ry_of_Books_and_Newspap,Delive ry of Books and Newspapers (Public Libraries) Act,1954,27,General
IDX_0_Dentis_ts_Act,Dentis ts Act,1948,16,General
IDX_0_Deo_E_state_Act,Deo E state Act,1886,9,General
IDX_0_Depart_mental_Inquiries__Enfor,"Depart mental Inquiries (Enforcement of Attendance of Witnesses and
Production of Documents) Act",1972,18,General
IDX_0_Depart_mentalisation_of_Union_,Depart mentalisation of Union Accounts (Transfer of Personnel) Act,1976,59,General
IDX_0_Depos_it_Insurance_and_Credit_,Depos it Insurance and Credit Guarantee Corporation Act,1961,47,Commercial
IDX_0_Depos_itories_Act,Depos itories Act,1996,22,General
IDX_0_Design_s_Act,Design s Act,2000,16,General
IDX_0_Destru_ction_of_Records_Act,Destru ction of Records Act,1917,5,General
IDX_0_Destru_ctive_Insects_and_Pests,Destru ctive Insects and Pests Act,1914,2,General
IDX_0_Destru_ctive_Insects_and_Pests,Destru ctive Insects and Pests (Amendment and Validation) Act,1992,12,Constitutional
IDX_0_Diplom_atic_and_Consular_Offic,Diplom atic and Consular Officers (Oaths and Fees) Act,1948,41,General
IDX_0_Diplom_atic_and_Consular_Offic,"Diplom atic and Consular Officers (Oaths and Fees) (Extension to
Jammu and Kashmir) Act",1973,2,General
IDX_0_Diplom_atic_Relations__Vienna_,Diplom atic Relations (Vienna Convention) Act,1972,43,General
IDX_0_Direct_Tax_Vivadse_Vishwas_Act,Direct Tax Vivadse Vishwas Act,2020,3,Tax
IDX_0_Disast_er_Management_Act,Disast er Management Act,2005,53,General
IDX_0_Dissol_ution_of_Muslim_Marriag,Dissol ution of Muslim Marriages Act,1939,08,General
IDX_0_Distur_bed_Areas__Special_Cour,Distur bed Areas (Special Courts) Act,1976,77,General
IDX_0_Divorc_e_Act,Divorc e Act,1869,4,General
IDX_0_Dock_W_orkers__Regulation_of_E,Dock W orkers (Regulation of Employment) Act,1948,9,General
IDX_0_Dock_W_orkers__Regulation_of_E,"Dock W orkers (Regulation of Employment) (Inapplicability to Major
Ports) Act",1997,31,General
IDX_0_Dock_W_orkers__Safety__Health_,"Dock W orkers (Safety, Health and Welfare) Act",1986,54,General
IDX_0_Dowry_Prohibition_Act,Dowry Prohibition Act,1961,28,General
IDX_0_Dr__Ra_jendra_Prasad_Central_A,Dr. Ra jendra Prasad Central Agricultural University Act,2016,32,General
IDX_0_Drugs_and_Cosmetics_Act,Drugs and Cosmetics Act,1940,23,General
IDX_0_Drugs_and_Magic_Remedies__Obje,Drugs and Magic Remedies (Objectionable Advertisements) Act,1954,21,General
IDX_0_Durga_h_Khawaja_Saheb_Act,Durga h Khawaja Saheb Act,1955,36,General
IDX_0_E,E,1891,8,General
IDX_0_East_P_unjab_Urban_Rent_Restri,East-P unjab Urban Rent Restriction (Extension to Chandigarh) Act,1974,54,General
IDX_0_Econo_mic_Offences__Inapplicab,Econo mic Offences (Inapplicability of Limitation) Act,1974,12,Criminal
IDX_0_Electio_n_Laws__Extension_to_S,Electio n Laws (Extension to Sikkim) Act,1976,10,General
IDX_0_Electri_city_Act,Electri city Act,2003,36,General
IDX_0_Emble_ms_and_Names__Prevention,Emble ms and Names (Prevention of Improper Use) Act,1950,12,General
IDX_0_Emigr_ation_Act,Emigr ation Act,1983,31,General
IDX_0_Emplo_yees__Compensation_Act,Emplo yees' Compensation Act,1923,8,General
IDX_0_Emplo_yees__Provident_Funds_an,Emplo yees' Provident Funds and Miscellaneous Provisions Act,1952,19,General
IDX_0_Emplo_yees__State_Insurance_Ac,Emplo yees' State Insurance Act,1948,34,General
IDX_0_Emplo_yment_Exchanges__Compuls,Emplo yment Exchanges (Compulsory Notification of Vacancies) Act,1959,31,General
IDX_0_Emplo_yment_of_Manual_Scavenge,"Emplo yment of Manual Scavengers and Construction of Dry Latrines
(Prohibition) Act",1993,46,General
IDX_0_Enemy_Property_Act,Enemy Property Act,1968,34,General
IDX_0_Energy_Conservation_Act,Energy Conservation Act,2001,52,General
IDX_0_Englis_h_and_Foreign_Languages,Englis h and Foreign Languages University Act,2007,7,General
IDX_0_Emerg_ency_Risks__Goods__Insur,Emerg ency Risks (Goods) Insurance Act,1971,,General
IDX_0_Emerg_ency_Risks__Under_Taking,Emerg ency Risks (Under-Takings) Insurance Act,1971,,General
IDX_0_Enviro_nment__Protection__Act,Enviro nment (Protection) Act,1986,29,General
IDX_0_Epidem_ic_Diseases_Act,Epidem ic Diseases Act,1897,3,General
IDX_0_Equal_Remuneration_Act,Equal Remuneration Act,1976,25,General
IDX_0_Essent_ial_Commodities_Act,Essent ial Commodities Act,1955,10,General
IDX_0_The_Es_sential_Defence_Service,The Es sential Defence Services Act,2021,,General
IDX_0_Essent_ial_Service_Maintenance,Essent ial Service Maintenance Act,1968,,General
IDX_0_Essent_ial_Services__Maintenan,Essent ial Services (Maintenance) Act,1981,,General
IDX_0_Essent_ial_Services_Maintenanc,Essent ial Services Maintenance (Assam) Act,1980,41,General
IDX_0_Expen_diture_tax_Act,Expen diture-tax Act,1987,35,Tax
IDX_0_Explos_ive_Substances_Act,Explos ive Substances Act,1908,6,General
IDX_0_Explos_ives_Act,Explos ives Act,1884,4,General
IDX_0_Export__Import_Bank_of_India_A,Export -Import Bank of India Act,1981,28,General
IDX_0_Export__Quality_Control_and_In,Export (Quality Control and Inspection) Act,1963,22,General
IDX_0_Extend_ing_Certain_Act,Extend ing Certain Act,1852,14,General
IDX_0_Extrad_ition_Act,Extrad ition Act,1962,34,General
IDX_0_Factor_ies_Act,Factor ies Act,1948,63,General
IDX_0_Factor_ing_Act,Factor ing Act,2012,12,General
IDX_0_Family_Courts_Act,Family Courts Act,1984,66,General
IDX_0_Farida_bad_Development_Corpora,Farida bad Development Corporation Act,1956,90,Commercial
IDX_0_Farm_L_aws_Repeal_Act,Farm L aws Repeal Act,2021,40,General
IDX_0_Fatal_A_ccidents_Act,Fatal A ccidents Act,1855,13,General
IDX_0_Financ_e_Commission__Miscellan,Financ e Commission (Miscellaneous Provisions) Act,1951,33,General
IDX_0_Fiscal_Responsibility_and_Budg,Fiscal Responsibility and Budget Management Act,2003,39,General
IDX_0_Food_C_orporations_Act,Food C orporations Act,1964,37,General
IDX_0_Food_S_afety_and_Standards_Act,Food S afety and Standards Act,2006,34,General
IDX_0_Footw_ear_Design_and_Developme,Footw ear Design and Development Institute Act,2017,20,General
IDX_0_Foreig_n_Aircraft__Exemption_f,"Foreig n Aircraft (Exemption from Taxes and Duties on Fuel and
Lubricants) Act",2002,36,Tax
IDX_0_Foreig_n_Contribution__Regulat,Foreig n Contribution (Regulation)Act,2010,42,General
IDX_0_Foreig_n_Exchange_Management_A,Foreig n Exchange Management Act,1999,42,General
IDX_0_Foreig_n_Marriage_Act,Foreig n Marriage Act,1969,33,General
IDX_0_Foreig_n_Trade__Development_an,Foreig n Trade (Development and Regulation) Act,1992,22,Commercial
IDX_0_Foreig_ners_Act,Foreig ners Act,1946,31,General
IDX_0_Foreig_ners_Law__Application_a,Foreig ners Law (Application and Amendment) Act,1962,42,Constitutional
IDX_0_Forfeit_ed_Deposits_Act,Forfeit ed Deposits Act,1850,25,General
IDX_0_Forme_r_Secretary_of_State_Ser,Forme r Secretary of State Service Officers (Conditions of Service) Act,1972,59,General
IDX_0_Forwa_rd_Contracts__Regulation,Forwa rd Contracts (Regulation)Act,1952,74,General
IDX_0_Fugitiv_e_Economic_Offenders_A,Fugitiv e Economic Offenders Act,2018,17,General
IDX_0_Genera_l_Clauses_Act,Genera l Clauses Act,1897,10,General
IDX_0_Genera_l_Insurance_Business__N,Genera l Insurance Business (Nationalisation) Act,1972,57,General
IDX_0_Genev_a_Conventions_Act,Genev a Conventions Act,1960,6,General
IDX_0_Geogr_aphical_Indications_of_G,Geogr aphical Indications of Goods (Registration and Protection) Act,1999,48,General
IDX_0_Gift_T_ax_Act,Gift-T ax Act,1958,18,General
IDX_0_Goa__D_aman_and_Diu__Administr,"Goa, D aman and Diu (Administration)Act",1962,1,General
IDX_0_Goa__D_aman_and_Diu__Extension,"Goa, D aman and Diu (Extension of the Code of Civil Procedure and the
Arbitration Act) Act",1965,30,Civil Procedure
IDX_0_Goa__D_aman_and_Diu_Mining_Con,"Goa, D aman and Diu Mining Concession (Abolition and Declaration as
Mining Leases) Act",1987,16,General
IDX_0_Goa__D_aman_and_Diu_Reorganisa,"Goa, D aman and Diu Reorganisation Act",1987,18,General
IDX_0_Gold_B_onds__Immunities_and_Ex,Gold B onds (Immunities and Exemptions) Act,1993,25,General
IDX_0_Goods_and_Services_Tax__Compen,Goods and Services Tax (Compensation to States) Act,2017,15,Tax
IDX_0_Gover_nment_Buildings_Act,Gover nment Buildings Act,1899,4,General
IDX_0_Gover_nment_of_National_Capita,Gover nment of National Capital Territory of Delhi Act,1992,1,General
IDX_0_Gover_nment_of_Union_Territori,Gover nment of Union Territories Act,1963,20,General
IDX_0_Gover_nment_Savings_Banks_Act,Gover nment Savings Banks Act,1873,5,General
IDX_0_Gover_nment_Securities_Act,Gover nment Securities Act,2006,38,General
IDX_0_Gover_nors__Emoluments__Allowa,"Gover nors (Emoluments, Allowances and Privileges) Act",1982,43,General
IDX_0_Gram_Nyayalayas_Act,Gram Nyayalayas Act,2009,4,General
IDX_0_Guard_ians_and_Wards_Act,Guard ians and Wards Act,1890,8,General
IDX_0_Haj_Co_mmittee_Act,Haj Co mmittee Act,2002,35,General
IDX_0_Handlo_oms__Reservation_of_Art,Handlo oms (Reservation of Articles for Production) Act,1985,22,General
IDX_0_Haryan_a_and_Punjab_Agricultur,Haryan a and Punjab Agricultural Universities Act,1970,16,General
IDX_0_Haryan_a_and_Uttar_Pradesh__Al,Haryan a and Uttar Pradesh (Alteration of Boundaries) Act,1979,31,General
IDX_0_High_C_ourt_and_Bombay__Extens,"High C ourt and Bombay (Extension of Jurisdiction to Goa, Daman and
Diu) Act",1981,26,General
IDX_0_High_C_ourt_at_Patna__Establis,"High C ourt at Patna (Establishment of a Permanent Ben chat Ranchi)
Act",1976,57,General
IDX_0_High_C_ourt_Judges__Conditions,High C ourt Judges (Conditions of Service) Act,1954,28,General
IDX_0_High_C_ourts__Seals__Act,High C ourts (Seals) Act,1950,7,General
IDX_0_Himac_hal_Pradesh_and_Bilaspur,Himac hal Pradesh and Bilaspur (New State) Act,1954,32,General
IDX_0_Hind_C_ycles_Limited_and_Sen_R,Hind C ycles Limited and Sen-Raleigh Limited (Nationalisation) Act,1980,70,General
IDX_0_Hindi_Sahitya_Sammelan_Act,Hindi Sahitya Sammelan Act,1962,13,General
IDX_0_Hindu_Adoptions_and_Maintenanc,Hindu Adoptions and Maintenance Act,1956,78,General
IDX_0_Hindu_Disposition_of_Property_,Hindu Disposition of Property Act,1916,15,General
IDX_0_Hindu_Gains_of_Learning_Act,Hindu Gains of Learning Act,1930,30,General
IDX_0_Hindu_Marriage_Act,Hindu Marriage Act,1955,25,General
IDX_0_Hindu_Minority_and_Guardianshi,Hindu Minority and Guardianship Act,1956,32,General
IDX_0_Hindu_Succession_Act,Hindu Succession Act,1956,30,General
IDX_0_Hoogh_ly_Docking_and_Engineeri,"Hoogh ly Docking and Engineering Company Limited (Acquisition and
Transfer of Undertakings) Act",1984,55,Commercial
IDX_0_Hotel__Receipts_Tax_Act,Hotel- Receipts Tax Act,1980,54,Tax
IDX_0_Human_Immunodeficiency_Virus_a,"Human Immunodeficiency Virus and Acquired Immune Deficiency
Syndrome (Prevention and Control) Act",2017,16,General
IDX_0_1Illega_l_Migrants__Determinat,1Illega l Migrants (Determination by Tribunals) Act,1983,39,General
IDX_0_Immig_ration__Carriers__Liabil,Immig ration (Carriers’ Liability) Act,2000,52,General
IDX_0_Immig_rants__Expulsion_from_As,Immig rants (Expulsion from Assam) Act,1950,10,General
IDX_0_Immor_al_Traffic__Prevention__,Immor al Traffic (Prevention) Act,1956,104,General
IDX_0_Improv_ements_in_Towns,Improv ements in Towns,1850,26,General
IDX_0_Inchek_Tyres_Limited_and_Natio,"Inchek Tyres Limited and National Rubber Manufacturers Limited
(Nationalisation) Act",1984,17,General
IDX_0_Incom_e_tax_Act,Incom e-tax Act,1961,43,Tax
IDX_0_Indece_nt_Representation_of_Wo,Indece nt Representation of Women (Prohibition) Act,1986,60,General
IDX_0_India_I_nternational_Arbitrati,India I nternational Arbitration Centre Act,2019,17,Civil Procedure
IDX_0_Indian_Antarctic_Act,Indian Antarctic Act,2022,13,General
IDX_0_Indian_Bills_of_Lading_Act,Indian Bills of Lading Act,1856,9,General
IDX_0_Indian_Carriage_of_Goods_by_Se,Indian Carriage of Goods by Sea Act,1925,26,General
IDX_0_Indian_Christian_Marriage_Act,Indian Christian Marriage Act,1872,15,General
IDX_0_Indian_Council_of_World_Affair,Indian Council of World Affairs Act,2001,29,General
IDX_0_Indian_Contract_Act,Indian Contract Act,1872,9,General
IDX_0_Indian_Easements_Act,Indian Easements Act,1882,5,General
IDX_0_Indian_Forest_Act,Indian Forest Act,1927,16,General
IDX_0_Indian_Institutes_of_Informati,Indian Institutes of Information Technology Act,2014,30,General
IDX_0_Indian_Institutes_of_Informati,"Indian Institutes of Information Technology (Public-Private
Partnership) Act",2017,23,General
IDX_0_Indian_Institute_of_Management,Indian Institute of Management Act,2017,33,General
IDX_0_Indian_Institute_of_Petroleum_,Indian Institute of Petroleum and Energy Act,2018,3,General
IDX_0_Indian_Maritime_University_Act,Indian Maritime University Act,2008,22,General
IDX_0_Indian_Museum_Act,Indian Museum Act,1910,10,General
IDX_0_Indian_Naval_Armament_Act,Indian Naval Armament Act,1923,7,General
IDX_0_Indian_Nursing_Council_Act,Indian Nursing Council Act,1947,48,General
IDX_0_Indian_Partnership_Act,Indian Partnership Act,1932,9,General
IDX_0_Indian_Ports_Act,Indian Ports Act,1908,15,General
IDX_0_Indian_Railway_Board_Act,Indian Railway Board Act,1905,4,General
IDX_0_Indian_Red_Cross_Society_Act,Indian Red Cross Society Act,1920,15,General
IDX_0_Indian_Reserve_Forces_Act,Indian Reserve Forces Act,1888,4,General
IDX_0_Indian_Soldiers__Litigation__A,Indian Soldiers (Litigation) Act,1925,4,General
IDX_0_Indian_Stamp_Act,Indian Stamp Act,1899,2,General
IDX_0_Indian_Statistical_Institute_A,Indian Statistical Institute Act,1959,57,General
IDX_0_Indian_Succession_Act,Indian Succession Act,1925,39,General
IDX_0_Indian_Tolls_Act,Indian Tolls Act,1851,8,General
IDX_0_Indian_Tolls_Act,Indian Tolls Act,1864,15,General
IDX_0_Indian_Tolls__Army_and_Air_For,Indian Tolls (Army and Air Force) Act,1901,2,General
IDX_0_Indian_Tramways_Act,Indian Tramways Act,1886,11,General
IDX_0_Indian_Treasure_trove_Act,Indian Treasure-trove Act,1878,6,General
IDX_0_Indian_Trusts_Act,Indian Trusts Act,1882,2,General
IDX_0_Indian_Veterinary_Council_Act,Indian Veterinary Council Act,1984,52,General
IDX_0_Indira_Gandhi_National_Open_Un,Indira Gandhi National Open University Act,1985,50,General
IDX_0_Indira_Gandhi_National_Tribal_,Indira Gandhi National Tribal University Act,2007,52,General
IDX_0_Indo_T_ibetan_Border_Police_Fo,Indo-T ibetan Border Police Force Act,1992,35,General
IDX_0_Indust_rial_Development_Bank__,"Indust rial Development Bank (Transfer of Undertaking and Repeal)
Act",2003,53,General
IDX_0_Indust_rial_Disputes_Act,Indust rial Disputes Act,1947,14,General
IDX_0_Indust_rial_Disputes__Banking_,Indust rial Disputes (Banking and Insurance Companies) Act,1949,54,General
IDX_0_Indust_rial_Employment__Standi,Indust rial Employment (Standing Orders) Act,1946,20,General
IDX_0_Indust_rial_Finance_Corporatio,"Indust rial Finance Corporation (Transfer of Undertaking and Repeal)
Act",1993,23,Commercial
IDX_0_Indust_rial_Reconstruction_Ban,"Indust rial Reconstruction Bank (Transfer of Undertaking and Repeal)
Act",1997,7,General
IDX_0_Indust_ries__Development_and_R,Indust ries (Development and Regulation) Act,1951,65,General
IDX_0_Infant_Milk_Substitutes__Feedi,"Infant Milk Substitutes, Feeding Bottles and Infant Foods
(Regulation of Production, Supply and Distribution) Act",1992,41,General
IDX_0_Inflam_mable_Substances_Act,Inflam mable Substances Act,1952,20,General
IDX_0_Inform_ation_Technology_Act,Inform ation Technology Act,2000,21,General
IDX_0_Inherit_ance_Act,Inherit ance Act,1839,,General
IDX_0_Inland_Waterways_Authority_of_,Inland Waterways Authority of India Act,1985,82,General
IDX_0_Inland_Vessels_Act,Inland Vessels Act,2021,24,General
IDX_0_Insect_icides_Act,Insect icides Act,1968,46,General
IDX_0_Insolv_ency_and_Bankruptcy_Cod,Insolv ency and Bankruptcy Code,2016,31,General
IDX_0_Institu_te_of_Teaching_and_Res,Institu te of Teaching and Research in Ayurveda Act,2020,16,General
IDX_0_Institu_tes_of_Technology_Act,Institu tes of Technology Act,1961,59,General
IDX_0_Insura_nce_Act,Insura nce Act,1938,4,General
IDX_0_Insura_nce_Regulatory_and_Deve,Insura nce Regulatory and Development Authority Act,1999,41,General
IDX_0_Integr_ated_Goods_and_Services,Integr ated Goods and Services Tax Act,2017,13,Tax
IDX_0_Integr_ated_Goods_and_Services,"Integr ated Goods and Services Tax (Extension to Jammu and
Kashmir) Act",2017,27,Tax
IDX_0_Intelli_gence_Organisations__R,Intelli gence Organisations (Restriction on Rights) Act,1985,58,General
IDX_0_Interes_t_Act,Interes t Act,1978,14,General
IDX_0_Interes_t_tax_Act,Interes t-tax Act,1974,45,Tax
IDX_0_Intern_ational_Development_Ass,"Intern ational Development Association (Status, Immunities and
Privileges) Act",1960,32,General
IDX_0_Intern_ational_Finance_Corpora,"Intern ational Finance Corporation (Status, Immunities and Privileges)
Act",1958,42,Commercial
IDX_0_Intern_ational_Financial_Servi,Intern ational Financial Services Centres Authority Act,2019,50,General
IDX_0_Intern_ational_Monetary_Fund_a,Intern ational Monetary Fund and Bank Act,1945,47,General
IDX_0_Inter_S_ervice_Organisations__,"Inter-S ervice Organisations (Command, Control and Discipline) Act",2023,28,General
IDX_0_Inter_S_tate_Corporation_Act,Inter-S tate Corporation Act,1957,38,Commercial
IDX_0_Inter_S_tate_Migrant_Workmen__,"Inter-S tate Migrant Workmen (Regulation of Employment and
Conditions of Service) Act",1979,30,General
IDX_0_Inter_S_tate_River_Water_Dispu,Inter-S tate River Water Disputes Act,1956,33,General
IDX_0_Jallian_wala_Bagh_National_Mem,Jallian wala Bagh National Memorial Act,1951,25,General
IDX_0_Jamia_Millia_Islamia_Act,Jamia Millia Islamia Act,1988,58,General
IDX_0_Jamm_u_and_Kashmir__Extension_,Jamm u and Kashmir (Extension of Laws) Act,1956,62,General
IDX_0_Jamm_u_and_Kashmir_Official_La,Jamm u and Kashmir Official Languages Act,2020,23,General
IDX_0_Jamm_u_and_Kashmir_Reorganisat,Jamm u and Kashmir Reorganisation Act,2019,34,General
IDX_0_Jamm_u_and_Kashmir_Representat,Jamm u and Kashmir Representation of the People Supplementary) Act,1968,3,General
IDX_0_Jawah_arlal_Institute_of_Post_,"Jawah arlal Institute of Post-Graduate Medical Education and Research,
Pondicherry Act",2008,19,General
IDX_0_Jawah_arlal_Nehru_University_A,Jawah arlal Nehru University Act,1966,53,General
IDX_0_Judges__Inquiry__Act,Judges (Inquiry) Act,1968,51,General
IDX_0_Judges__Protection__Act,Judges (Protection) Act,1985,59,General
IDX_0_Jute_C_ompanies__Nationalisati,Jute C ompanies (Nationalisation) Act,1980,62,General
IDX_0_Jute_Pa_ckaging_Materials__Com,Jute Pa ckaging Materials (Compulsory Use in Packing Commodities) Act,1987,10,General
IDX_0_Juveni_le_Justice__Care_and_Pr,Juveni le Justice (Care and Protection of Children) Act,2016,2,General
IDX_0_Kala_k_shetra_Foundation_Act,Kala k shetra Foundation Act,1994,6,General
IDX_0_Unknown,Unknown,1880,12,General
IDX_0_Khaddar__Protection_of_Name__A,Khaddar (Protection of Name) Act,1950,78,General
IDX_0_Khadi_and_Village_Industries_C,Khadi and Village Industries Commission Act,1956,61,General
IDX_0_Khuda_Bakhsh_Oriental_Public_L,Khuda Bakhsh Oriental Public Library Act,1969,43,General
IDX_0_King_o_f_Oudh_s_Estate_Act,King o f Oudh's Estate Act,1887,19,General
IDX_0_King_o_f_Oudh_s_Estate_Act,King o f Oudh's Estate Act,1888,14,General
IDX_0_King_o_f_Oudh_s_Estate_Validat,King o f Oudh's Estate Validation Act,1917,12,General
IDX_0_Labou_r_Laws__Exemption_from_F,"Labou r Laws (Exemption from Furnishing Returns and Maintaining
Registers by Certain Establishments) Act",1988,51,General
IDX_0_Lady_H_ardinge_Medical_College,"Lady H ardinge Medical College and Hospital (Acquisition and
Miscellaneous Provisions) Act",1977,34,General
IDX_0_Lalitk_ala_Akademi__Taking_Ove,Lalitk ala Akademi (Taking Over of Management) Act,1997,17,General
IDX_0_Land_A_cquisition__Amendment_a,Land A cquisition (Amendment and Validation) Act,1967,13,Constitutional
IDX_0_Land_I_mprovement_Loans_Act,Land I mprovement Loans Act,1883,19,General
IDX_0_Land_P_ort_Authority_of_India_,Land P ort Authority of India Act,2010,31,General
IDX_0_Laws_Local_Extent_Act,Laws Local Extent Act,1874,15,General
IDX_0_Leade_rs_of_Chief_Whips_of_Rec,"Leade rs of Chief Whips of Recognised Parties and Groups in
Parliament (Facilities) Act",1999,5,General
IDX_0_Legal_Metrology_Act,Legal Metrology Act,2010,1,General
IDX_0_Legal_Practitioners_Act,Legal Practitioners Act,1879,18,General
IDX_0_Legal_Representatives__Suits_A,Legal Representatives' Suits Act,1855,12,General
IDX_0_Legal_Services_Authorities_Act,Legal Services Authorities Act,1987,39,General
IDX_0_Legal_Tender__Inscribed_Notes_,Legal Tender (Inscribed Notes) Act,1964,28,General
IDX_0_Legisl_ative_Assembly_of_Nagal,Legisl ative Assembly of Nagal and (Change in Representation) Act,1968,61,General
IDX_0_Levy_S_ugar_Price_Equalisation,Levy S ugar Price Equalisation Fund Act,1976,31,General
IDX_0_Life_In_surance_Corporation_Ac,Life In surance Corporation Act,1956,31,Commercial
IDX_0_Life_In_surance_Corporation__M,Life In surance Corporation (Modification of Settlement) Act,1976,72,Commercial
IDX_0_Limita_tion_Act,Limita tion Act,1963,36,General
IDX_0_Limite_d_Liability_Partnership,Limite d Liability Partnership Act,2009,6,General
IDX_0_Live_s_tock_Importation_Act,Live-s tock Importation Act,1898,9,General
IDX_0_Local_Authorities_Loans_Act,Local Authorities Loans Act,1914,9,General
IDX_0_Lokpa_l_and_Lokaayuktas_Act,Lokpa l and Lokaayuktas Act,2014,1,General
IDX_0_Lok_S_ahayak_Sena_Act,Lok S ahayak Sena Act,1956,53,General
IDX_0_Lotter_ies__Regulation__Act,Lotter ies (Regulation) Act,1998,17,General
IDX_0_Lusha_i_Hills_District__Change,Lusha i Hills District (Change of Name) Act,1954,18,General
IDX_0_Madhy_a_Pradesh_Reorganisation,Madhy a Pradesh Reorganisation Act,2000,28,General
IDX_0_Media_tion_Act,Media tion Act,2023,32,General
IDX_0_Madra_s__Bengal_and_Bombay_Chi,"Madra s, Bengal and Bombay Children (Supplementary) Act",1925,35,General
IDX_0_Madra_s_City_Civil_Court_Act,Madra s City Civil Court Act,1892,7,Civil Procedure
IDX_0_Madra_s_City_Land_Revenue_Act,Madra s City Land Revenue Act,1851,12,General
IDX_0_Madra_s_Civil_Courts_Act,Madra s Civil Courts Act,1873,3,Civil Procedure
IDX_0_Madra_s_District_Police_Act,Madra s District Police Act,1859,24,General
IDX_0_Madra_s_Rent_and_Revenue_Sales,Madra s Rent and Revenue Sales Act,1839,7,General
IDX_0_Madra_s_Revenue_Commissioner_A,Madra s Revenue Commissioner Act,1849,10,General
IDX_0_Mahat_ma_Gandhi_Antarashtriya_,Mahat ma Gandhi Antarashtriya Hindi Vishwavidyalaya Act,1997,3,General
IDX_0_Mahat_ma_Gandhi_National_Rural,Mahat ma Gandhi National Rural Employment Guarantee Act,2005,42,General
IDX_0_Maint_enance_and_Welfare_of_Pa,Maint enance and Welfare of Parents and Senior Citizens Act,2007,56,General
IDX_0_Maint_enance_Orders_Enforcemen,Maint enance Orders Enforcement Act,1921,18,General
IDX_0_Major_ity_Act,Major ity Act,1875,9,General
IDX_0_Major_Port_Authorities_Act,Major Port Authorities Act,2021,1,General
IDX_0_Mangr_ol_and_Manavadar__Admini,Mangr ol and Manavadar (Administration of Property) Act,1949,2,General
IDX_0_Manip_ur__Courts_Act,Manip ur (Courts)Act,1955,56,General
IDX_0_Manip_ur__Hill_Areas_District_,Manip ur (Hill Areas District Council) Act,1971,76,General
IDX_0_Manip_ur_Land_Revenue_and_Land,Manip ur Land Revenue and Land Reforms Act,1960,33,General
IDX_0_Manip_ur_Municipalities_Act,Manip ur Municipalities Act,1994,43,General
IDX_0_Manip_ur_Panchayati_Raj_Act,Manip ur Panchayati Raj Act,1994,26,General
IDX_0_Manip_ur__Sales_of_Motor_Spiri,Manip ur (Sales of Motor Spirit and Lubricants) Taxation Act,1962,55,Tax
IDX_0_Manip_ur_University_Act,Manip ur University Act,2005,54,General
IDX_0_Manip_ur__Village_Authorities_,Manip ur (Village Authorities in Hill Areas) Act,1956,80,General
IDX_0_Manoe_uvres__Field_Firing_and_,"Manoe uvres, Field Firing and Artillery Practice Act",1938,5,General
IDX_0_Marin_e_Aids_to_Navigation_Act,Marin e Aids to Navigation Act,2021,20,General
IDX_0_Marin_e_Insurance_Act,Marin e Insurance Act,1963,11,General
IDX_0_Marin_e_Products_Export_Develo,Marin e Products Export Development Authority Act,1972,13,General
IDX_0_Mariti_me_Anti_Piracy_Act,Mariti me Anti-Piracy Act,2022,3,General
IDX_0_Maritim_e_Zones_of_India__Regu,Maritim e Zones of India (Regulation of Fishing by Foreign Vessels) Act,1981,42,General
IDX_0_Marki_ng_of_Heavy_Packages_Act,Marki ng of Heavy Packages Act,1951,39,General
IDX_0_Marrie_d_Women_s_Property_Act,Marrie d Women's Property Act,1874,3,General
IDX_0_Mater_nity_Benefit_Act,Mater nity Benefit Act,1961,53,General
IDX_0_Maula_na_Azad_National_Urdu_Un,Maula na Azad National Urdu University Act,1997,2,General
IDX_0_Medic_al_Termination_of_Pregna,Medic al Termination of Pregnancy Act,1971,34,General
IDX_0_Menta_l_Healthcare_Act,Menta l Healthcare Act,2017,10,General
IDX_0_Merch_ant_Shipping_Act,Merch ant Shipping Act,1958,44,General
IDX_0_Metro_Railway__Operation_and_M,Metro Railway (Operation and Maintenance) Act,2002,60,General
IDX_0_Metro_Railways__Construction_o,Metro Railways (Construction of Works) Act,1978,33,General
IDX_0_Micro_Small_and_Medium_Enterpr,Micro Small and Medium Enterprises Development Act,2006,27,General
IDX_0_Unknown,Unknown,1952,35,General
IDX_0_Mines_and_Minerals__Regulation,Mines and Minerals (Regulation and Development) Act,1957,67,General
IDX_0_Minim_um_Wages_Act,Minim um Wages Act,1948,11,General
IDX_0_Mizor_am_University_Act,Mizor am University Act,2000,8,General
IDX_0_Moors_hedabad_Act,Moors hedabad Act,1891,15,General
IDX_0_Motor_Transport_Workers_Act,Motor Transport Workers Act,1961,27,General
IDX_0_Motor_Vehicles_Act,Motor Vehicles Act,1988,59,General
IDX_0_Multim_odal_Transportation_of_,Multim odal Transportation of Goods Act,1993,28,General
IDX_0_Multi__State_Co_operative_Soci,Multi- State Co-operative Societies Act,2002,39,General
IDX_0_Mursh_idabad_Estate_Administra,Mursh idabad Estate Administration Act,1933,23,General
IDX_0_Muslim_Personal_Law__Shariat__,Muslim Personal Law (Shariat) Application Act,1937,26,General
IDX_0_Muslim_Women__Protection_of_Ri,Muslim Women (Protection of Rights on Marriage) Act,2019,20,General
IDX_0_Muslim_Women__Protection_of_Ri,Muslim Women (Protection of Rights on Divorce) Act,1986,25,General
IDX_0_Mussa_lman_Waqf__Repeal__Act,Mussa lman Waqf (Repeal) Act,2025,15,General
IDX_0_Naga_H_ills_Tuensang_Area_Act,Naga H ills-Tuensang Area Act,1957,42,General
IDX_0_Nagal_and_University_Act,Nagal and University Act,1989,35,General
IDX_0_Nalan_da_University_Act,Nalan da University Act,2010,39,General
IDX_0_1Narco_tic_Drugs_and_Psychotro,1Narco tic Drugs and Psychotropic Substances Act,1985,61,General
IDX_0_Nation_al_Bank_for_Agriculture,Nation al Bank for Agriculture and Rural Development Act,1981,61,General
IDX_0_Nation_al_Bank_For_Financing_I,Nation al Bank For Financing Infrastructure And Development Act,2021,17,General
IDX_0_Nation_al_Cadet_Corps_Act,Nation al Cadet Corps Act,1948,31,General
IDX_0_Nation_al_Capital_Region_Plann,Nation al Capital Region Planning Board Act,1985,2,General
IDX_0_Nation_al_Capital_Territory_of,Nation al Capital Territory of Delhi Laws (Special Provisions) Act,2007,,General
IDX_0_Nation_al_Capital_Territory_of,Nation al Capital Territory of Delhi Laws (Special Provisions) Act,2009,,General
IDX_0_Nation_al_Capital_Territory_of,Nation al Capital Territory of Delhi Laws (Special Provisions) Act,2011,,General
IDX_0_Nation_al_Capital_Territory_of,Nation al Capital Territory of Delhi Laws (Special Provisions) Second Act,2009,,General
IDX_0_Nation_al_Capital_Territory_of,Nation al Capital Territory of Delhi Laws (Special Provisions) Second Act,2011,20,General
IDX_0_Nation_al_Capital_Territory_of,"Nation al Capital Territory of Delhi (Recognition of Property Rights of
Residents in Unauthorised Colonies) Act",2019,45,General
IDX_0_Nation_al_Commission_For_Allie,Nation al Commission For Allied And Health care Professions Act,2021,14,General
IDX_0_Nation_al_Commission_for_Homoe,Nation al Commission for Homoeopathy Act,2020,15,General
IDX_0_Nation_al_Commission_for_India,Nation al Commission for Indian System of Medicine Act,2020,14,General
IDX_0_Nation_al_Commission_for_Minor,Nation al Commission for Minorities Act,1992,19,General
IDX_0_Nation_al_Commission_for_Minor,Nation al Commission for Minority Educational Institutions Act,2005,2,General
IDX_0_Nation_al_Commission_for_Safai,Nation al Commission for Safai Karamcharis Act,1993,64,General
IDX_0_Nation_al_Commission_for_Women,Nation al Commission for Women Act,1990,20,General
IDX_0_Nation_al_Commission_for_Backw,Nation al Commission for Backward Classes (Repeal) Act,2018,24,General
IDX_0_Nation_al_Company__Acquisition,Nation al Company (Acquisition and Transfer of Undertakings) Act,1980,42,Commercial
IDX_0_Nation_al_Co_operative_Develop,Nation al Co-operative Development Corporation Act,1962,26,Commercial
IDX_0_Nation_al_Council_for_Teacher_,Nation al Council for Teacher Education Act,1993,73,General
IDX_0_Nation_al_Dairy_Development_Bo,Nation al Dairy Development Board Act,1987,37,General
IDX_0_Nation_al_Dental_Commission_Ac,Nation al Dental Commission Act,2023,21,General
IDX_0_Nation_al_Food_Security_Act,Nation al Food Security Act,2013,20,General
IDX_0_Nation_al_Forensic_Sciences_Un,Nation al Forensic Sciences University Act,2020,32,General
IDX_0_Nation_al_Green_Tribunal_Act,Nation al Green Tribunal Act,2010,19,General
IDX_0_Nation_al_Highways_Act,Nation al Highways Act,1956,48,General
IDX_0_Nation_al_Highways_Authority_o,Nation al Highways Authority of India Act,1988,68,General
IDX_0_Nation_al_Housing_Bank_Act,Nation al Housing Bank Act,1987,53,General
IDX_0_Nation_al_Institute_of_Design_,Nation al Institute of Design Act,2014,18,General
IDX_0_Nation_al_Institute_of_Fashion,Nation al Institute of Fashion Technology Act,2006,28,General
IDX_0_Nation_al_Institute_of_Food_Te,"Nation al Institute of Food Technology, Entrepreneurship and
Management Act",2021,19,General
IDX_0_Nation_al_Institute_of_Mental_,"Nation al Institute of Mental Health and Neuro-Sciences, Bangalore Act",2012,38,General
IDX_0_Nation_al_Institute_of_Pharmac,Nation al Institute of Pharmaceutical Education and Research Act,1998,13,General
IDX_0_Nation_al_Institute_of_Technol,Nation al Institute of Technology Act,2007,29,General
IDX_0_Nation_al_Investigation_Agency,Nation al Investigation Agency Act,2008,34,General
IDX_0_1Nation_al_Judicial_Appointmen,1Nation al Judicial Appointments Commission Act,2014,40,General
IDX_0_Nation_al_Jute_Board_Act,Nation al Jute Board Act,2009,12,General
IDX_0_Nation_al_Medical_Commission_A,Nation al Medical Commission Act,2019,30,General
IDX_0_Nation_al_Nursing_and_Midwifer,Nation al Nursing and Midwifery Commission Act,2023,26,General
IDX_0_Nation_al_Rural_Employment_Gua,"Nation al Rural Employment Guarantee (Extension to Jammu and
Kashmir) Act",2007,23,General
IDX_0_Nation_al_Security_Act,Nation al Security Act,1980,65,General
IDX_0_Nation_al_Security_Guard_Act,Nation al Security Guard Act,1986,47,General
IDX_0_Nation_al_Service_Act,Nation al Service Act,1972,28,General
IDX_0_Nation_al_Sports_University_Ac,Nation al Sports University Act,2018,25,General
IDX_0_2Natio_nal_Tax_Tribunal_Act,2Natio nal Tax Tribunal Act,2005,49,Tax
IDX_0_Nation_al_Trust_for_Welfare_of,"Nation al Trust for Welfare of Persons with Autism, Cerebral Palsy,
Mental Retardation and Multiple Disabilities Act",1999,44,General
IDX_0_Nation_al_Water_way_Act,Nation al Water way Act,2016,17,General
IDX_0_Naval_and_Aircraft_Prize_Act,Naval and Aircraft Prize Act,1971,59,General
IDX_0_Unknown,Unknown,1957,62,General
IDX_0_Negoti_able_Instruments_Act,Negoti able Instruments Act,1881,26,General
IDX_0_New_D_elhi_Municipal_Council_A,New D elhi Municipal Council Act,1994,44,General
IDX_0_Newsp_apers__Price_Control__Ac,Newsp apers (Price Control) Act,1972,,General
IDX_0_North__Eastern_Area__Reorganis,North- Eastern Area (Reorganisation) Act,1971,81,General
IDX_0_North__Eastern_Council_Act,North- Eastern Council Act,1971,84,General
IDX_0_North__Eastern_Hill_University,North- Eastern Hill University Act,1973,24,General
IDX_0_Northe_rn_India_Canal_and_Drai,Northe rn India Canal and Drainage Act,1873,8,General
IDX_0_Northe_rn_India_Ferries_Act,Northe rn India Ferries Act,1878,17,General
IDX_0_Notari_es_Act,Notari es Act,1952,53,General
IDX_0_North__Western_Provinces_and_O,North- Western Provinces and Oudh Act,1890,20,General
IDX_0_O,O,1969,44,General
IDX_0_Officia_l_Languages_Act,Officia l Languages Act,1963,19,General
IDX_0_Offici_al_Secrets_Act,Offici al Secrets Act,1923,19,General
IDX_0_Offici_al_Trustees_Act,Offici al Trustees Act,1913,2,General
IDX_0_Offsho_re_Areas_Minerals__Deve,Offsho re Areas Minerals (Development and Regulation) Act,2003,17,General
IDX_0_Oil_an_d_Natural_Gas_Commissio,"Oil an d Natural Gas Commission (Transfer of Undertaking and Repeal)
Act",1993,65,General
IDX_0_Oil_Fie_lds__Regulation_and_De,Oil Fie lds (Regulation and Development) Act,1948,53,General
IDX_0_OilI_in_dustry__Development_Ac,OilI in dustry (Development)Act,1974,47,General
IDX_0_Orissa__Alteration_of_Name__Ac,Orissa (Alteration of Name) Act,2011,15,General
IDX_0_Orissa_Weights_and_Measures__D,Orissa Weights and Measures (Delhi Repeal) Act,1958,57,General
IDX_0_Orpha_nages_and_Other_Charitab,"Orpha nages and Other Charitable Homes (Supervision and Control)
Act",1960,10,General
IDX_0_Oudh_Estates_Act,Oudh Estates Act,1869,1,General
IDX_0_Oudh_Laws_Act,Oudh Laws Act,1876,18,General
IDX_0_Oudh_Taluqdars__Relief_Act,Oudh Taluqdars' Relief Act,1870,24,General
IDX_0_Parliam_ent__Prevention_of_Dis,Parliam ent (Prevention of Disqualification) Act,1959,10,General
IDX_0_Parliam_entary_Proceedings__Pr,Parliam entary Proceedings (Protection of Publication) Act,1977,15,General
IDX_0_Parel_I_nvestments_and_Trading,"Parel I nvestments and Trading Private Limited and Domestic Gas
Private Limited (Taking over of Management) Repeal Act",2005,14,General
IDX_0_Parsi_M_arriage_and_Divorce_Ac,Parsi M arriage and Divorce Act,1936,3,General
IDX_0_Partiti_on_Act,Partiti on Act,1893,4,General
IDX_0_Partiti_on_of_Revenue_paying_E,Partiti on of Revenue-paying Estates Act,1863,19,General
IDX_0_Passpo_rt__Entry_in_to_India__,Passpo rt (Entry in to India) Act,1920,34,General
IDX_0_Passpo_rts_Act,Passpo rts Act,1967,15,General
IDX_0_Patent_s_Act,Patent s Act,1970,39,General
IDX_0_Payme_nt_and_Settlement_System,Payme nt and Settlement Systems Act,2007,51,General
IDX_0_Payme_nt_of_Bonus_Act,Payme nt of Bonus Act,1965,21,General
IDX_0_Payme_nt_of_Gratuity_Act,Payme nt of Gratuity Act,1972,39,General
IDX_0_Payme_nt_of_Wages_Act,Payme nt of Wages Act,1936,4,General
IDX_0_Pensio_ns_Act,Pensio ns Act,1871,23,General
IDX_0_Pensio_ns_Fund_Regulatory_and_,Pensio ns Fund Regulatory and Development Authority Act,2013,23,General
IDX_0_Petrol_eum_Act,Petrol eum Act,1934,30,General
IDX_0_Petrol_eum_and_Minerals_Pipeli,"Petrol eum and Minerals Pipelines (Acquisition of Right of User in
Land) Act",1962,50,General
IDX_0_Petrol_eum_and_Natural_Gas_Reg,Petrol eum and Natural Gas Regulatory Board Act,2006,19,General
IDX_0_Pharm_acy_Act,Pharm acy Act,1948,8,General
IDX_0_Places_of_Worship__Special_Pro,Places of Worship (Special Provisions) Act,1991,42,General
IDX_0_Planta_tions_Labour_Act,Planta tions Labour Act,1951,69,General
IDX_0_Poison_s_Act,Poison s Act,1919,12,General
IDX_0_Unknown,Unknown,1861,5,General
IDX_0_Unknown,Unknown,1949,64,General
IDX_0_Police____Agra_Act,"Police , (Agra)Act",1854,16,General
IDX_0_Police_Forces__Restriction_of_,Police Forces (Restriction of Rights) Act,1966,33,General
IDX_0_Pondic_herry__Administration_A,Pondic herry (Administration)Act,1962,49,General
IDX_0_Pondic_herry__Extension_of_Law,Pondic herry (Extension of Laws) Act,1968,26,General
IDX_0_Pondic_herry_University_Act,Pondic herry University Act,1985,53,General
IDX_0_Pondic_herry__Alteration_of_Na,Pondic herry (Alteration of Name) Act,2006,44,General
IDX_0_Post_G_raduate_Institute_of_Me,"Post-G raduate Institute of Medical Education and Research
Chandigarh Act",1966,51,General
IDX_0_Post_O_ffice_Act,Post O ffice Act,2023,43,General
IDX_0_Post_O_ffice_Cash_Certificates,Post O ffice Cash Certificates Act,1917,18,General
IDX_0_Power_s_of_Attorney_Act,Power s-of-Attorney Act,1882,7,General
IDX_0_Prasar_Bharati__Broadcasting_C,Prasar Bharati (Broadcasting Corporation of India) Act,1990,25,Commercial
IDX_0_Prefer_ence_Shares__Regulation,Prefer ence Shares (Regulation of Dividend) Act,1960,63,General
IDX_0_Pre_co_nception_and_Pre_Natal_,"Pre-co nception and Pre-Natal Diagnostic Techniques (Prohibition of
Sex Selection) Act",1994,57,General
IDX_0_Presid_ency_Small_Cause_Courts,Presid ency Small Cause Courts Act,1882,15,General
IDX_0_Preside_ncy_Towns_Insolvency_A,Preside ncy Towns Insolvency Act,1909,3,General
IDX_0_Presid_ent__Discharge_of_Funct,Presid ent (Discharge of Functions) Act,1969,16,General
IDX_0_Presid_ential_and_Vice_Preside,Presid ential and Vice-Presidential Elections Act,1952,31,General
IDX_0_Presid_ent_s_Emoluments_and_Pe,Presid ent's Emoluments and Pension Act,1951,30,General
IDX_0_Press_a_nd_Registration_of_Per,Press a nd Registration of Periodicals Act,2023,51,General
IDX_0_Press_C_ouncil_Act,Press C ouncil Act,1978,37,General
IDX_0_Preven_tion_and_Control_of_Inf,"Preven tion and Control of Infectious and Contagious diseases in
Animals Act",2009,27,General
IDX_0_Preven_tion_of_Black_marketing,"Preven tion of Black marketing and Maintenance of Supplies of
Essential Commodities Act",1980,7,General
IDX_0_Preven_tion_of_Corruption_Act,Preven tion of Corruption Act,1988,49,General
IDX_0_Preven_tion_of_Cruelty_to_Anim,Preven tion of Cruelty to Animals Act,1960,59,General
IDX_0_Preven_tion_of_Damage_to_Publi,Preven tion of Damage to Public Property Act,1984,3,General
IDX_0_Preven_tion_of_Money_Launderin,Preven tion of Money Laundering Act,2003,15,General
IDX_0_Preven_tion_of_Illicit_Traffic,"Preven tion of Illicit Traffic in Narcotic Drugs and Psychotropic
Substances Act",1988,46,General
IDX_0_Preven_tion_of_Insults_to_Nati,Preven tion of Insults to National Honour Act,1971,69,General
IDX_0_Preven_tion_of_Terrorism__Repe,Preven tion of Terrorism (Repeal)Act,2004,26,General
IDX_0_Prison_ers_Act,Prison ers Act,1900,3,General
IDX_0_Prison_ers__Attendance_in_Cour,Prison ers (Attendance in Courts) Act,1955,32,General
IDX_0_Prison_s_Act,Prison s Act,1894,9,General
IDX_0_Privat_e_Security_Agencies__Re,Privat e Security Agencies (Regulation)Act,2005,29,General
IDX_0_Prize_C_hits_and_Money_Circula,Prize C hits and Money Circulation Scheme (Banning) Act,1978,43,General
IDX_0_Prize_C_ompetitions_Act,Prize C ompetitions Act,1955,42,General
IDX_0_Probat_ion_of_Offenders_Act,Probat ion of Offenders Act,1958,20,General
IDX_0_Prohib_ition_of_Benami_Propert,Prohib ition of Benami Property Transactions Act,1988,45,General
IDX_0_Prohib_ition_of_Electronic_Cig,"Prohib ition of Electronic Cigarettes (Production, Manufacture, Import,
Export, Transport, Sale Distribution, Storage and Advertisement) Act",2019,42,General
IDX_0_Prohib_ition_of_Child_Marriage,Prohib ition of Child Marriage Act,2007,6,General
IDX_0_Prohib_ition_of_Employment_as_,"Prohib ition of Employment as Manual Scavengers and their
Rehabilitation Act",2013,25,General
IDX_0_Protec_tion_of_Civil_Rights_Ac,Protec tion of Civil Rights Act,1955,22,Civil Procedure
IDX_0_Protec_tion_of_Children_from_S,Protec tion of Children from Sexual Offences Act,2012,32,Criminal
IDX_0_Protec_tion_of_Human_Rights_Ac,Protec tion of Human Rights Act,1994,10,General
IDX_0_Protec_tion_of_Interests_In_Ai,Protec tion of Interests In Aircraft Objects Act,2025,17,General
IDX_0_Protec_tion_of_Plant_Varieties,Protec tion of Plant Varieties and Farmers’ Right Act,2001,53,General
IDX_0_Protec_tion_of_Women_from_Dome,Protec tion of Women from Domestic Violence Act,2005,43,General
IDX_0_Provid_ent_Funds_Act,Provid ent Funds Act,1925,19,General
IDX_0_Provin_cial_Small_Cause_Courts,Provin cial Small Cause Courts Act,1887,9,General
IDX_0_Provis_ional_Collection_of_Tax,Provis ional Collection of Taxes Act,2023,50,Tax
IDX_0_Provin_cial_Insolvency_Act,Provin cial Insolvency Act,1920,5,General
IDX_0_Provis_ions_of_the_Panchayats_,Provis ions of the Panchayats (Extension to the Scheduled Areas) Act,1996,40,General
IDX_0_Public_Debt_Act,Public Debt Act,1944,18,General
IDX_0_Public_Employment__Requirement,Public Employment (Requirement as to Residence) Act,1957,44,General
IDX_0_Public_Examination__Prevention,Public Examination (Prevention of Unfair Means) Act,2024,1,General
IDX_0_Public_Financial_Institutions_,Public Financial Institutions (Obligation as to Fidelity and Secrecy) Act,1983,48,General
IDX_0_Public_Gambling_Act,Public Gambling Act,1867,3,General
IDX_0_Public_Liability_Insurance_Act,Public Liability Insurance Act,1991,6,General
IDX_0_Public_Premises__Eviction_of_U,Public Premises (Eviction of Unauthorised Occupants) Act,1971,40,General
IDX_0_Public_Records_Act,Public Records Act,1993,69,General
IDX_0_Public_Sector_Iron_and_Steel_C,"Public Sector Iron and Steel Companies (Restructuring) and
Miscellaneous Provisions Act",1978,16,General
IDX_0_Punjab_District_Boards_Act,Punjab District Boards Act,1883,20,General
IDX_0_Punjab_Disturbed_Areas_Act,Punjab Disturbed Areas Act,1983,32,General
IDX_0_Punjab_Land_revenue_Act,Punjab Land revenue Act,1887,17,General
IDX_0_Punjab_Laws_Act,Punjab Laws Act,1872,4,General
IDX_0_Punjab_Municipal_Corporation_L,Punjab Municipal Corporation Law (Extension to Chandigarh) Act,1994,45,Commercial
IDX_0_Punjab_Reorganisation_Act,Punjab Reorganisation Act,1966,31,General
IDX_0_Punjab_Tenancy_Act,Punjab Tenancy Act,1887,16,General
IDX_0_Railwa_y_Claims_Tribunal_Act,Railwa y Claims Tribunal Act,1987,54,General
IDX_0_Railwa_y_Property__Unlawful_Po,Railwa y Property (Unlawful Possession) Act,1966,29,General
IDX_0_Railwa_y_Protection_Force_Act,Railwa y Protection Force Act,1957,23,General
IDX_0_Railwa_ys_Act,Railwa ys Act,1989,24,General
IDX_0_Railwa_ys_Employment_of_Member,Railwa ys Employment of Members of the Armed Forces Act,1965,40,General
IDX_0_Rajasth_an_and_Madhya_Pradesh_,Rajasth an and Madhya Pradesh (Transfer of Territories) Act,1959,47,General
IDX_0_Rajgha_t_Samadhi_Act,Rajgha t Samadhi Act,1951,41,General
IDX_0_Rajiv_G_andhi_Institute_of_Pet,Rajiv G andhi Institute of Petroleum Technology Act,2007,54,General
IDX_0_Rajiv_G_andhi_National_Aviatio,Rajiv G andhi National Aviation University Act,2013,26,General
IDX_0_Rajiv_G_andhi_National_Institu,Rajiv G andhi National Institute of Youth Development Act,2012,35,General
IDX_0_Rajiv_G_andhi_University_Act,Rajiv G andhi University Act,2007,8,General
IDX_0_Rampu_r_Raza_Library_Act,Rampu r Raza Library Act,1975,22,General
IDX_0_Rashtr_iya_Raksha_University_A,Rashtr iya Raksha University Act,2020,31,General
IDX_0_Real_E_state__Regulation_and_D,Real E state (Regulation and Development) Act,2016,16,General
IDX_0_Recipr_ocity_Act,Recipr ocity Act,1943,9,General
IDX_0_Recov_ery_of_Debts_Due_to_Bank,Recov ery of Debts Due to Banks and Financial Institutions Act,1993,51,General
IDX_0_Recycl_ing_of_Ship_Act,Recycl ing of Ship Act,2019,49,General
IDX_0_Region_al_Centre_for_Biotechno,Region al Centre for Biotechnology Act,2016,36,General
IDX_0_Region_al_Rural_Banks_Act,Region al Rural Banks Act,1976,21,General
IDX_0_Regist_ration_Act,Regist ration Act,1908,16,General
IDX_0_Regist_ration_of_Births_and_De,Regist ration of Births and Deaths Act,1969,18,General
IDX_0_Regist_ration_of_Foreigners_Ac,Regist ration of Foreigners Act,1939,16,General
IDX_0_Rehab_ilitation_Council_of_Ind,Rehab ilitation Council of India Act,1992,34,General
IDX_0_Rehab_ilitation_Finance_Admini,Rehab ilitation Finance Administration Act,1948,12,General
IDX_0_Religio_us_Endowments_Act,Religio us Endowments Act,1863,20,General
IDX_0_Religio_us_Institutions__Preve,Religio us Institutions (Prevention of Misuse) Act,1988,41,General
IDX_0_Religio_us_Societies_Act,Religio us Societies Act,1880,1,General
IDX_0_Remitt_ances_of_Foreign_Exchan,"Remitt ances of Foreign Exchange and Investment in Foreign Exchange
Bonds (Immunities and Exemptions) Act",1991,41,General
IDX_0_Rent_R_ecovery_Act,Rent R ecovery Act,1853,6,General
IDX_0_Repatr_iation_of_Prisoners_Act,Repatr iation of Prisoners Act,2003,49,General
IDX_0_Repeal_ing_and_Amending_Act,Repeal ing and Amending Act,2015,17,General
IDX_0_Repeal_ing_and_Amending__Secon,Repeal ing and Amending (Second)Act,2015,19,General
IDX_0_Repeal_ing_and_Amending_Act,Repeal ing and Amending Act,2016,23,General
IDX_0_Repeal_ing_and_Amending_Act,Repeal ing and Amending Act,2018,2,General
IDX_0_Repeal_ing_and_Amending__Secon,Repeal ing and Amending (Second)Act,2018,4,General
IDX_0_Repeal_ing_and_Amending_Act,Repeal ing and Amending Act,2019,31,General
IDX_0_Repeal_ing_and_Amending_Act,Repeal ing and Amending Act,2023,37,General
IDX_0_Repres_entation_of_the_People_,Repres entation of the People Act,1950,43,General
IDX_0_Repres_entation_of_the_People_,Repres entation of the People Act,1951,43,General
IDX_0_Requis_itioning_and_Acquisitio,Requis itioning and Acquisition of Immovable Property Act,1952,30,General
IDX_0_Reserv_e_and_Auxiliary_Air_For,Reserv e and Auxiliary Air Forces Act,1952,62,General
IDX_0_Reserv_e_Bank__Transfer_of_Pub,Reserv e Bank (Transfer of Public Ownership) Act,1948,62,General
IDX_0_Reserv_e_Bank_of_India_Act,Reserv e Bank of India Act,1934,2,General
IDX_0_Reven_ue_Bombay,Reven ue Bombay,1842,13,General
IDX_0_Reven_ue_Commissioners__Bombay,"Reven ue Commissioners, Bombay",1842,17,General
IDX_0_Reven_ue_Recovery_Act,Reven ue Recovery Act,1890,1,General
IDX_0_Richar_dson_and_Cruddas_Limite,"Richar dson and Cruddas Limited (Acquisition and Transfer of
Undertakings) Act",1972,78,General
IDX_0_River_Boards_Act,River Boards Act,1956,49,General
IDX_0_Right_of_Children_to_Free_and_,Right of Children to Free and Compulsory Education Act,2009,35,General
IDX_0_Right_to_Fair_Compensation_and,"Right to Fair Compensation and Transparency in Land Acquisition,
Rehabilitation and Resettlement Act",2013,30,General
IDX_0_Right_to_Information_Act,Right to Information Act,2005,22,General
IDX_0_Rights_of_Persons_with_Disabil,Rights of Persons with Disabilities Act,2016,49,General
IDX_0_Road_T_ransport_Corporations_A,Road T ransport Corporations Act,1950,64,Commercial
IDX_0_Rubbe_r_Act,Rubbe r Act,1947,24,General
IDX_0_SAARC_Convention__Suppression_,SAARC Convention (Suppression of Terrorism) Act,1993,36,General
IDX_0_Salar_J_ung_Museum_Act,Salar J ung Museum Act,1961,26,General
IDX_0_Salary___Allowances_and_Pensio,"Salary , Allowances and Pension of Members of Parliament Act",1954,30,General
IDX_0_Salarie_s_and_Allowances_of_Mi,Salarie s and Allowances of Ministers Act,1952,58,General
IDX_0_Salarie_s_and_Allowances_of_Of,Salarie s and Allowances of Officers of Parliament Act,1953,20,General
IDX_0_Salary_and_Allowances_of_Leade,Salary and Allowances of Leaders of Opposition in Parliament Act,1977,33,General
IDX_0_Sale_o_f_Goods_Act,Sale o f Goods Act,1930,3,General
IDX_0_Sales_P_romotion_Employees__Co,Sales P romotion Employees (Conditions of Service) Act,1976,11,General
IDX_0_Unknown,Unknown,1867,22,General
IDX_0_Sashas_tra_Seema_Bal_Act,Sashas tra Seema Bal Act,2007,53,General
IDX_0_Schedu_led_Areas__Assimilation,Schedu led Areas (Assimilation of Laws) Act,1951,37,General
IDX_0_Schedu_led_Areas__Assimilation,Schedu led Areas (Assimilation of Laws) Act,1953,16,General
IDX_0_Schedu_led_Tribes_and_Other_Tr,"Schedu led Tribes and Other Traditional Forest Dwellers (Recognition
of Forests Rights) Act",2007,2,General
IDX_0_Schedu_led_Castes_and_Schedule,Schedu led Castes and Scheduled Tribes (Prevention of Atrocities) Act,1989,33,General
IDX_0_Schedu_led_Securities__Hyderab,Schedu led Securities (Hyderabad) Act,1949,7,General
IDX_0_Schoo_l_of_Planning_and_Archit,Schoo l of Planning and Architecture Act,2014,37,General
IDX_0_Seame_n_s_Provident_Fund_Act,Seame n's Provident Fund Act,1966,4,General
IDX_0_Seawa_rd_Artillery_Practice_Ac,Seawa rd Artillery Practice Act,1949,8,General
IDX_0_Securi_ties_and_Exchange_Board,Securi ties and Exchange Board of India Act,1992,15,General
IDX_0_Securi_ties_Contracts__Regulat,Securi ties Contracts (Regulation) Act,1956,42,General
IDX_0_Securi_tisation_and_Reconstruc,"Securi tisation and Reconstruction of Financial Assets and Enforcement
of Security Interest Act",2002,54,General
IDX_0_Unknown,Unknown,1966,54,General
IDX_0_Semi_c_onductor_Integrated_Cir,Semi c onductor Integrated Circuits Layout Design Act,2000,37,General
IDX_0_Sexual_Harassment_of_Women_at_,"Sexual Harassment of Women at Work place (Prevention, Prohibition
and Red ressal) Act",2013,14,General
IDX_0_Shillon_g__Rifle_Range_and_Uml,"Shillon g (Rifle Range and Umlong) Cantonments Assimilation of
Laws Act",1954,31,General
IDX_0_Shore_Nuisances__Bombay_and_Ko,Shore Nuisances (Bombay and Kolaba) Act,1853,11,General
IDX_0_Sick_In_dustrial_Companies__Sp,Sick In dustrial Companies (Special Provisions) Repeal Act,2004,1,General
IDX_0_Sick_T_extile_Undertakings__Na,Sick T extile Undertakings (Nationalisation)Act,1974,57,General
IDX_0_Sikh_G_urdwaras__Supplementary,Sikh G urdwaras (Supplementary)Act,1925,24,General
IDX_0_Sikkim_University_Act,Sikkim University Act,2007,10,General
IDX_0_Sir_Din_shaw_Maneckjee_Petit_A,Sir Din shaw Maneckjee Petit Act,1893,6,General
IDX_0_Sir_Jam_setjee_Jejeebhoy_Baron,Sir Jam setjee Jejeebhoy Baronetcy Act,1915,10,General
IDX_0_Slum_A_reas__Improvement_and_C,Slum A reas (Improvement and Clearance) Act,1956,96,General
IDX_0_Small_Industries_Development_B,Small Industries Development Bank of India Act,1989,39,General
IDX_0_Smugg_lers_and_Foreign_Exchang,"Smugg lers and Foreign Exchange Manipulators (Forfeiture of
Property) Act",1976,13,General
IDX_0_Societ_ies_Registration_Act,Societ ies Registration Act,1860,21,General
IDX_0_South_Asian_University_Act,South Asian University Act,2009,8,General
IDX_0_Specia_l_Court__Trial_of_Offen,"Specia l Court (Trial of Offences Relating to Transactions in
Securities) Act",1992,27,Criminal
IDX_0_Specia_l_Criminal_Courts__Juri,Specia l Criminal Courts (Jurisdiction) Act,1950,18,Criminal
IDX_0_Specia_l_Economic_Zones_Act,Specia l Economic Zones Act,2005,28,General
IDX_0_Specia_l_Marriage_Act,Specia l Marriage Act,1954,43,General
IDX_0_Specia_l_Protection_Group_Act,Specia l Protection Group Act,1988,34,General
IDX_0_Specif_ic_Relief_Act,Specif ic Relief Act,1963,47,General
IDX_0_Specif_ied_Bank_Notes__Cessati,Specif ied Bank Notes (Cessation of Liabilities) Act,2017,2,General
IDX_0_Spices_Board_Act,Spices Board Act,1986,10,General
IDX_0_Sports_Broad_casting_Signals__,Sports Broad casting Signals (Mandatory Sharing with Prasar Bharti) Act,2007,11,General
IDX_0_Sree_C_hitra_Tirunal_Institute,"Sree C hitra Tirunal Institute for Medical Sciences and Technology,
Trivandrum Act",1980,52,General
IDX_0_Stage__Carriages_Act,Stage- Carriages Act,1861,16,General
IDX_0_State_A_rmed_Police_Forces__Ex,State A rmed Police Forces (Extension of Laws) Act,1952,63,General
IDX_0_State_A_ssociated_Banks__Misce,State A ssociated Banks (Miscellaneous Provisions) Act,1962,56,General
IDX_0_State_B_ank_of_India_Act,State B ank of India Act,1955,23,General
IDX_0_State_B_ank_of_Sikkim__Acquisi,"State B ank of Sikkim (Acquisition of Shares) and Miscellaneous
Provisions Act",1982,62,General
IDX_0_State_F_inancial_Corporations_,State F inancial Corporations Act,1951,63,Commercial
IDX_0_State_E_mblems_of_India__Prohi,State E mblems of India (Prohibition of Improper Use) Act,2005,50,General
IDX_0_State_o_f_Arunachal_Pradesh_Ac,State o f Arunachal Pradesh Act,1986,69,General
IDX_0_State_o_f_Himachal_Pradesh_Act,State o f Himachal Pradesh Act,1970,53,General
IDX_0_State_o_f_Mizoram_Act,State o f Mizoram Act,1986,34,General
IDX_0_State_o_f_Nagaland_Act,State o f Nagaland Act,1962,27,General
IDX_0_States_Reorganisation_Act,States Reorganisation Act,1956,37,General
IDX_0_Street_Vendors__Protection_of_,"Street Vendors (Protection of Livelihood and Regulation of Street
Vending) Act",2014,7,General
IDX_0_Sugar_Development_Fund_Act,Sugar Development Fund Act,1982,4,General
IDX_0_1Sugar_Export_Promotion_Act,1Sugar Export Promotion Act,1958,30,General
IDX_0_Suits_V_aluation_Act,Suits V aluation Act,1887,7,General
IDX_0_Suppr_ession_of_Unlawful_Acts_,Suppr ession of Unlawful Acts against Safety of Civil Aviation Act,1982,66,Civil Procedure
IDX_0_Suppr_ession_of_Unlawful_Acts_,"Suppr ession of Unlawful Acts against Safety of Maritime Navigation
and Fixed Plat forms on Continental Shelf Act",2002,69,General
IDX_0_Suprem_e_Court__Enlargement_of,Suprem e Court (Enlargement of Criminal Appellate Jurisdiction) Act,1970,28,Criminal
IDX_0_Suprem_e_Court_Judges__Salarie,Suprem e Court Judges (Salaries and Conditions of Service) Act,1958,41,General
IDX_0_Suprem_e_Court__Number_of_Judg,Suprem e Court (Number of Judges) Act,1956,55,General
IDX_0_Surrog_acy__Regulation__Act,Surrog acy (Regulation) Act,2021,47,General
IDX_0_Swade_shi_Cotton_Mills_Company,"Swade shi Cotton Mills Company Limited (Acquisition and Transfer of
Undertakings) Act",1986,30,Commercial
IDX_0_Tamil_Nadu_Legislative_Council,Tamil Nadu Legislative Council Act,2010,16,General
IDX_0_Taxati_on_Laws__Continuation_a,"Taxati on Laws (Continuation and Validation of Recovery
Proceedings) Act",1964,11,Tax
IDX_0_Taxati_on_Laws__Extension_to_J,Taxati on Laws (Extension to Jammu and Kashmir) Act,1972,25,Tax
IDX_0_Unknown,Unknown,1953,29,General
IDX_0_Techn_ology_Development_Board_,Techn ology Development Board Act,1995,44,General
IDX_0_Teleco_m_Regulatory_Authority_,Teleco m Regulatory Authority of India Act,1997,24,General
IDX_0_Teleco_mmunication_Act,Teleco mmunication Act,2023,44,General
IDX_0_Territo_rial_Army_Act,Territo rial Army Act,1948,56,General
IDX_0_Territo_rial_Waters__Continent,"Territo rial Waters, Continental Shelf, Exclusive Economic Zone and
Other Maritime Zones Act",1976,80,General
IDX_0_Terror_ist_Affected_Areas__Spe,Terror ist Affected Areas (Special Courts) Act,1984,61,General
IDX_0_Textile_Undertakings__National,Textile Undertakings (Nationalisation) Act,1995,39,General
IDX_0_Textile_s_Committee_Act,Textile s Committee Act,1963,41,General
IDX_0_Tezpu_r_University_Act,Tezpu r University Act,1993,45,General
IDX_0_Tobac_co_Board_Act,Tobac co Board Act,1975,4,General
IDX_0_Tobac_co_Duty__Town_of_Bombay_,Tobac co Duty (Town of Bombay) Act,1857,4,General
IDX_0_Tokyo_Convention_Act,Tokyo Convention Act,1975,20,General
IDX_0_Trade_Marks_Act,Trade Marks Act,1999,47,Commercial
IDX_0_Trade_Unions_Act,Trade Unions Act,1926,16,Commercial
IDX_0_Transf_er_of_Prisoners_Act,Transf er of Prisoners Act,1950,29,General
IDX_0_Transf_er_of_Property_Act,Transf er of Property Act,1882,4,General
IDX_0_Transg_ender_Persons__Protecti,Transg ender Persons (Protection of Rights) Act,2019,40,General
IDX_0_Transp_lantation_of_Human_Orga,Transp lantation of Human Organs Act,1994,42,General
IDX_0___Tribh_uvan__Sahkari_Universi,‘‘Tribh uvan” Sahkari University Act,2025,11,General
IDX_0_Tribun_als_Reforms_Act,Tribun als Reforms Act,2021,33,General
IDX_0_Tripur_a_Land_Revenue_and_Land,Tripur a Land Revenue and Land Reforms Act,1960,43,General
IDX_0_Tripur_a_University_Act,Tripur a University Act,2007,9,General
IDX_0_Tyre_C_orporation_of_India_Lim,Tyre C orporation of India Limited (Disinvestment of Ownership) Act,2007,50,General
IDX_0_Unifie_d_Waqf_Management__Empo,"Unifie d Waqf Management, Empowerment, Efficiency and
Development Act",1995,43,General
IDX_0_Union_Duties_of_Excise__Distri,Union Duties of Excise (Distribution)Act,1979,24,Tax
IDX_0_Union_Territories__Direct_Elec,Union Territories (Direct Election to the House of the People) Act,1965,49,General
IDX_0_Union_Territory_Goods_and_Serv,Union Territory Goods and Services Tax Act,2017,14,Tax
IDX_0_Union_Territories__Laws__Act,Union Territories (Laws) Act,1950,30,General
IDX_0_Union_Territories__Separation_,Union Territories (Separation of Judicial and Executive Functions) Act,1969,19,General
IDX_0_Union_Territories__Stamp_and_C,Union Territories (Stamp and Court-fees Laws) Act,1961,33,General
IDX_0_Unit_T_rust_of_India__Transfer,Unit T rust of India (Transfer of Undertaking and Repeal) Act,2002,58,General
IDX_0_United_Nations__Privileges_and,United Nations (Privileges and Immunities) Act,1947,46,General
IDX_0_United_Nations__Security_Counc,United Nations (Security Council) Act,1947,43,General
IDX_0_Univer_sity_Grants_Commission_,Univer sity Grants Commission Act,1956,03,General
IDX_0_Univer_sity_of_Hyderabad_Act,Univer sity of Hyderabad Act,1974,39,General
IDX_0_Univer_sity_of_Allahabad_Act,Univer sity of Allahabad Act,2005,26,General
IDX_0_Unlaw_ful_Activities__Preventi,Unlaw ful Activities (Prevention)Act,1967,37,General
IDX_0_Unorg_anised_Sector_Workers_So,Unorg anised Sector Workers Social Security Act,2008,33,General
IDX_0_Urban_Land__Ceiling_and_Regula,Urban Land (Ceiling and Regulation) Repeal Act,1999,15,General
IDX_0_Usurio_us_Loans_Act,Usurio us Loans Act,1918,10,General
IDX_0_Uttara_nchal__Alteration_of_Na,Uttara nchal (Alteration of Name) Act,2006,52,General
IDX_0_Uttar_P_radesh_Reorganisation_,Uttar P radesh Reorganisation Act,2000,29,General
IDX_0_Van__S_anrakshan_Evam_Samvardh,Van (S anrakshan Evam Samvardhan) Adhiniyam,1980,69,General
IDX_0_Vice_President_s_Pension_Act,Vice-President's Pension Act,1997,30,General
IDX_0_Victor_ia_Memorial_Act,Victor ia Memorial Act,1903,10,General
IDX_0_Visva__Bharati_Act,Visva- Bharati Act,1951,29,General
IDX_0_Volun_tary_Surrender_of_Salari,Volun tary Surrender of Salaries (Exemption from Taxation) Act,1961,46,Tax
IDX_0_Wareh_ousing_Corporations_Act,Wareh ousing Corporations Act,1962,58,Commercial
IDX_0_Wareh_ousing_Corporations__Sup,Wareh ousing Corporations (Supplementary) Act,1965,20,Commercial
IDX_0_Wareh_ousing__Development_and_,Wareh ousing (Development and Regulation) Act,2007,37,General
IDX_0_Waste__Lands__Claims_Act,Waste -Lands (Claims)Act,1863,23,General
IDX_0_Water__Prevention_and_Control_,Water (Prevention and Control of Pollution) Act,1974,6,General
IDX_0_Wealth__Tax_Act,Wealth -Tax Act,1957,27,Tax
IDX_0_Weapo_ns_of_Mass_Destruction_a,"Weapo ns of Mass Destruction and their Delivery Systems (Prohibition
of Unlawful Activities) Act",2005,21,General
IDX_0_West_G_odavari_District__Assim,West G odavari District (Assimilation of Law son Federal Subjects) Act,1949,20,General
IDX_0_White_Phosphorus_Matches_Prohi,White Phosphorus Matches Prohibition Act,1913,5,General
IDX_0_Wild_L_ife__Protection__Act,Wild L ife (Protection) Act,1972,53,General
IDX_0_Wome_n_s_and_Children_s_Instit,Wome n's and Children's Institutions (Licensing) Act,1956,105,General
IDX_0_Worki_ng_Journalists_and_Other,"Worki ng Journalists and Other Newspaper Employees (Conditions of
Service) And Miscellaneous Provisions Act",1955,45,General
IDX_0_Worki_ng_Journalists__Fixation,Worki ng Journalists (Fixation of Rates of Wages) Act,1958,29,General
IDX_0_Works_of_Defence_Act,Works of Defence Act,1903,7,General
IDX_0_Coasting_Vessels_Act,Coasting Vessels Act,1838,19,General
IDX_0_Madras_Rent_and_Revenue_Sales_,Madras Rent and Revenue Sales Act,1839,7,General
IDX_0_Inheritance_Act,Inheritance Act,1839,,General
IDX_0_Revenue_Bombay,Revenue Bombay,1842,13,General
IDX_0_Revenue_Commissioners__Bombay,"Revenue Commissioners, Bombay",1842,17,General
IDX_0_Boundary_marks__Bombay,"Boundary-marks, Bombay",1846,3,General
IDX_0_Madras_Revenue_Commissioner_Ac,Madras Revenue Commissioner Act,1849,10,General
IDX_0_Forfeited_Deposits_Act,Forfeited Deposits Act,1850,25,General
IDX_0_Improvements_in_Towns,Improvements in Towns,1850,26,General
IDX_0_Madras_City_Land_Revenue_Act,Madras City Land Revenue Act,1851,12,General
IDX_0_Extending_Certain_Act,Extending Certain Act,1852,14,General
IDX_0_Rent_Recovery_Act,Rent Recovery Act,1853,6,General
IDX_0_Police__Agra,"Police, Agra",1854,16,General
IDX_0_Fatal_Accidents_Act,Fatal Accidents Act,1855,13,General
IDX_0_Calcutta_Land_revenue_Act,Calcutta Land-revenue Act,1856,18,General
IDX_0_Tobacco_Duty__Town_of_Bombay__,Tobacco Duty (Town of Bombay) Act,1857,4,General
IDX_0_Madras_District_Police_Act,Madras District Police Act,1859,24,General
IDX_0_Societies_Registration_Act,Societies Registration Act,1860,21,General
IDX_0_31_,31.,1861,5,General
IDX_0_Stage_Carriages_Act,Stage-Carriages Act,1861,16,General
IDX_0_Partition_of_Revenue_paying_Es,Partition of Revenue-paying Estates Act,1863,19,General
IDX_0_Religious_Endowments_Act,Religious Endowments Act,1863,20,General
IDX_0_Waste_Lands__Claims__Act,Waste-Lands (Claims) Act,1863,23,General
IDX_0_38_,38.,1867,22,General
IDX_0_Divorce_Act,Divorce Act,1869,4,General
IDX_0_Court_fees_Act,Court-fees Act,1870,7,General
IDX_0_Oudh_Taluqdars__Relief_Act,Oudh Taluqdars’ Relief Act,1870,24,General
IDX_0_Cattle_trespass_Act,Cattle-trespass Act,1871,1,General
IDX_0_45_,45.,1871,21,General
IDX_0_Pensions_Act,Pensions Act,1871,23,General
IDX_0_Madras_Civil_Courts_Act,Madras Civil Courts Act,1873,3,Civil Procedure
IDX_0_Government_Savings_Banks_Act,Government Savings Banks Act,1873,5,General
IDX_0_Northern_India_Canal_and_Drain,Northern India Canal and Drainage Act,1873,8,General
IDX_0_Married_Women_s_Property_Act,Married Women's Property Act,1874,3,General
IDX_0_Majority_Act,Majority Act,1875,9,General
IDX_0_Chota_Nagpur_Encumbered_Estate,Chota Nagpur Encumbered Estates Act,1876,6,General
IDX_0_Northern_India_Ferries_Act,Northern India Ferries Act,1878,17,General
IDX_0_Dekkhan_Agriculturists__Relief,Dekkhan Agriculturists’ Relief Act,1879,17,General
IDX_0_Religious_Societies_Act,Religious Societies Act,1880,1,General
IDX_0_65_,65.,1880,12,General
IDX_0_Central_Provinces_Land_revenue,Central Provinces Land-revenue Act,1881,18,General
IDX_0_Negotiable_Instruments_Act,Negotiable Instruments Act,1881,26,General
IDX_0_Transfer_of_Property_Act,Transfer of Property Act,1882,4,General
IDX_0_Powers_of_Attorney_Act,Powers-of-Attorney Act,1882,7,General
IDX_0_Presidency_Small_Cause_Courts_,Presidency Small Cause Courts Act,1882,15,General
IDX_0_Land_Improvement_Loans_Act,Land Improvement Loans Act,1883,19,General
IDX_0_Explosives_Act,Explosives Act,1884,4,General
IDX_0_Deo_Estate_Act,Deo Estate Act,1886,9,General
IDX_0_Suits_Valuation_Act,Suits Valuation Act,1887,7,General
IDX_0_Provincial_Small_Cause_Courts_,Provincial Small Cause Courts Act,1887,9,General
IDX_0_Punjab_Land_revenue_Act,Punjab Land-revenue Act,1887,17,General
IDX_0_King_of_Oudh_s_Estate_Act,King of Oudh's Estate Act,1887,19,General
IDX_0_City_of_Bombay_Municipal__Supp,City of Bombay Municipal (Supplementary) Act,1888,12,General
IDX_0_King_of_Oudh_s_Estate_Act,King of Oudh's Estate Act,1888,14,General
IDX_0_Revenue_Recovery_Act,Revenue Recovery Act,1890,1,General
IDX_0_Charitable_Endowments_Act,Charitable Endowments Act,1890,6,General
IDX_0_Guardians_and_Wards_Act,Guardians and Wards Act,1890,8,General
IDX_0_North_Western_Provinces_and_Ou,North-Western Provinces and Oudh Act,1890,20,General
IDX_0_93_,93.,1891,8,General
IDX_0_Moorshedabad_Act,Moorshedabad Act,1891,15,General
IDX_0_Madras_City_Civil_Court_Act,Madras City Civil Court Act,1892,7,Civil Procedure
IDX_0_Partition_Act,Partition Act,1893,4,General
IDX_0_Sir_Dinshaw_Maneckjee_Petit_Ac,Sir Dinshaw Maneckjee Petit Act,1893,6,General
IDX_0_Priso_ns_Act,Priso ns Act,1894,9,General
IDX_0_Epide_mic_Diseases_Act,Epide mic Diseases Act,1897,3,General
IDX_0_Gene_ral_Clauses_Act,Gene ral Clauses Act,1897,10,General
IDX_0_Live__stock_Importation_Act,Live- stock Importation Act,1898,9,General
IDX_0_Centr_al_Provinces_Tenancy_Act,Centr al Provinces Tenancy Act,1898,11,General
IDX_0_India_n_Stamp_Act,India n Stamp Act,1899,2,General
IDX_0_Gove_rnment_Buildings_Act,Gove rnment Buildings Act,1899,4,General
IDX_0_Centr_al_Provinces_Court_of_Wa,Centr al Provinces Court of Wards Act,1899,24,General
IDX_0_Priso_ners_Act,Priso ners Act,1900,3,General
IDX_0_Work_s_of_Defence_Act,Work s of Defence Act,1903,7,General
IDX_0_Victo_ria_Memorial_Act,Victo ria Memorial Act,1903,10,General
IDX_0_Ancie_nt_Monuments_Preservatio,Ancie nt Monuments Preservation Act,1904,7,General
IDX_0_Code_of_Civil_Procedure,Code of Civil Procedure,1908,5,Civil Procedure
IDX_0_Explo_sive_Substances_Act,Explo sive Substances Act,1908,6,General
IDX_0_Cent_ral_Provinces_Financial_C,Cent ral Provinces Financial Commissioner’s Act,1908,13,General
IDX_0_India_n_Ports_Act,India n Ports Act,1908,15,General
IDX_0_Regis_tration_Act,Regis tration Act,1908,16,General
IDX_0_Presid_ency_Towns_Insolvency_A,Presid ency Towns Insolvency Act,1909,3,General
IDX_0_Anan_d_Marriage_Act,Anan d Marriage Act,1909,7,General
IDX_0_India_n_Museum_Act,India n Museum Act,1910,10,General
IDX_0_Offic_ial_Trustees_Act,Offic ial Trustees Act,1913,2,General
IDX_0_Destr_uctive_Insects_and_Pests,Destr uctive Insects and Pests Act,1914,2,General
IDX_0_Sir_Ja_msetjee_Jejeebhoy_Baron,Sir Ja msetjee Jejeebhoy Baronetcy Act,1915,10,General
IDX_0_Bana_ras_Hindu_University_Act,Bana ras Hindu University Act,1915,16,General
IDX_0_Destr_uction_of_Records_Act,Destr uction of Records Act,1917,5,General
IDX_0_King_of_Oudh_s_Estate_Validati,King of Oudh's Estate Validation Act,1917,12,General
IDX_0_Usuri_ous_Loans_Act,Usuri ous Loans Act,1918,10,General
IDX_0_Poiso_ns_Act,Poiso ns Act,1919,12,General
IDX_0_Calcu_tta_High_Court__Jurisdic,Calcu tta High Court (Jurisdictional Limits) Act,1919,15,General
IDX_0_Provi_ncial_Insolvency_Act,Provi ncial Insolvency Act,1920,5,General
IDX_0_Chari_table_and_Religious_Trus,Chari table and Religious Trusts Act,1920,14,General
IDX_0_India_n_Red_Cross_Society_Act,India n Red Cross Society Act,1920,15,General
IDX_0_Passp_ort__Entry_into_India__A,Passp ort (Entry into India) Act,1920,34,General
IDX_0_Aliga_rh_Muslim_University_Act,Aliga rh Muslim University Act,1920,40,General
IDX_0_Main_tenance_Orders_Enforcemen,Main tenance Orders Enforcement Act,1921,18,General
IDX_0_Delh_i_University_Act,Delh i University Act,1922,8,General
IDX_0_India_n_Naval_Armament_Act,India n Naval Armament Act,1923,7,General
IDX_0_Emp_loyees__Compensation_Act,Emp loyees’ Compensation Act,1923,8,General
IDX_0_Offic_ial_Secrets_Act,Offic ial Secrets Act,1923,19,General
IDX_0_India_n_Soldiers__Litigation__,India n Soldiers (Litigation) Act,1925,4,General
IDX_0_Prov_ident_Funds_Act,Prov ident Funds Act,1925,19,General
IDX_0_Sikh_Gurdwaras__Supplementary_,Sikh Gurdwaras (Supplementary)Act,1925,24,General
IDX_0_India_n_Carriage_of_Goods_by_S,India n Carriage of Goods by Sea Act,1925,26,General
IDX_0_Madr_as__Bengal_and_Bombay_Chi,"Madr as, Bengal and Bombay Children
(Supplementary) Act",1925,35,General
IDX_0_India_n_Succession_Act,India n Succession Act,1925,39,General
IDX_0_Trad_e_Unions_Act,Trad e Unions Act,1926,16,General
IDX_0_India_n_Forest_Act,India n Forest Act,1927,16,General
IDX_0_Sale_of_Goods_Act,Sale of Goods Act,1930,3,General
IDX_0_Hind_u_Gains_of_Learning_Act,Hind u Gains of Learning Act,1930,30,General
IDX_0_India_n_Partnership_Act,India n Partnership Act,1932,9,General
IDX_0_Murs_hidabad_Estate_Administra,Murs hidabad Estate Administration Act,1933,23,General
IDX_0_Rese_rve_Bank_of_India_Act,Rese rve Bank of India Act,1934,2,General
IDX_0_Petro_leum_Act,Petro leum Act,1934,30,General
IDX_0_Parsi_Marriage_and_Divorce_Act,Parsi Marriage and Divorce Act,1936,3,General
IDX_0_Paym_ent_of_Wages_Act,Paym ent of Wages Act,1936,4,General
IDX_0_Agric_ultural_Produce__Grading,Agric ultural Produce (Grading and Marking) Act,1937,1,General
IDX_0_Musl_im_Personal_Law__Shariat_,Musl im Personal Law (Shariat) Application Act,1937,26,General
IDX_0_Insur_ance_Act,Insur ance Act,1938,4,General
IDX_0_Mano_euvres__Field_Firing_and_,"Mano euvres, Field Firing and Artillery Practice Act",1938,5,General
IDX_0_Cutc_hi_Memons_Act,Cutc hi Memons Act,1938,10,General
IDX_0_Disso_lution_of_Muslim_Marriag,Disso lution of Muslim Marriages Act,1939,8,General
IDX_0_Regi_stration_of_Foreigners_Ac,Regi stration of Foreigners Act,1939,16,General
IDX_0_Com_mercial_Documents_Evidence,Com mercial Documents Evidence Act,1939,30,General
IDX_0_Drug_s_and_Cosmetics_Act,Drug s and Cosmetics Act,1940,23,General
IDX_0_Coffe_e_Act,Coffe e Act,1942,7,General
IDX_0_Recip_rocity_Act,Recip rocity Act,1943,9,General
IDX_0_Cent_ral_Excise_Act,Cent ral Excise Act,1944,1,Tax
IDX_0_Publi_c_Debt_Act,Publi c Debt Act,1944,18,General
IDX_0_Inter_national_Monetary_Fund_a,Inter national Monetary Fund and Bank Act,1945,47,General
IDX_0_Indus_trial_Employment__Standi,Indus trial Employment (Standing Orders) Act,1946,20,General
IDX_0_Delh_i_Special_Police_Establis,Delh i Special Police Establishment Act,1946,25,General
IDX_0_Forei_gners_Act,Forei gners Act,1946,31,General
IDX_0_Indus_trial_Disputes_Act,Indus trial Disputes Act,1947,14,General
IDX_0_Arme_d_Forces__Emergency_Dutie,Arme d Forces (Emergency Duties) Act,1947,15,General
IDX_0_Rubb_er_Act,Rubb er Act,1947,24,General
IDX_0_Unite_d_Nations__Security_Coun,Unite d Nations (Security Council) Act,1947,43,General
IDX_0_Unite_d_Nations__Privileges_an,Unite d Nations (Privileges and Immunities) Act,1947,46,General
IDX_0_India_n_Nursing_Council_Act,India n Nursing Council Act,1947,48,General
IDX_0_Dock_Workers__Regulation_of_Em,Dock Workers (Regulation of Employment) Act,1948,9,General
IDX_0_Reha_bilitation_Finance_Admini,Reha bilitation Finance Administration Act,1948,12,General
IDX_0_Damo_dar_Valley_Corporation_Ac,Damo dar Valley Corporation Act,1948,14,Commercial
IDX_0_Denti_sts_Act,Denti sts Act,1948,16,General
IDX_0_Natio_nal_Cadet_Corps_Act,Natio nal Cadet Corps Act,1948,31,General
IDX_0_Calcu_tta_Port__Pilotage__Act,Calcu tta Port (Pilotage) Act,1948,33,General
IDX_0_Empl_oyees__State_Insurance_Ac,Empl oyees' State Insurance Act,1948,34,General
IDX_0_Diplo_matic_and_Consular_Offic,"Diplo matic and Consular Officers (Oaths and
Fees) Act",1948,41,General
IDX_0_Coal_Mines_Provident_Fund_and_,"Coal Mines Provident Fund and Miscellaneous
Provisions Act",1948,46,General
IDX_0_Oil_F_ields__Regulation_and_De,Oil F ields (Regulation and Development) Act,1948,53,General
IDX_0_Territ_orial_Army_Act,Territ orial Army Act,1948,56,General
IDX_0_Centr_al_Silk_Board_Act,Centr al Silk Board Act,1948,61,General
IDX_0_Reser_ve_Bank__Transfer_of_Pub,Reser ve Bank (Transfer of Public Ownership) Act,1948,62,General
IDX_0_Facto_ries_Act,Facto ries Act,1948,63,General
IDX_0_Mang_rol_and_Manavadar__Admini,"Mang rol and Manavadar (Administration of
Property) Act",1949,2,General
IDX_0_Sched_uled_Securities__Hyderab,Sched uled Securities (Hyderabad) Act,1949,7,General
IDX_0_Seaw_ard_Artillery_Practice_Ac,Seaw ard Artillery Practice Act,1949,8,General
IDX_0_Bank_ing_Regulation_Act,Bank ing Regulation Act,1949,10,General
IDX_0_West_Godavari_District__Assimi,"West Godavari District (Assimilation of Laws on
Federal Subjects) Act",1949,20,General
IDX_0_Chart_ered_Accountants_Act,Chart ered Accountants Act,1949,38,General
IDX_0_Indus_trial_Disputes__Banking_,"Indus trial Disputes (Banking and Insurance
Companies) Act",1949,54,General
IDX_0_Polic_e_Act,Polic e Act,1949,64,General
IDX_0_Centr_al_Reserve_Police_Force_,Centr al Reserve Police Force Act,1949,66,General
IDX_0_High_Courts__Seals__Act,High Courts (Seals) Act,1950,7,General
IDX_0_Immi_grants__Expulsion_from_As,Immi grants (Expulsion from Assam) Act,1950,10,General
IDX_0_Speci_al_Criminal_Courts__Juri,Speci al Criminal Courts (Jurisdiction) Act,1950,18,Criminal
IDX_0_Trans_fer_of_Prisoners_Act,Trans fer of Prisoners Act,1950,29,General
IDX_0_Ajme_r_Tenancy_and_Land_Record,Ajme r Tenancy and Land Records Act,1950,42,General
IDX_0_Repre_sentation_of_the_People_,Repre sentation of the People Act,1950,43,General
IDX_0_Air_F_orce_Act,Air F orce Act,1950,45,General
IDX_0_223_,223.,1950,46,General
IDX_0_Conti_ngency_Fund_of_India_Act,Conti ngency Fund of India Act,1950,49,General
IDX_0_Road_Transport_Corporations_Ac,Road Transport Corporations Act,1950,64,Commercial
IDX_0_Khad_dar__Protection_of_Name__,Khad dar (Protection of Name) Act,1950,78,General
IDX_0_Jallia_nwala_Bagh_National_Mem,Jallia nwala Bagh National Memorial Act,1951,25,General
IDX_0_Visva__Bharati_Act,Visva -Bharati Act,1951,29,General
IDX_0_Presid_ent_s_Emolument_and_Pen,Presid ent's Emolument and Pension Act,1951,30,General
IDX_0_Finan_ce_Commission__Miscellan,Finan ce Commission (Miscellaneous Provisions) Act,1951,33,General
IDX_0_Sched_uled_Areas__Assimilation,Sched uled Areas (Assimilation of Laws) Act,1951,37,General
IDX_0_Mark_ing_of_Heavy_Packages_Act,Mark ing of Heavy Packages Act,1951,39,General
IDX_0_Rajgh_at_Samadhi_Act,Rajgh at Samadhi Act,1951,41,General
IDX_0_Repre_sentation_of_the_People_,Repre sentation of the People Act,1951,43,General
IDX_0_Comp_anies__Donations_to_Natio,Comp anies (Donations to National Funds) Act,1951,54,General
IDX_0_All_In_dia_Services_Act,All-In dia Services Act,1951,61,General
IDX_0_State_Financial_Corporations_A,State Financial Corporations Act,1951,63,Commercial
IDX_0_Indus_tries__Development_and_R,Indus tries (Development and Regulation) Act,1951,65,General
IDX_0_Plant_ations_Labour_Act,Plant ations Labour Act,1951,69,General
IDX_0_Empl_oyees__Provident_Funds_an,"Empl oyees' Provident Funds and Miscellaneous
Provisions Act",1952,19,General
IDX_0_Requ_isitioning_and_Acquisitio,"Requ isitioning and Acquisition of Immovable
Property Act",1952,30,General
IDX_0_245_,245.,1952,35,General
IDX_0_Notar_ies_Act,Notar ies Act,1952,53,General
IDX_0_Salar_ies_and_Allowances_of_Mi,Salar ies and Allowances of Ministers Act,1952,58,General
IDX_0_Reser_ve_and_Auxiliary_Air_For,Reser ve and Auxiliary Air Forces Act,1952,62,General
IDX_0_State_Armed_Police_Forces__Ext,"State Armed Police Forces (Extension of Laws)
Act",1952,63,General
IDX_0_Forw_ard_Contracts__Regulation,Forw ard Contracts (Regulation)Act,1952,74,General
IDX_0_Sched_uled_Areas__Assimilation,Sched uled Areas (Assimilation of Laws) Act,1953,16,General
IDX_0_Salar_ies_and_Allowances_of_Of,"Salar ies and Allowances of Officers of
Parliament Act",1953,20,General
IDX_0_255_,255.,1953,29,General
IDX_0_Andh_ra_State_Act,Andh ra State Act,1953,30,General
IDX_0_Calcu_tta_High_Court__Extensio,"Calcu tta High Court (Extension of Jurisdiction)
Act",1953,41,General
IDX_0_Coir_I_ndustry_Act,Coir I ndustry Act,1953,45,General
IDX_0_Drugs_and_Magic_Remedies__Obje,"Drugs and Magic Remedies (Objectionable
Advertisements) Act",1954,21,General
IDX_0_Deliv_ery_of_Books_and_Newspap,"Deliv ery of Books and Newspapers (Public
Libraries) Act",1954,27,General
IDX_0_High_Court_Judges__Salaries_an,"High Court Judges (Salaries and Conditions of
Service) Act",1954,28,General
IDX_0_Salar_y__Allowances_and_Pensio,"Salar y, Allowances and Pension of Members of
Parliament Act",1954,30,General
IDX_0_Shillo_ng__Rifle_Range_and_Uml,"Shillo ng (Rifle Range and Umlong)
Cantonments Assimilation of Laws Act",1954,31,General
IDX_0_Hima_chal_Pradesh_and_Bilaspur,Hima chal Pradesh and Bilaspur (New State) Act,1954,32,General
IDX_0_Speci_al_Marriage_Act,Speci al Marriage Act,1954,43,General
IDX_0_Essen_tial_Commodities_Act,Essen tial Commodities Act,1955,10,General
IDX_0_Prote_ction_of_Civil_Rights_Ac,Prote ction of Civil Rights Act,1955,22,Civil Procedure
IDX_0_State_Bank_of_India_Act,State Bank of India Act,1955,23,General
IDX_0_Priso_ners__Attendance_in_Cour,Priso ners (Attendance in Courts) Act,1955,32,General
IDX_0_Durg_ah_Khawaja_Saheb_Act,Durg ah Khawaja Saheb Act,1955,36,General
IDX_0_Prize_Competitions_Act,Prize Competitions Act,1955,42,General
IDX_0_Work_ing_Journalists_and_other,"Work ing Journalists and other Newspaper
Employees (Conditions of Service) and
Miscellaneous Provisions Act",1955,45,General
IDX_0_Mani_pur__Courts__Act,Mani pur (Courts) Act,1955,56,General
IDX_0_Citize_nship_Act,Citize nship Act,1955,57,General
IDX_0_Unive_rsity_Grants_Commission_,Unive rsity Grants Commission Act,1956,3,General
IDX_0_All_In_dia_Institute_of_Medica,All-In dia Institute of Medical Sciences Act,1956,25,General
IDX_0_Life_I_nsurance_Corporation_Ac,Life I nsurance Corporation Act,1956,31,Commercial
IDX_0_Inter__State_River_Water_Dispu,Inter- State River Water Disputes Act,1956,33,General
IDX_0_Secur_ities_Contracts__Regulat,Secur ities Contracts (Regulation) Act,1956,42,General
IDX_0_Natio_nal_Highways_Act,Natio nal Highways Act,1956,48,General
IDX_0_Supre_me_Court__Number_of_Judg,Supre me Court (Number of Judges) Act,1956,55,General
IDX_0_Khad_i_and_Village_Industries_,Khad i and Village Industries Commission Act,1956,61,General
IDX_0_Centr_al_Sales_Tax_Act,Centr al Sales Tax Act,1956,74,Tax
IDX_0_Mani_pur__Village_Authorities_,Mani pur (Village Authorities in Hill Areas) Act,1956,80,General
IDX_0_Farid_abad_Development_Corpora,Farid abad Development Corporation Act,1956,90,Commercial
IDX_0_Slum_Areas__Improvement_and_Cl,Slum Areas (Improvement and Clearance) Act,1956,96,General
IDX_0_Immo_ral_Traffic__Prevention_A,Immo ral Traffic (Prevention)Act,1956,104,General
IDX_0_Wom_en_s_and_Children_s_Instit,"Wom en's and Children's Institutions (Licensing)
Act",1956,105,General
IDX_0_Copy_right_Act,Copy right Act,1957,14,General
IDX_0_Coal_Bearing_Areas__Acquisitio,"Coal Bearing Areas (Acquisition and
Development) Act",1957,20,General
IDX_0_Railw_ay_Protection_Force_Act,Railw ay Protection Force Act,1957,23,General
IDX_0_Weal_th_tax_Act,Weal th-tax Act,1957,27,Tax
IDX_0_Inter__State_Corporation_Act,Inter- State Corporation Act,1957,38,Commercial
IDX_0_Naga_Hills_Tuensang_Area_Act,Naga Hills-Tuensang Area Act,1957,42,General
IDX_0_Publi_c_Employment__Requiremen,"Publi c Employment (Requirement as to
Residence) Act",1957,44,General
IDX_0_Canto_nments__Extension_of_Ren,Canto nments (Extension of Rent Control Laws) Act,1957,46,General
IDX_0_308_,308.,1957,62,General
IDX_0_Mine_s_and_Minerals__Developme,"Mine s and Minerals (Development and
Regulation) Act",1957,67,General
IDX_0_Proba_tion_of_Offenders_Act,Proba tion of Offenders Act,1958,20,General
IDX_0_Anci_ent_Monuments_and_Archaeo,"Anci ent Monuments and Archaeological Sites
and Remains Act",1958,24,General
IDX_0_Arme_d_Forces__Special_Powers_,Arme d Forces (Special Powers) Act,1958,28,General
IDX_0_Work_ing_Journalists__Fixation,"Work ing Journalists (Fixation of Rates of Wages)
Act",1958,29,General
IDX_0_1Suga_r_Export_Promotion_Act,1Suga r Export Promotion Act,1958,30,General
IDX_0_Supre_me_Court_Judges__Salarie,"Supre me Court Judges (Salaries and Conditions
of Service) Act",1958,41,General
IDX_0_Intern_ational_Finance_Corpora,"Intern ational Finance Corporation (Status,
Immunities and Privileges) Act",1958,42,Commercial
IDX_0_Merc_hant_Shipping_Act,Merc hant Shipping Act,1958,44,General
IDX_0_Parlia_ment__Prevention_of_Dis,Parlia ment (Prevention of Disqualification) Act,1959,10,General
IDX_0_Cost_and_Works_Accountants_Act,Cost and Works Accountants Act,1959,23,General
IDX_0_Empl_oyment_Exchanges__Compuls,"Empl oyment Exchanges (Compulsory Notification
of Vacancies) Act",1959,31,General
IDX_0_Rajas_than_and_Madhya_Pradesh_,"Rajas than and Madhya Pradesh (Transfer of
Territories) Act",1959,47,General
IDX_0_326_,326.,1959,54,General
IDX_0_Andh_ra_Pradesh_and_Madras__Al,"Andh ra Pradesh and Madras (Alteration of
Boundaries) Act",1959,56,General
IDX_0_India_n_Statistical_Institute_,India n Statistical Institute Act,1959,57,General
IDX_0_Gene_va_Conventions_Act,Gene va Conventions Act,1960,6,General
IDX_0_Orph_anages_and_Other_Charitab,"Orph anages and Other Charitable Homes
(Supervision and Control) Act",1960,10,General
IDX_0_Bomb_ay_Reorganisation_Act,Bomb ay Reorganisation Act,1960,11,General
IDX_0_Delh_i_Land_Holdings__Ceiling_,Delh i Land Holdings (Ceiling) Act,1960,24,General
IDX_0_Inter_national_Development_Ass,"Inter national Development Association (Status,
Immunities and Privileges) Act",1960,32,General
IDX_0_Mani_pur_Land_Revenue_and_Land,Mani pur Land Revenue and Land Reforms Act,1960,33,General
IDX_0_Tripu_ra_Land_Revenue_and_Land,Tripu ra Land Revenue and Land Reforms Act,1960,43,General
IDX_0_Preve_ntion_of_Cruelty_to_Anim,Preve ntion of Cruelty to Animal Act,1960,59,General
IDX_0_Prefe_rence_Shares__Regulation,Prefe rence Shares (Regulation of Dividend) Act,1960,63,General
IDX_0_Acqu_ired_Territories__Merger_,Acqu ired Territories (Merger)Act,1960,64,General
IDX_0_Advo_cates_Act,Advo cates Act,1961,25,General
IDX_0_Salar_Jung_Museum_Act,Salar Jung Museum Act,1961,26,General
IDX_0_Moto_r_Transport_Workers_Act,Moto r Transport Workers Act,1961,27,General
IDX_0_Dowr_y_Prohibition_Act,Dowr y Prohibition Act,1961,28,General
IDX_0_Delhi__Urban_Areas__Tenants__R,Delhi (Urban Areas) Tenants' Relief Act,1961,30,General
IDX_0_Volu_ntary_Surrender_of_Salari,"Volu ntary Surrender of Salaries (Exemption from
Taxation) Act",1961,46,Tax
IDX_0_Depo_sit_Insurance_and_Credit_,"Depo sit Insurance and Credit Guarantee
Corporation Act",1961,47,Commercial
IDX_0_Appr_entices_Act,Appr entices Act,1961,52,General
IDX_0_Mate_rnity_Benefit_Act,Mate rnity Benefit Act,1961,53,General
IDX_0_Instit_utes_of_Technology_Act,Instit utes of Technology Act,1961,59,General
IDX_0_Goa__Daman_and_Diu__Administra,"Goa, Daman and Diu (Administration) Act",1962,1,General
IDX_0_Hind_i_Sahitya_Sammelan_Act,Hind i Sahitya Sammelan Act,1962,13,General
IDX_0_Natio_nal_Co_operative_Develop,"Natio nal Co-operative Development Corporation
Act",1962,26,Commercial
IDX_0_State_of_Nagaland_Act,State of Nagaland Act,1962,27,General
IDX_0_Atom_ic_Energy_Act,Atom ic Energy Act,1962,33,General
IDX_0_Extra_dition_Act,Extra dition Act,1962,34,General
IDX_0_Forei_gners_Law__Application_a,Forei gners Law (Application and Amendment) Act,1962,42,Constitutional
IDX_0_Pond_icherry__Administration__,Pond icherry (Administration) Act,1962,49,General
IDX_0_Petro_leum_and_Minerals_Pipeli,"Petro leum and Minerals Pipelines (Acquisition of
Right of User in Land) Act",1962,50,General
IDX_0_Custo_ms_Act,Custo ms Act,1962,52,General
IDX_0_Mani_pur__Sales_of_Motor_Spiri,"Mani pur (Sales of Motor Spirit and Lubricants)
Taxation Act",1962,55,Tax
IDX_0_State_Associated_Banks__Miscel,"State Associated Banks (Miscellaneous
Provisions) Act",1962,56,General
IDX_0_Delh_i_Motor_Vehicles_Taxation,Delh i Motor Vehicles Taxation Act,1962,57,Tax
IDX_0_Ware_housing_Corporations_Act,Ware housing Corporations Act,1962,58,Commercial
IDX_0_Mari_ne_Insurance_Act,Mari ne Insurance Act,1963,11,General
IDX_0_Offic_ial_Languages_Act,Offic ial Languages Act,1963,19,General
IDX_0_Gove_rnment_of_Union_Territori,Gove rnment of Union Territories Act,1963,20,General
IDX_0_Expo_rt__Quality_Control_and_I,Expo rt (Quality Control and Inspection) Act,1963,22,General
IDX_0_Limi_tation_Act,Limi tation Act,1963,36,General
IDX_0_Texti_les_Committee_Act,Texti les Committee Act,1963,41,General
IDX_0_Adm_inistrators_General_Act,Adm inistrators-General Act,1963,45,General
IDX_0_Spec_ific_Relief_Act,Spec ific Relief Act,1963,47,General
IDX_0_Cent_ral_Boards_of_Revenue_Act,Cent ral Boards of Revenue Act,1963,54,General
IDX_0_Com_panies__Profits__Surtax_Ac,Com panies (Profits) Surtax Act,1964,7,Tax
IDX_0_Taxa_tion_Laws__Continuation_a,"Taxa tion Laws (Continuation and Validation of
Recovery Proceedings) Act",1964,11,Tax
IDX_0_Daks_hina_Bharat_Hindi_Prachar,Daks hina Bharat Hindi Prachar Sabha Act,1964,14,General
IDX_0_Lega_l_Tender__Inscribed_Notes,Lega l Tender (Inscribed Notes) Act,1964,28,General
IDX_0_Food_Corporations_Act,Food Corporations Act,1964,37,Commercial
IDX_0_Ware_housing_Corporations__Sup,Ware housing Corporations (Supplementary) Act,1965,20,Commercial
IDX_0_Paym_ent_of_Bonus_Act,Paym ent of Bonus Act,1965,21,General
IDX_0_Goa__Daman_and_Diu__Extension_,"Goa, Daman and Diu (Extension of the Code of
Civil Procedure and the Arbitration Act) Act",1965,30,Civil Procedure
IDX_0_Railw_ays_Employment_of_Member,"Railw ays Employment of Members of the Armed
Forces Act",1965,40,General
IDX_0_Card_amom_Act,Card amom Act,1965,42,General
IDX_0_Unio_n_Territories__Direct_Ele,"Unio n Territories (Direct Election to the House of
the People) Act",1965,49,General
IDX_0_Seam_en_s_Provident_Fund_Act,Seam en's Provident Fund Act,1966,4,General
IDX_0_Delh_i_High_Court_Act,Delh i High Court Act,1966,26,General
IDX_0_Railw_ay_Property__Unlawful_Po,Railw ay Property (Unlawful Possession) Act,1966,29,General
IDX_0_Punja_b_Reorganisation_Act,Punja b Reorganisation Act,1966,31,General
IDX_0_Beed_i_and_Cigar_Workers__Cond,"Beed i and Cigar Workers (Conditions of
Employment) Act",1966,32,General
IDX_0_Polic_e_Forces__Restriction_of,Polic e Forces (Restriction of Rights) Act,1966,33,General
IDX_0_Post__Graduate_Institute_of_Me,"Post- Graduate Institute of Medical Education and
Research, Chandigarh Act",1966,51,General
IDX_0_Jawa_harlal_Nehru_University_A,Jawa harlal Nehru University Act,1966,53,General
IDX_0_397_,397.,1966,54,General
IDX_0_Land_Acquisition__Amendment_an,"Land Acquisition (Amendment and Validation)
Act",1967,13,Constitutional
IDX_0_Passp_orts_Act,Passp orts Act,1967,15,General
IDX_0_Unla_wful_Activities__Preventi,Unla wful Activities (Prevention) Act,1967,37,General
IDX_0_Jamm_u_and_Kashmir_Representat,"Jamm u and Kashmir Representation of the
People (Supplementary)Act",1968,3,General
IDX_0_Biha_r_and_Uttar_Pradesh__Alte,"Biha r and Uttar Pradesh (Alteration of
Boundaries) Act",1968,24,General
IDX_0_Centr_al_Laws__Extension_to_Ja,Centr al Laws (Extension to Jammu and Kashmir) Act,1968,25,General
IDX_0_Pond_icherry__Extension_of_Law,Pond icherry (Extension of Laws) Act,1968,26,General
IDX_0_Civil_Defence_Act,Civil Defence Act,1968,27,Civil Procedure
IDX_0_Enem_y_Property_Act,Enem y Property Act,1968,34,General
IDX_0_Andh_ra_Pradesh_and_Mysore__Tr,"Andh ra Pradesh and Mysore (Transfer of
Territory) Act",1968,36,General
IDX_0_Insec_ticides_Act,Insec ticides Act,1968,46,General
IDX_0_Bord_er_Security_Force_Act,Bord er Security Force Act,1968,47,General
IDX_0_Centr_al_Industrial_Security_F,Centr al Industrial Security Force Act,1968,50,General
IDX_0_Judg_es__Inquiry__Act,Judg es (Inquiry) Act,1968,51,General
IDX_0_Essen_tial_Service_Maintenance,Essen tial Service Maintenance Act,1968,,General
IDX_0_Legis_lative_Assembly_of_Nagal,"Legis lative Assembly of Nagaland (Change in
Representation) Act",1968,61,General
IDX_0_Presi_dent__Discharge_of_Funct,Presi dent (Discharge of Functions) Act,1969,16,General
IDX_0_Regi_stration_of_Births_and_De,Regi stration of Births and Deaths Act,1969,18,General
IDX_0_Unio_n_Territories__Separation,"Unio n Territories (Separation of Judicial and
Executive Functions) Act",1969,19,General
IDX_0_Forei_gn_Marriage_Act,Forei gn Marriage Act,1969,33,General
IDX_0_Biha_r_Land_Reforms_Laws__Regu,"Biha r Land Reforms Laws (Regulating Mines and
Minerals) Validation Act",1969,42,General
IDX_0_Khud_a_Bakhsh_Oriental_Public_,Khud a Bakhsh Oriental Public Library Act,1969,43,General
IDX_0_420_,420.,1969,44,General
IDX_0_Assa_m_Reorganisation__Meghala,Assa m Reorganisation (Meghalaya)Act,1969,55,General
IDX_0_Bank_ing_Companies__Acquisitio,"Bank ing Companies (Acquisition and Transfer of
Undertakings) Act",1970,5,General
IDX_0_Hary_ana_and_Punjab_Agricultur,"Hary ana and Punjab Agricultural Universities
Act",1970,16,General
IDX_0_Supr_eme_Court__Enlargement_of,"Supr eme Court (Enlargement of Criminal
Appellate Jurisdiction) Act",1970,28,Criminal
IDX_0_Cont_ract_Labour__Regulation_a,Cont ract Labour (Regulation and Abolition) Act,1970,37,General
IDX_0_Paten_ts_Act,Paten ts Act,1970,39,General
IDX_0_State_of_Himachal_Pradesh_Act,State of Himachal Pradesh Act,1970,53,General
IDX_0_Medi_cal_Termination_of_Pregna,Medi cal Termination of Pregnancy Act,1971,34,General
IDX_0_Publi_c_Premises__Eviction_of_,"Publi c Premises (Eviction of Unauthorised
Occupants) Act",1971,40,General
IDX_0_Emer_gency_Risks__Goods__Insur,Emer gency Risks (Goods) Insurance Act,1971,,General
IDX_0_Emer_gency_Risks__Under_Taking,Emer gency Risks (Under-Takings) Insurance Act,1971,,General
IDX_0_Com_ptroller_and_Auditor_Gener,"Com ptroller and Auditor General's (Duties,
Powers and Conditions of Service) Act",1971,56,General
IDX_0_Nava_l_and_Aircraft_Prize_Act,Nava l and Aircraft Prize Act,1971,59,General
IDX_0_Preve_ntion_of_Insults_to_Nati,Preve ntion of Insults to National Honour Act,1971,69,General
IDX_0_Cont_empt_of_Courts_Act,Cont empt of Courts Act,1971,70,General
IDX_0_Mani_pur__Hill_Areas_District_,Mani pur (Hill Areas District Council) Act,1971,76,General
IDX_0_North__Eastern_Area__Reorganis,North -Eastern Area (Reorganisation)Act,1971,81,General
IDX_0_Delh_i_Sikh_Gurdwaras_Act,Delh i Sikh Gurdwaras Act,1971,82,General
IDX_0_North__Eastern_Council_Act,North -Eastern Council Act,1971,84,General
IDX_0_News_papers__Price_Control__Ac,News papers (Price Control) Act,1972,,General
IDX_0_Depa_rtmental_Inquiries__Enfor,"Depa rtmental Inquiries (Enforcement of
Attendance of Witnesses and Production of
Documents) Act",1972,18,General
IDX_0_Arch_itects_Act,Arch itects Act,1972,20,General
IDX_0_Taxa_tion_Laws__Extension_to_J,"Taxa tion Laws (Extension to Jammu and
Kashmir) Act",1972,25,Tax
IDX_0_Natio_nal_Service_Act,Natio nal Service Act,1972,28,General
IDX_0_Delh_i_Lands__Restriction_on_T,Delh i Lands (Restriction on Transfer) Act,1972,30,General
IDX_0_Paym_ent_of_Gratuity_Act,Paym ent of Gratuity Act,1972,39,General
IDX_0_Diplo_matic_Relations__Vienna_,Diplo matic Relations (Vienna Convention) Act,1972,43,General
IDX_0_Antiq_uities_and_Art_Treasures,Antiq uities and Art Treasures Act,1972,52,General
IDX_0_Wild_Life__Protection__Act,Wild Life (Protection) Act,1972,53,General
IDX_0_Gene_ral_Insurance_Business__N,Gene ral Insurance Business (Nationalisation) Act,1972,57,General
IDX_0_Form_er_Secretary_of_State_Ser,"Form er Secretary of State Service Officers
(Conditions of Service) Act",1972,59,General
IDX_0_Carri_age_by_Air_Act,Carri age by Air Act,1972,69,General
IDX_0_Rich_ard_son_and_Crud_das_Limi,"Rich ard son and Crud das Limited (Acquisition
and Transfer of Undertakings) Act",1972,78,General
IDX_0_Diplo_matic_and_Consular_Offic,"Diplo matic and Consular Officers (Oaths and
Fees) (Extension to Jammu and Kashmir) Act",1973,2,General
IDX_0_Delh_i_School_Education_Act,Delh i School Education Act,1973,18,General
IDX_0_North__Eastern_Hill_University,North -Eastern Hill University Act,1973,24,General
IDX_0_Auth_oritative_Texts__Central_,Auth oritative Texts (Central Laws) Act,1973,50,General
IDX_0_Delh_i_Urban_Art_Commission_Ac,Delh i Urban Art Commission Act,1974,1,General
IDX_0_Wate_r__Prevention_and_Control,Wate r (Prevention and Control of Pollution) Act,1974,6,General
IDX_0_Econ_omic_Offences__Inapplicab,"Econ omic Offences (Inapplicability of
Limitation) Act",1974,12,Criminal
IDX_0_Univ_ersity_of_Hyderabad_Act,Univ ersity of Hyderabad Act,1974,39,General
IDX_0_Inter_est_tax_Act,Inter est-tax Act,1974,45,Tax
IDX_0_Oil_I_ndustry__Development_Act,Oil I ndustry (Development)Act,1974,47,General
IDX_0_Cons_ervation_of_Foreign_Excha,"Cons ervation of Foreign Exchange and
Prevention of Smuggling Activities Act",1974,52,General
IDX_0_East__Punjab_Urban_Rent_Restri,"East -Punjab Urban Rent Restriction (Extension
to Chandigarh) Act",1974,54,General
IDX_0_Sick_Textile_Undertakings__Nat,Sick Textile Undertakings (Nationalisation) Act,1974,57,General
IDX_0_Toba_cco_Board_Act,Toba cco Board Act,1975,4,General
IDX_0_Toky_o_Convention_Act,Toky o Convention Act,1975,20,General
IDX_0_Ram_pur_Raza_Library_Act,Ram pur Raza Library Act,1975,22,General
IDX_0_Delh_i_Sales_Tax_Act,Delh i Sales Tax Act,1975,43,Tax
IDX_0_Cust_oms_Tariff_Act,Cust oms Tariff Act,1975,51,General
IDX_0_Elec_tion_Laws__Extension_to_S,Elec tion Laws (Extension to Sikkim) Act,1976,10,General
IDX_0_Sales_Promotion_Employees__Con,"Sales Promotion Employees (Conditions of
Service) Act",1976,11,General
IDX_0_Smu_gglers_and_Foreign_Exchang,"Smu gglers and Foreign Exchange Manipulators
(Forfeiture of Property) Act",1976,13,General
IDX_0_Bond_ed_Labour_System__Aboliti,Bond ed Labour System (Abolition) Act,1976,19,General
IDX_0_Regi_onal_Rural_Banks_Act,Regi onal Rural Banks Act,1976,21,General
IDX_0_Equa_l_Remuneration_Act,Equa l Remuneration Act,1976,25,General
IDX_0_Levy_Sugar_Price_Equalisation_,Levy Sugar Price Equalisation Fund Act,1976,31,General
IDX_0_High_Court_at_Patna__Establish,"High Court at Patna (Establishment of a
Permanent Bench at Ranchi) Act",1976,57,General
IDX_0_Depa_rtmentalisation_of_Union_,"Depa rtmentalisation of Union Accounts
(Transfer of Personnel) Act",1976,59,General
IDX_0_Betw_a_River_Board_Act,Betw a River Board Act,1976,63,General
IDX_0_Life_Insurance_Corporation__Mo,"Life Insurance Corporation (Modification of
Settlement) Act",1976,72,Commercial
IDX_0_Distu_rbed_Areas__Special_Cour,Distu rbed Areas (Special Courts) Act,1976,77,General
IDX_0_Terr_itorial_Waters__Continent,"Terr itorial Waters, Continental Shelf, Exclusive
Economic Zone and Other Maritime Zones Act",1976,80,General
IDX_0_Parli_amentary_Proceedings__Pr,"Parli amentary Proceedings (Protection of
Publication) Act",1977,15,General
IDX_0_Salar_y_and_Allowances_of_Lead,"Salar y and Allowances of Leaders of Opposition
in Parliament Act",1977,33,General
IDX_0_Lady_Hardinge_Medical_College_,"Lady Hardinge Medical College and Hospital
(Acquisition and Miscellaneous Provisions) Act",1977,34,General
IDX_0_Inter_est_Act,Inter est Act,1978,14,General
IDX_0_Publi_c_Sector_Iron_and_Steel_,"Publi c Sector Iron and Steel Companies
(Restructuring) and Miscellaneous Provisions Act",1978,16,General
IDX_0_Coas_t_Guard_Act,Coas t Guard Act,1978,30,General
IDX_0_Metr_o_Railways__Construction_,Metr o Railways (Construction of Works) Act,1978,33,General
IDX_0_Delh_i_Police_Act,Delh i Police Act,1978,34,General
IDX_0_Pres_s_Council_Act,Pres s Council Act,1978,37,General
IDX_0_Britan_nia_Engineering_Company,"Britan nia Engineering Company Limited (Mokameh
Unit) and the Arthur Butler and Company
(Muzaffarpore) Limited (Acquisition
And Transfer of Undertakings) Act",1978,41,Commercial
IDX_0_Prize_Chits_and_Money_Circulat,"Prize Chits and Money Circulation Scheme
(Banning) Act",1978,43,General
IDX_0_Coco_nut_Development_Board_Act,Coco nut Development Board Act,1979,5,General
IDX_0_Unio_n_Duties_of_Excise__Distr,Unio n Duties of Excise (Distribution) Act,1979,24,Tax
IDX_0_Inter__State_Migrant_Workmen_R,"Inter -State Migrant Workmen Regulation of
Employment and Condition of Service) Act",1979,30,General
IDX_0_Hary_ana_and_Uttar_Pradesh__Al,"Hary ana and Uttar Pradesh (Alteration of
Boundaries) Act",1979,31,General
IDX_0_Prev_ention_of_Black_marketing,"Prev ention of Black marketing and
Maintenance of Supplies of Essential
Commodities Act",1980,7,General
IDX_0_Bank_ing_Companies__Acquisitio,"Bank ing Companies (Acquisition and Transfer
of Undertakings) Act",1980,40,General
IDX_0_Esse_ntial_Services_Maintenanc,Esse ntial Services Maintenance (Assam) Act,1980,41,General
IDX_0_Nati_onal_Company__Acquisition,"Nati onal Company (Acquisition and Transfer of
Undertakings) Ac",1980,42,Commercial
IDX_0_Brah_maputra_Board_Act,Brah maputra Board Act,1980,46,General
IDX_0_Sree_Chitra_Tirunal_Institute_,"Sree Chitra Tirunal Institute for Medical
Sciences and Technology, Trivandrum Act",1980,52,General
IDX_0_Hote_l_Receipts_Tax_Act,Hote l-Receipts Tax Act,1980,54,Tax
IDX_0_Com_pany_Secretaries_Act,Com pany Secretaries Act,1980,56,General
IDX_0_Jute_Companies__Nationalisatio,Jute Companies (Nationalisation) Act,1980,62,General
IDX_0_Nati_onal_Security_Act,Nati onal Security Act,1980,65,General
IDX_0_Bird_and_Company_Limited__Acqu,"Bird and Company Limited (Acquisition and
Transfer of Undertakings and
Other Properties) Act",1980,67,Commercial
IDX_0_Van__Sanrakshan_Evam_Samvardha,"Van (Sanrakshan Evam Samvardhan)
Adhiniyam",1980,69,General
IDX_0_Hind_Cycles_Limited_and_Sen_Ra,"Hind Cycles Limited and Sen-Raleigh Limited
(Nationalisation) Act",1980,70,General
IDX_0_Air___Prevention_and_Control_o,Air ( Prevention and Control of Pollution) Act,1981,14,General
IDX_0_High_Court_and_Bombay__Extensi,"High Court and Bombay (Extension of
Jurisdiction to Goa, Daman and Diu) Act",1981,26,General
IDX_0_Expo_rt_Import_Bank_of_India_A,Expo rt-Import Bank of India Act,1981,28,General
IDX_0_Briti_sh_India_Corporation_Lim,"Briti sh India Corporation Limited (Acquisition
of Shares) Act",1981,29,Commercial
IDX_0_Dalm_ia_Dadricement_Limited__A,"Dalm ia Dadricement Limited (Acquisition and
Transfer of Undertakings) Act",1981,31,General
IDX_0_Cine__Workers_Welfare_Fund_Act,Cine -Workers Welfare Fund Act,1981,33,General
IDX_0_Esse_ntial_Services__Maintenan,Esse ntial Services (Maintenance) Act,1981,,General
IDX_0_Mari_time_Zones_of_India__Regu,"Mari time Zones of India (Regulation of Fishing
by Foreign Vessels) Act",1981,42,General
IDX_0_Anti__Apartheid__United_Nation,Anti- Apartheid (United Nations Convention) Act,1981,48,General
IDX_0_Cine__Workers_and_Cinema_Theat,"Cine- Workers and Cinema Theatre Workers
(Regulation of Employment) Act",1981,50,General
IDX_0_Natio_nal_Bank_for_Agriculture,"Natio nal Bank for Agriculture and Rural
Development Act",1981,61,General
IDX_0_Afric_an_Development_Fund_Act,Afric an Development Fund Act,1982,1,General
IDX_0_Suga_r_Development_Fund_Act,Suga r Development Fund Act,1982,4,General
IDX_0_Chap_armukh_Silghat_Railway_Li,"Chap armukh Silghat Railway Line and the Kata khal
Lala bazaar Railway Line (Nationalisation) Act",1982,36,General
IDX_0_Chit_Funds_Act,Chit Funds Act,1982,40,General
IDX_0_Gove_rnors__Emoluments__Allowa,"Gove rnors (Emoluments, Allowances and
Privileges) Act",1982,43,General
IDX_0_State_Bank_of_Sikkim__Acquisit,"State Bank of Sikkim (Acquisition of Shares)
and Miscellaneous Provisions Act",1982,62,General
IDX_0_Supp_ression_of_Unlawful_Acts_,"Supp ression of Unlawful Acts Against Safety of
Civil Aviation Act",1982,66,Civil Procedure
IDX_0_Afric_an_Development_Bank_Act,Afric an Development Bank Act,1983,13,General
IDX_0_Emig_ration_Act,Emig ration Act,1983,31,General
IDX_0_Punja_b_Disturbed_Areas_Act,Punja b Disturbed Areas Act,1983,32,General
IDX_0_Chan_digarh_Disturbed_Areas_Ac,Chan digarh Disturbed Areas Act,1983,33,General
IDX_0_Arme_d_Forces__Punjab_and_Chan,"Arme d Forces (Punjab and Chandigarh) Special
Powers Act",1983,34,General
IDX_0_1Illeg_al_Migrants__Determinat,"1Illeg al Migrants (Determination by Tribunals)
Act",1983,39,General
IDX_0_Publi_c_Financial_Institutions,"Publi c Financial Institutions (Obligation as to
Fidelity and Secrecy) Act",1983,48,General
IDX_0_Preve_ntion_of_Damage_to_Publi,Preve ntion of Damage to Public Property Act,1984,3,General
IDX_0_Asiat_ic_Society_Act,Asiat ic Society Act,1984,5,General
IDX_0_Inche_k_Tyres_Limited_and_Nati,"Inche k Tyres Limited and National Rubber
Manufacturers Limited (Nationalisation)Act",1984,17,General
IDX_0_India_n_Veterinary_Council_Act,India n Veterinary Council Act,1984,52,General
IDX_0_Hoog_hly_Docking_and_Engineeri,"Hoog hly Docking and Engineering Company
Limited (Acquisition and Transfer
Of Undertakings) Act",1984,55,Commercial
IDX_0_Terro_rist_Affected_Areas__Spe,Terro rist Affected Areas (Special Courts) Act,1984,61,General
IDX_0_Fami_ly_Courts_Act,Fami ly Courts Act,1984,66,General
IDX_0_Natio_nal_Capital_Region_Plann,Natio nal Capital Region Planning Board Act,1985,2,General
IDX_0_Calcu_tta_Metro_Railway__Opera,"Calcu tta Metro Railway (Operation
And Maintenance) Temporary Provisions Act",1985,10,General
IDX_0_Adm_inistrative_Tribunals_Act,Adm inistrative Tribunals Act,1985,13,General
IDX_0_Bhop_al_Gas_Leak_Disaster__Pro,Bhop al Gas Leak Disaster (Processing of Claims) Act,1985,21,General
IDX_0_Hand_looms__Reservation_of_Art,"Hand looms (Reservation of Articles for
Production) Act",1985,22,General
IDX_0_Pond_icherry_University_Act,Pond icherry University Act,1985,53,General
IDX_0_Intell_igence_Organisations__R,"Intell igence Organisations (Restriction on Rights)
Act",1985,58,General
IDX_0_Judg_es__Protection_Act,Judg es (Protection)Act,1985,59,General
IDX_0_1Narc_otic_Drugs_and_Psychotro,"1Narc otic Drugs and Psychotropic Substances
Act",1985,61,General
IDX_0_Inlan_d_Waterways_Authority_of,Inlan d Waterways Authority of India Act,1985,82,General
IDX_0_Agric_ultura_land_Processed_Fo,"Agric ultura land Processed Food Products Export
Development Authority Act",1986,2,General
IDX_0_Spice_s_Board_Act,Spice s Board Act,1986,10,General
IDX_0_Musl_im_Women__Protection_of_R,"Musl im Women (Protection of Rights on
Divorce) Act",1986,25,General
IDX_0_Coal_Mines_Labour_Welfare_Fund,Coal Mines Labour Welfare Fund (Repeal) Act,1986,27,General
IDX_0_Envi_ronment__Protection_Act,Envi ronment (Protection)Act,1986,29,General
IDX_0_Swad_eshi_Cotton_Mills_Company,"Swad eshi Cotton Mills Company Limited
(Acquisition and Transfer of Undertakings) Act",1986,30,Commercial
IDX_0_State_of_Mizoram_Act,State of Mizoram Act,1986,34,General
IDX_0_Natio_nal_Security_Guard_Act,Natio nal Security Guard Act,1986,47,General
IDX_0_Dock_Workers__Safety__Health_A,"Dock Workers (Safety, Health And Welfare) Act",1986,54,General
IDX_0_Delh_i_Apartment_Ownership_Act,Delh i Apartment Ownership Act,1986,58,General
IDX_0_Indec_ent_Representation_of_Wo,"Indec ent Representation of Women (Prohibition)
Act",1986,60,General
IDX_0_Child_and_Adolescent_Labour__P,"Child and Adolescent Labour (Prohibition and
Regulation) Act",1986,61,General
IDX_0_State_of_Arunachal_Pradesh_Act,State of Arunachal Pradesh Act,1986,69,General
IDX_0_Jute_Packaging_Materials__Comp,"Jute Packaging Materials (Compulsory Use in
Packing Commodities) Act",1987,10,General
IDX_0_Goa__Daman_and_Diu_Mining_Conc,"Goa, Daman and Diu Mining Concession
(Abolition and Declaration as Mining Leases) Act",1987,16,General
IDX_0_Goa__Daman_and_Diu_Reorganisat,"Goa, Daman and Diu Reorganisation Act",1987,18,General
IDX_0_Expe_nditure_tax_Act,Expe nditure-tax Act,1987,35,Tax
IDX_0_Natio_nal_Dairy_Development_Bo,Natio nal Dairy Development Board Act,1987,37,General
IDX_0_Lega_l_Services_Authorities_Ac,Lega l Services Authorities Act,1987,39,General
IDX_0_All_I_ndia_Council_for_Technic,All I ndia Council for Technical Education Act,1987,52,General
IDX_0_Natio_nal_Housing_Bank_Act,Natio nal Housing Bank Act,1987,53,General
IDX_0_Railw_ay_Claims_Tribunal_Act,Railw ay Claims Tribunal Act,1987,54,General
IDX_0_Chan_digarh__Delegation_of_Pow,Chan digarh (Delegation of Powers) Act,1988,2,General
IDX_0_Com_mission_of_Sati__Preventio,Com mission of Sati (Prevention)Act,1988,3,General
IDX_0_Spec_ial_Protection_Group_Act,Spec ial Protection Group Act,1988,34,General
IDX_0_Relig_ious_Institutions__Preve,Relig ious Institutions (Prevention of Misuse) Act,1988,41,General
IDX_0_Bhara_t_Petroleum_Corporation_,"Bhara t Petroleum Corporation Limited
(Determination of Conditions of Service of
Employees) Act",1988,44,Commercial
IDX_0_Prohi_bition_of_Benami_Propert,Prohi bition of Benami Property Transactions Act,1988,45,General
IDX_0_Preve_ntion_of_Illicit_Traffic,"Preve ntion of Illicit Traffic in Narcotic Drugs and
Psychotropic Substances Act",1988,46,General
IDX_0_Preve_ntion_of_Corruption_Act,Preve ntion of Corruption Act,1988,49,General
IDX_0_Labo_ur_Laws__Exemption_from_F,"Labo ur Laws (Exemption from Furnishing Returns
and Maintaining Registers by Certain
Establishments) Act",1988,51,General
IDX_0_Auro_ville_Foundation_Act,Auro ville Foundation Act,1988,54,General
IDX_0_Jami_a_Millia_Islamia_Act,Jami a Millia Islamia Act,1988,58,General
IDX_0_Moto_r_Vehicles_Act,Moto r Vehicles Act,1988,59,General
IDX_0_Natio_nal_Highways_Authority_o,Natio nal Highways Authority of India Act,1988,68,General
IDX_0_Assa_m_University_Act,Assa m University Act,1989,23,General
IDX_0_Railw_ays_Act,Railw ays Act,1989,24,General
IDX_0_Sche_duled_Castes_and_Schedule,"Sche duled Castes and Scheduled Tribes
(Prevention of Atrocities) Act",1989,33,General
IDX_0_Naga_land_University_Act,Naga land University Act,1989,35,General
IDX_0_Smal_l_Industries_Development_,Smal l Industries Development Bank of India Act,1989,39,General
IDX_0_Natio_nal_Commission_for_Women,Natio nal Commission for Women Act,1990,20,General
IDX_0_Arme_d_Forces__Jammu_and_Kashm,"Arme d Forces (Jammu and Kashmir) Special
Powers Act",1990,21,General
IDX_0_Prasa_r_Bharati__Broad_casting,"Prasa r Bharati (Broad casting Corporation of
India) Act",1990,25,Commercial
IDX_0_Publi_c_Liability_Insurance_Ac,Publi c Liability Insurance Act,1991,6,General
IDX_0_Remi_ttances_of_Foreign_Exchan,"Remi ttances of Foreign Exchange and
Investment in Foreign Exchange Bonds
(Immunities and Exemptions) Act",1991,41,General
IDX_0_Plac_es_of_Worship__Special_Pr,Plac es of Worship (Special Provisions) Act,1991,42,General
IDX_0_Gove_rnment_of_National_Capita,"Gove rnment of National Capital Territory of
Delhi Act",1992,1,General
IDX_0_Dest_ructive_Insects_and_Pests,"Dest ructive Insects and Pests (Amendment and
Validation) Act",1992,12,Constitutional
IDX_0_Secu_rities_and_Exchange_Board,Secu rities and Exchange Board of India Act,1992,15,General
IDX_0_Cess_and_Other_Taxes_on_Minera,"Cess and Other Taxes on Minerals (Validation)
Act",1992,16,Tax
IDX_0_Nati_onal_Commission_for_Minor,Nati onal Commission for Minorities Act,1992,19,General
IDX_0_Fore_ign_Trade__Development_an,"Fore ign Trade (Development and Regulation)
Act",1992,22,Commercial
IDX_0_Spec_ial_Court__Trial_of_Offen,"Spec ial Court (Trial of Offences Relating to
Transactions in Securities) Act",1992,27,Criminal
IDX_0_Reha_bilitation_Council_of_Ind,Reha bilitation Council of India Act,1992,34,General
IDX_0_Indo__Tibetan_Border_Police_Fo,Indo -Tibetan Border Police Force Act,1992,35,General
IDX_0_Cent_ral_Agricultural_Universi,Cent ral Agricultural University Act,1992,40,General
IDX_0_Infan_t_Milk_Substitutes__Feed,"Infan t Milk Substitutes, Feeding Bottles and
Infant Foods (Regulation of Production, Supply
and Distribution) Act",1992,41,General
IDX_0_Indu_strial_Finance_Corporatio,"Indu strial Finance Corporation (Transfer of
Undertaking and Repeal) Act",1993,23,Commercial
IDX_0_Gold_Bonds__Immunities_and_Exe,Gold Bonds (Immunities and Exemptions) Act,1993,25,General
IDX_0_Mult_imodal_Transportation_of_,Mult imodal Transportation of Goods Act,1993,28,General
IDX_0_Acqu_isition_of_Certain_Area_a,Acqu isition of Certain Area at Ayodhya Act,1993,33,General
IDX_0_SAA_RC_Convention__Suppression,"SAA RC Convention (Suppression of
Terrorism) Act",1993,36,General
IDX_0_Cent_ral_Laws__Extension_to_Ar,"Cent ral Laws (Extension to Arunachal Pradesh)
Act",1993,44,General
IDX_0_Tezp_ur_University_Act,Tezp ur University Act,1993,45,General
IDX_0_Emp_loyment_of_Manual_Scavenge,"Emp loyment of Manual Scavengers and
Construction of Dry Latrines (Prohibition) Act",1993,46,General
IDX_0_Reco_very_of_Debts_Due_to_Bank,"Reco very of Debts Due to Banks and Financial
Institutions Act",1993,51,General
IDX_0_Nati_onal_Commission_for_Safai,"Nati onal Commission for Safai Karamcharis
Act",1993,64,General
IDX_0_Oil_a_nd_Natural_Gas_Commissio,"Oil a nd Natural Gas Commission (Transfer of
Undertaking and Repeal) Act",1993,65,General
IDX_0_Publ_ic_Records_Act,Publ ic Records Act,1993,69,General
IDX_0_Nati_onal_Council_for_Teacher_,Nati onal Council for Teacher Education Act,1993,73,General
IDX_0_Kala_kshetra_Foundation_Act,Kala kshetra Foundation Act,1994,6,General
IDX_0_Prote_ction_of_Human_Rights_Ac,Prote ction of Human Rights Act,1994,10,General
IDX_0_Man_ipur_Panchayati_Raj_Act,Man ipur Panchayati Raj Act,1994,26,General
IDX_0_Tran_splantation_of_Human_Orga,Tran splantation of Human Organs Act,1994,42,General
IDX_0_Man_ipur_Municipalities_Act,Man ipur Municipalities Act,1994,43,General
IDX_0_New_Delhi_Municipal_Council_Ac,New Delhi Municipal Council Act,1994,44,General
IDX_0_Punj_ab_Municipal_Corporation_,"Punj ab Municipal Corporation Law (Extension
to Chandigarh) Act",1994,45,Commercial
IDX_0_Airp_orts_Authority_of_India_A,Airp orts Authority of India Act,1994,55,General
IDX_0_Pre_c_onception_and_Pre_natal_,"Pre-c onception and Pre-natal Diagnostic
Techniques (Prohibition of Sex Selection) Act",1994,57,General
IDX_0_Cabl_e_Television_Networks__Re,Cabl e Television Networks (Regulation) Act,1995,7,General
IDX_0_Texti_le_Undertakings__Nationa,Texti le Undertakings (Nationalisation) Act,1995,39,General
IDX_0_Unifi_ed_Waqf_Management__Empo,"Unifi ed Waqf Management, Empowerment,
Efficiency and development Act",1995,43,General
IDX_0_Tech_nology_Development_Board_,Tech nology Development Board Act,1995,44,General
IDX_0_Depo_sitories_Act,Depo sitories Act,1996,22,General
IDX_0_Arbit_ration_and_Conciliation_,Arbit ration and Conciliation Act,1996,26,General
IDX_0_Build_ing_and_Other_Constructi,"Build ing and Other Construction Workers
(Regulation of Employment and Conditions of
Service) Act",1996,27,General
IDX_0_Build_ing_and_Other_Constructi,"Build ing and Other Construction Workers' Welfare
Cess Act",1996,28,General
IDX_0_Prov_isions_of_the_Panchayats_,"Prov isions of the Panchayats (Extension to the
Scheduled Areas) Act",1996,40,General
IDX_0_Maul_ana_Azad_National_Urdu_Un,Maul ana Azad National Urdu University Act,1997,2,General
IDX_0_Maha_tma_Gandhi_Antarashtriya_,"Maha tma Gandhi Antarashtriya Hindi
Vishwavidyalaya Act",1997,3,General
IDX_0_Indus_trial_Reconstruction_Ban,"Indus trial Reconstruction Bank (Transfer of
Undertakings and Repeal) Act",1997,7,General
IDX_0_Lalit_kala_Akademi__Taking_Ove,"Lalit kala Akademi (Taking Over of
Management) Act",1997,17,General
IDX_0_Telec_om_Regulatory_Authority_,Telec om Regulatory Authority of India Act,1997,24,General
IDX_0_Vice__President_s_Pension_Act,Vice -President's Pension Act,1997,30,General
IDX_0_Dock_Workers__Regulation_of_Em,"Dock Workers (Regulation of Employment)
(Inapplicability to Major Ports) Act",1997,31,General
IDX_0_Natio_nal_Institute_of_Pharmac,"Natio nal Institute of Pharmaceutical Education
and Research Act",1998,13,General
IDX_0_Lotte_ries__Regulation_Act,Lotte ries (Regulation)Act,1998,17,General
IDX_0_Lead_ers_of_Chief_Whips_of_Rec,"Lead ers of Chief Whips of Recognised Parties
and Groups in Parliament (Facilities) Act",1999,5,General
IDX_0_Urba_n_Land__Ceiling_and_Regul,Urba n Land (Ceiling and Regulation) Repeal Act,1999,15,General
IDX_0_Centr_al_Industrial_Security_F,"Centr al Industrial Security Force (Amendment and
Validation) Act",1999,40,Constitutional
IDX_0_Insur_ance_Regulatory_and_Deve,"Insur ance Regulatory and Development
Authority Act",1999,41,General
IDX_0_Forei_gn_Exchange_Management_A,Forei gn Exchange Management Act,1999,42,General
IDX_0_Nati_onal_Trust_for_Welfare_of,"Nati onal Trust for Welfare of Persons with
Autism, Cerebral Palsy, Mental Retardation and
Multiple Disabilities Act",1999,44,General
IDX_0_Trad_e_Marks_Act,Trad e Marks Act,1999,47,General
IDX_0_Geog_raphical_Indications_of_G,"Geog raphical Indications of Goods (Registration
and Protection) Act",1999,48,General
IDX_0_Mizo_ram_University_Act,Mizo ram University Act,2000,8,General
IDX_0_Desig_ns_Act,Desig ns Act,2000,16,General
IDX_0_Infor_mation_Technology_Act,Infor mation Technology Act,2000,21,General
IDX_0_Madh_ya_Pradesh_Reorganisation,Madh ya Pradesh Reorganisation Act,2000,28,General
IDX_0_Uttar_Pradesh_Reorganisation_A,Uttar Pradesh Reorganisation Act,2000,29,General
IDX_0_Biha_r_Reorganisation_Act,Biha r Reorganisation Act,2000,30,General
IDX_0_Chem_ical_Weapons_Convention_A,Chem ical Weapons Convention Act,2000,34,General
IDX_0_Semi__conductor_Integrated_Cir,"Semi -conductor Integrated Circuits Layout-
Design Act",2000,37,General
IDX_0_Coal_India__Regulation_of_Tran,"Coal India (Regulation of Transfer and Validation)
Act",2000,45,General
IDX_0_Imm_igration__Carriers__Liabil,Imm igration (Carriers’ Liability) Act,2000,52,General
IDX_0_Cent_ral_Road_Fund_Act,Cent ral Road Fund Act,2000,54,General
IDX_0_India_n_Council_of_World_Affai,India n Council of World Affairs Act,2001,29,General
IDX_0_Advo_cates__Welfare_Fund_Act,Advo cates’ Welfare Fund Act,2001,45,General
IDX_0_Energ_y_Conservation_Act,Energ y Conservation Act,2001,52,General
IDX_0_Prote_ction_of_Plant_Varieties,"Prote ction of Plant Varieties and Farmer’s Right
Act",2001,53,General
IDX_0_Haj_C_ommittee_Act,Haj C ommittee Act,2002,35,General
IDX_0_Forei_gn_Aircraft__Exemption_f,"Forei gn Aircraft (Exemption from Taxes and
Duties on Fuel and Lubricants) Act",2002,36,Tax
IDX_0_Mult_i_State_Co_operative_Soci,Mult i-State Co-operative Societies Act,2002,39,General
IDX_0_Secu_ritisation_and_Reconstruc,"Secu ritisation and Reconstruction of Financial
Assets and Enforcement of Security Interest Act",2002,54,General
IDX_0_Unit_Trust_of_India__Transfer_,"Unit Trust of India (Transfer of Undertaking and
Repeal) Act",2002,58,General
IDX_0_Metr_o_Railway__Operation_and_,Metr o Railway (Operation and Maintenance) Act,2002,60,General
IDX_0_Supp_ression_of_Unlawful_Acts_,"Supp ression of Unlawful Acts against Safety of
Maritime Navigation and Fixed Platforms on
Continental Shelf Act",2002,69,General
IDX_0_Com_petition_Act,Com petition Act,2003,12,General
IDX_0_Cont_rol_of_National_Highways_,"Cont rol of National Highways (Land and Traffic)
Act",2003,13,General
IDX_0_Preve_ntion_of_Money_Launderin,Preve ntion of Money Laundering Act,2003,15,General
IDX_0_Offsh_ore_Areas_Mineral__Devel,"Offsh ore Areas Mineral (Development and
Regulation) Act",2003,17,General
IDX_0_Biolo_gical_Diversity_Act,Biolo gical Diversity Act,2003,18,General
IDX_0_Ciga_rettes_and_other_Tobacco_,"Ciga rettes and other Tobacco Products
(Prohibition of Advertisement and Regulation of
Trade and Commerce, Production, Supply and
Distribution) Act",2003,34,Commercial
IDX_0_Elect_ricity_Act,Elect ricity Act,2003,36,General
IDX_0_Fisca_l_Responsibility_and_Bud,"Fisca l Responsibility and Budget Management
Act",2003,39,General
IDX_0_Cent_ral_Vigilance_Commission_,Cent ral Vigilance Commission Act,2003,45,General
IDX_0_Repa_triation_of_Prisoners_Act,Repa triation of Prisoners Act,2003,49,General
IDX_0_Indus_trial_Development_Bank__,"Indus trial Development Bank (Transfer of
Undertaking and Repeal) Act",2003,53,General
IDX_0_Sick_Industrial_Companies__Spe,"Sick Industrial Companies (Special Provisions)
Repeal Act",2004,1,General
IDX_0_Preve_ntion_of_Terrorism__Repe,Preve ntion of Terrorism (Repeal) Act,2004,26,General
IDX_0_Natio_nal_Commission_for_Minor,"Natio nal Commission for Minority Educational
Institutions Act",2005,2,General
IDX_0_Parel_Investments_and_Trading_,"Parel Investments and Trading Private Limited
and Domestic Gas Private Limited (Taking over
of Management) Repeal Act",2005,14,General
IDX_0_Weap_ons_of_Mass_Destruction_a,"Weap ons of Mass Destruction and Their Delivery
Systems (Prohibition of Unlawful Activities) Act",2005,21,General
IDX_0_Righ_t_to_Information_Act,Righ t to Information Act,2005,22,General
IDX_0_Coas_tal_Aquaculture_Authority,Coas tal Aquaculture Authority Act,2005,24,General
IDX_0_Univ_ersity_of_Allahabad_Act,Univ ersity of Allahabad Act,2005,26,General
IDX_0_Biha_r_Value_Added_Tax_Act,Biha r Value Added Tax Act,2005,27,Tax
IDX_0_Spec_ial_Economic_Zones_Act,Spec ial Economic Zones Act,2005,28,General
IDX_0_Priva_te_Security_Agencies__Re,Priva te Security Agencies (Regulation)Act,2005,29,General
IDX_0_Cred_it_Information_Companies_,Cred it Information Companies (Regulation) Act,2005,30,General
IDX_0_Maha_tma_Gandhi_National_Rural,"Maha tma Gandhi National Rural Employment
Guarantee Act",2005,42,General
IDX_0_Prote_ction_of_Women_from_Dome,Prote ction of Women from Domestic Violence Act,2005,43,General
IDX_0_1Nat_ional_Tax_Tribunal_Act,1Nat ional Tax Tribunal Act,2005,49,Tax
IDX_0_State_Emblems_of_India__Prohib,"State Emblems of India (Prohibition of Improper
Use) Act",2005,50,General
IDX_0_Disa_ster_Management_Act,Disa ster Management Act,2005,53,General
IDX_0_Man_ipur_University_Act,Man ipur University Act,2005,54,General
IDX_0_And_hra_Pradesh_Legislative_Co,And hra Pradesh Legislative Council Act,2006,1,General
IDX_0_Com_missions_for_Protection_of,"Com missions for Protection of Child Rights
Act",2006,4,General
IDX_0_Petro_leum_and_Natural_Gas_Reg,Petro leum and Natural Gas Regulatory Board Act,2006,19,General
IDX_0_Delh_i_Laws__Special_Provision,Delh i Laws (Special Provisions) Act,2006,,General
IDX_0_Micr_o__Small_and_Medium_Enter,"Micr o, Small and Medium Enterprises
Development Act",2006,27,General
IDX_0_Nati_onal_Institute_of_Fashion,Nati onal Institute of Fashion Technology Act,2006,28,General
IDX_0_Food_Safety_and_Standards_Act,Food Safety and Standards Act,2006,34,General
IDX_0_Actu_aries_Act,Actu aries Act,2006,35,General
IDX_0_Gov_ernment_Securities_Act,Gov ernment Securities Act,2006,38,General
IDX_0_Cant_onments_Act,Cant onments Act,2006,41,General
IDX_0_Pond_icherry__Alteration_of_Na,Pond icherry (Alteration of Name) Act,2006,44,General
IDX_0_Assa_m_Rifles_Act,Assa m Rifles Act,2006,47,General
IDX_0_Utta_ranchal__Alteration_of_Na,Utta ranchal (Alteration of Name) Act,2006,52,General
IDX_0_Sche_duled_Tribes_and_other_Tr,"Sche duled Tribes and other Traditional Forest
Dwellers (Recognition of Forest Rights) Act",2007,2,General
IDX_0_Cent_ral_Educational_Instituti,"Cent ral Educational Institutions (Reservation in
Admission) Act",2007,5,General
IDX_0_Proh_ibition_of_Child_Marriage,Proh ibition of Child Marriage Act,2007,6,General
IDX_0_Engl_ish_and_Foreign_Languages,Engl ish and Foreign Languages University Act,2007,7,General
IDX_0_Rajiv_Gandhi_University_Act,Rajiv Gandhi University Act,2007,8,General
IDX_0_Trip_ura_University_Act,Trip ura University Act,2007,9,General
IDX_0_Sikk_im_University_Act,Sikk im University Act,2007,10,General
IDX_0_Spor_ts_Broadcasting_Signals__,"Spor ts Broadcasting Signals (Mandatory Sharing
with Prasar Bharti) Act",2007,11,General
IDX_0_Nati_onal_Rural_Employment_Gua,"Nati onal Rural Employment Guarantee
(Extension to Jammu And Kashmir) Act",2007,23,General
IDX_0_Natio_nal_Institutes_of_Techno,Natio nal Institutes of Technology Act.,2007,29,General
IDX_0_War_ehousing__Development_and_,"War ehousing (Development and Regulation)
Act",2007,37,General
IDX_0_Carr_iage_by_Road_Act,Carr iage by Road Act,2007,41,General
IDX_0_Nati_onal_Capital_Territory_of,"Nati onal Capital Territory of Delhi Laws
(Special Provisions) Act",2007,,General
IDX_0_Tyre_Corporation_of_India_Limi,"Tyre Corporation of India Limited
(Disinvestment of Ownership) Act",2007,50,Commercial
IDX_0_Paym_ent_of_Settlement_Systems,Paym ent of Settlement Systems Act,2007,51,General
IDX_0_Indir_a_Gandhi_National_Tribal,Indir a Gandhi National Tribal University Act,2007,52,General
IDX_0_Sash_astra_Seema_Bal_Act,Sash astra Seema Bal Act,2007,53,General
IDX_0_Rajiv_Gandhi_Institute_of_Petr,"Rajiv Gandhi Institute of Petroleum
Technology Act",2007,54,General
IDX_0_Arm_ed_Forces_Tribunal_Act,Arm ed Forces Tribunal Act,2007,55,General
IDX_0_Main_tenance_and_Welfare_of_Pa,"Main tenance and Welfare of Parents and Senior
Citizens Act",2007,56,General
IDX_0_Jawa_harlal_Institute_of_Post_,"Jawa harlal Institute of Post-Graduate Medical
Education and Research, Pondicherry Act",2008,19,General
IDX_0_India_n_Maritime_University_Ac,India n Maritime University Act,2008,22,General
IDX_0_Airp_orts_Economic_Regulatory_,"Airp orts Economic Regulatory Authority of
India Act",2008,27,General
IDX_0_Unor_ganised_Sector_Workers_So,Unor ganised Sector Workers Social Security Act,2008,33,General
IDX_0_Natio_nal_Investigation_Agency,Natio nal Investigation Agency Act,2008,34,General
IDX_0_Limi_ted_Liability_Partnership,Limi ted Liability Partnership Act,2009,6,General
IDX_0_Coll_ection_of_Statistics_Act,Coll ection of Statistics Act,2009,7,General
IDX_0_Sout_h_Asian_University_Act,Sout h Asian University Act,2009,8,General
IDX_0_Nati_onal_Jute_Board_Act,Nati onal Jute Board Act,2009,12,General
IDX_0_Nati_onal_Capital_Territory_of,"Nati onal Capital Territory of Delhi Laws
(Special Provisions) Act",2009,,General
IDX_0_Cent_ral_Universities_Act,Cent ral Universities Act,2009,25,General
IDX_0_Prev_ention_and_Control_of_Inf,"Prev ention and Control of Infections and
Contagious Diseases in Animals Act",2009,27,General
IDX_0_Righ_t_of_Children_to_Free_and,"Righ t of Children to Free and Compulsory
Education Act",2009,35,General
IDX_0_Nati_onal_Capital_Territory_of,"Nati onal Capital Territory of Delhi Laws
(Special Provisions) Second Act",2009,,General
IDX_0_Lega_l_Metrology_Act,Lega l Metrology Act,2010,1,General
IDX_0_Tam_il_Nadu_Legislative_Counci,Tam il Nadu Legislative Council Act,2010,16,General
IDX_0_Nati_onal_Green_Tribunal_Act,Nati onal Green Tribunal Act,2010,19,General
IDX_0_Clin_ical_Establishment__Regis,"Clin ical Establishment (Registration and
Regulation) Act",2010,23,General
IDX_0_Land_Port_Authority_of_India_A,Land Port Authority of India Act,2010,31,General
IDX_0_Civi_l_Liability_for_Nuclear_D,Civi l Liability for Nuclear Damage Act,2010,38,General
IDX_0_Nala_nda_University_Act,Nala nda University Act,2010,39,General
IDX_0_Fore_ign_Contribution__Regulat,Fore ign Contribution (Regulation) Act,2010,42,General
IDX_0_Nati_onal_Capital_Territory_of,"Nati onal Capital Territory of Delhi Laws
(Special Provision) Act",2011,,General
IDX_0_Coin_age_Act,Coin age Act,2011,11,General
IDX_0_Oris_sa__Alteration_of_Name__A,Oris sa (Alteration of Name) Act,2011,15,General
IDX_0_Nati_onal_Capital_Territory_of,"Nati onal Capital Territory of Delhi Laws
(Special Provision) Second Act",2011,20,General
IDX_0_Fact_oring_Act,Fact oring Act,2012,12,General
IDX_0_Acad_emy_of_Scientific_and_Inn,"Acad emy of Scientific and Innovation Research
Act",2012,13,General
IDX_0_Prote_ction_of_Children_from_S,"Prote ction of Children from Sexual Offences
Act",2012,32,Criminal
IDX_0_Rajiv_Gandhi_National_Institut,"Rajiv Gandhi National Institute of Youth
Development Act",2012,35,General
IDX_0_Nati_onal_Institute_of_Mental_,"Nati onal Institute of Mental Health and Neuro-
Sciences, Bangalore Act",2012,38,General
IDX_0_Sex_ual_Harassment_of_Women_at,"Sex ual Harassment of Women at Workplace
(Prevention, Prohibition and Red ressal) Act",2013,14,General
IDX_0_Com_panies_Act,Com panies Act,2013,18,General
IDX_0_Natio_nal_Food_Security_Act,Natio nal Food Security Act,2013,20,General
IDX_0_Pens_ion_Fund_Regulatory_and_D,"Pens ion Fund Regulatory and Development
Authority Act",2013,23,General
IDX_0_Proh_ibition_of_Employment_as_,"Proh ibition of Employment as Manual
Scavengers and their Rehabilitation Act",2013,25,General
IDX_0_Rajiv_Gandhi_National_Aviation,Rajiv Gandhi National Aviation University Act,2013,26,General
IDX_0_Righ_t_to_Fair_Compensation_an,"Righ t to Fair Compensation and Transparency in
Land Acquisition, Rehabilitation and
Resettlement Act",2013,30,General
IDX_0_Lokp_al_and_Lokayukt_as_Act,Lokp al and Lokayukt as Act,2014,1,General
IDX_0_And_hra_Pradesh_Reorganisation,And hra Pradesh Reorganisation Act,2014,6,General
IDX_0_Stree_t_Vendors__Protection_of,"Stree t Vendors (Protection of Livelihood and
Regulation of Street Vending) Act",2014,7,General
IDX_0_Nati_onal_Institute_of_Design_,Nati onal Institute of Design Act,2014,18,General
IDX_0_India_n_Institute_of_Informati,India n Institute of Information Technology Act,2014,30,General
IDX_0_Scho_ol_of_Planning_and_Archit,Scho ol of Planning and Architecture Act,2014,37,General
IDX_0_1Nat_ional_Judicial_Appointmen,"1Nat ional Judicial Appointments Commission
Act",2014,40,General
IDX_0_Coal_Mines__Special_Provisions,Coal Mines (Special Provisions) Act,2015,11,General
IDX_0_Repe_aling_and_Amending_Act,Repe aling and Amending Act,2015,17,General
IDX_0_Repe_aling_and_Amending__Secon,Repe aling and Amending (Second) Act,2015,19,General
IDX_0_Blac_k_Money__Undisclosed_Fore,"Blac k Money (Undisclosed Foreign Income and
Assets) and Imposition of Tax Act",2015,22,Tax
IDX_0_Juve_nile_Justice__Care_and_Pr,"Juve nile Justice (Care and Protection of
Children) Act",2016,2,General
IDX_0_Com_mercial_Courts_Act,Com mercial Courts Act,2016,4,General
IDX_0_Bure_au_of_Indian_Standards_Ac,Bure au of Indian Standards Act,2016,11,General
IDX_0_Real_Estate__Regulation_and_De,Real Estate (Regulation and Development) Act,2016,16,General
IDX_0_Nati_onal_Waterways_Act,Nati onal Waterways Act,2016,17,General
IDX_0_Aadh_aar__Targeted_Delivery_of,"Aadh aar (Targeted Delivery of Financial and
Other Subsidies, Benefits and Services) Act",2016,18,General
IDX_0_Repe_aling_and_Amendment_Act,Repe aling and Amendment Act,2016,23,Constitutional
IDX_0_Anti__Hijacking_Act,Anti -Hijacking Act,2016,30,General
IDX_0_Insol_vency_and_Bankruptcy_Cod,Insol vency and Bankruptcy Code,2016,31,General
IDX_0_Dr__R_ajendra_Prasad_Central_A,"Dr. R ajendra Prasad Central Agricultural
University Act",2016,32,General
IDX_0_Regi_onal_Centre_for_Biotechno,Regi onal Centre for Biotechnology Act,2016,36,General
IDX_0_Com_pensatory_Afforestation_Fu,Com pensatory Afforestation Fund Act,2016,38,General
IDX_0_Righ_ts_of_Persons_with_Disabi,Righ ts of Persons with Disabilities Act,2016,49,General
IDX_0_Spec_ified_Bank_Notes__Cessati,"Spec ified Bank Notes (Cessation of Liabilities)
Act",2017,2,General
IDX_0_Men_tal_Healthcare_Act,Men tal Healthcare Act,2017,10,General
IDX_0_Cent_ral_Goods_and_Services_Ac,Cent ral Goods and Services Act,2017,12,General
IDX_0_Integ_rated_Goods_and_Services,Integ rated Goods and Services Tax Act,2017,13,Tax
IDX_0_Unio_n_Territory_Goods_and_Ser,Unio n Territory Goods and Services Tax Act,2017,14,Tax
IDX_0_Goo_ds_and_Services__Compensat,"Goo ds and Services (Compensation to States)
Act",2017,15,General
IDX_0_Hum_an_Immunodeficiency_Virus_,"Hum an Immunodeficiency Virus and acquired
Immune Deficiency Syndrome (Prevention and
Control Act)",2017,16,General
IDX_0_Foot_wear_Design_and_Developme,"Foot wear Design and Development Institute
Act",2017,20,General
IDX_0_Adm_iralty__Jurisdiction_and_S,"Adm iralty (Jurisdiction and Settlement of
Maritime Claims) Act",2017,22,General
IDX_0_India_n_Institutes_of_Informat,"India n Institutes of Information Technology
(Public-Private Partnership) Act",2017,23,General
IDX_0_Cent_ral_Goods_and_Services_Ta,"Cent ral Goods and Services Tax (Extension to
Jammu and Kashmir) Act",2017,26,Tax
IDX_0_Integ_rated_Goods_and_Services,"Integ rated Goods and Services tax (Extension
to Jammu and Kashmir) Act",2017,27,Tax
IDX_0_India_n_Institute_of_Managemen,India n Institute of Management Act,2017,33,General
IDX_0_Repe_aling_and_Amendment_Act,Repe aling and Amendment Act,2018,2,Constitutional
IDX_0_India_n_Institute_of_Petroleum,India n Institute of Petroleum and Energy Act,2018,3,General
IDX_0_Repe_aling_and_Amendment__Seco,Repe aling and Amendment (Second)Act,2018,4,Constitutional
IDX_0_Fugi_tive_Economic_Offenders_A,Fugi tive Economic Offenders Act,2018,17,General
IDX_0_Nati_onal_Commission_for_Backw,"Nati onal Commission for Backward Classes
(Repeal) Act",2018,24,General
IDX_0_Nati_onal_Sports_University_Ac,Nati onal Sports University Act,2018,25,General
IDX_0_Cent_ral_Education_Institution,"Cent ral Education Institutions (Reservation in
Teacher’s Cadre) Act",2019,10,General
IDX_0_India_International_Arbitratio,India International Arbitration Centre Act,2019,17,Civil Procedure
IDX_0_Musl_im_Women__Protection_of_R,"Musl im Women (Protection of Rights on
Marriage) Act",2019,20,General
IDX_0_Bann_ing_of_Unregulated_Deposi,Bann ing of Unregulated Deposit Schemes Act,2019,21,General
IDX_0_Code_On_Wages_Act,Code On Wages Act,2019,29,General
IDX_0_Nati_onal_Medical_Commission_A,Nati onal Medical Commission Act,2019,30,General
IDX_0_Repe_aling_and_Amending_Act,Repe aling and Amending Act,2019,31,General
IDX_0_Cons_umer_Protection_Act,Cons umer Protection Act,2019,35,General
IDX_0_Tran_sgender_Persons__Protecti,Tran sgender Persons (Protection of Rights) Act,2019,40,General
IDX_0_Proh_ibition_of_Electronic_Cig,"Proh ibition of Electronic Cigarettes (Production,
Manufacture, Import, Export Transport, Sale,
Distribution, Storage and Advertisement) Act",2019,42,General
IDX_0_Dadr_a_and_Nagar_Haveli_And_Da,"Dadr a and Nagar Haveli And Daman and Diu
(Merger of Union Territories) Act",2019,44,General
IDX_0_Nati_onal_Capital_Territories_,"Nati onal Capital Territories of Delhi
(Recognition of Property Right of Residents in
Unauthorised Colonies Act",2019,45,General
IDX_0_Recy_cling_of_Ships_Act,Recy cling of Ships Act,2019,49,General
IDX_0_Inter_national_Financial_Servi,"Inter national Financial Services Centers
Authority Act",2019,50,General
IDX_0_Dire_ct_Tax_Vivadse_Vishwas_Ac,Dire ct Tax Vivadse Vishwas Act,2020,3,Tax
IDX_0_Cent_ral_Sanskrit_Universities,Cent ral Sanskrit Universities Act,2020,5,General
IDX_0_Nati_onal_Commission_for_India,"Nati onal Commission for Indian System of
Medicine Act",2020,14,General
IDX_0_Natio_nal_Commission_for_Homoe,Natio nal Commission for Homoeopathy Act,2020,15,General
IDX_0_Insti_tute_of_Teaching_and_Res,"Insti tute of Teaching and Research In Ayurveda
Act",2020,16,General
IDX_0_Bilat_eral_Netting_Qualified_F,"Bilat eral Netting Qualified Financial Contracts
Act",2020,30,General
IDX_0_Rash_triya_Raksha_University_A,Rash triya Raksha University Act,2020,31,General
IDX_0_Nati_onal_Forensic_Sciences_Un,Nati onal Forensic Sciences University Act,2020,32,General
IDX_0_Code_on_Social_Security,Code on Social Security,2020,36,General
IDX_0_Majo_r_Port_Authorities_Act,Majo r Port Authorities Act,2021,1,General
IDX_0_Nati_onal_Commission_For_Allie,"Nati onal Commission For Allied And Health
care Professions Act",2021,14,General
IDX_0_Nati_onal_Bank_For_Financing_I,"Nati onal Bank For Financing Infrastructure And
Development Act",2021,17,General
IDX_0_Nati_onal_Institutes_of_Food_T,"Nati onal Institutes of Food Technology,
Entrepreneurship And Management Act",2021,19,General
IDX_0_Mari_ne_Aids_to_Navigation_Act,Mari ne Aids to Navigation Act,2021,20,General
IDX_0_Inlan_d_Vessels_Act,Inlan d Vessels Act,2021,24,General
IDX_0_The_Essential_Defence_Services,The Essential Defence Services Act,2021,,General
IDX_0_Com_mission_For_Air_Quality_Ma,"Com mission For Air Quality Management
National Capital Region and Adjoining Areas
Act",2021,29,General
IDX_0_Trib_unal_Reforms_Act,Trib unal Reforms Act,2021,33,General
IDX_0_Farm_Laws_Repeal_Act,Farm Laws Repeal Act,2021,40,General
IDX_0_Dam_Safety_Act,Dam Safety Act,2021,41,General
IDX_0_Assis_ted_Reproductive_Technol,"Assis ted Reproductive Technology (Regulation)
Act",2021,42,General
IDX_0_Surro_gacy__Regulation__Act,Surro gacy (Regulation) Act,2021,47,General
IDX_0_Crim_inal_Procedure__Identific,Crim inal Procedure (Identification) Act,2022,11,Civil Procedure
IDX_0_India_n_Antarctic_Act,India n Antarctic Act,2022,13,General
IDX_0_Mari_time_Anti_Piracy_Act,Mari time Anti-Piracy Act,2023,3,General
IDX_0_Natio_nal_Dental_Commission_Ac,Natio nal Dental Commission Act,2023,21,General
IDX_0_Anus_andhan_National_Research_,Anus andhan National Research Foundation Act,2023,25,General
IDX_0_Natio_nal_Nursing_and_Midwifer,"Natio nal Nursing and Midwifery Commission
Act",2023,26,General
IDX_0_Inter__Services_Organisations_,"Inter -Services Organisations (Command, Control
and Discipline) Act",2023,28,General
IDX_0_Medi_ation_Act,Medi ation Act,2023,32,General
IDX_0_Repe_aling_and_Amending_Act,Repe aling and Amending Act,2023,37,General
IDX_0_Post_Office_Act,Post Office Act,2023,43,General
IDX_0_Telec_ommunication_Act,Telec ommunication Act,2023,44,General
IDX_0_Bhar_atiya_Nyaya_Sanhita,Bhar atiya Nyaya Sanhita,2023,45,General
IDX_0_Bhar_atiya_Nagarik_Suraksha_Sa,Bhar atiya Nagarik Suraksha Sanhita,2023,46,General
IDX_0_Bhar_atiya_Sakshya_Adhiniyam,Bhar atiya Sakshya Adhiniyam,2023,47,General
IDX_0_Chie_f_Election_Commissioner_a,"Chie f Election Commissioner and Other Election
Commissioners (Appointment, Conditions of
Service and Term of Office) Act",2023,49,General
IDX_0_Prov_isional_Collection_of_Tax,Prov isional Collection of Taxes Act,2023,50,Tax
IDX_0_Press_and_Registration_of_Peri,Press and Registration of Periodicals Act,2023,51,General
IDX_0_Publi_c_Examination__Preventio,"Publi c Examination (Prevention of Unfair
Means) Act",2024,1,General
IDX_0_Bhar_atiya_Vayuan_Adhiniyam,Bhar atiya Vayuan Adhiniyam,2024,16,General
IDX_0___Tri_bhuvan__Sahkari_Universi,‘‘Tri bhuvan” Sahkari University Act,2025,11,General
IDX_0_Boile_rs_Act,Boile rs Act,2025,12,General
IDX_0_Muss_alman_Waqf__Repeal__Act,Muss alman Waqf (Repeal) Act,2025,15,General
IDX_0_Prote_ction_of_Interests_In_Ai,Prote ction of Interests In Aircraft Objects Act,2025,17,General
