article_id,act_id,article_number,heading,full_text
CONST_1950_Art21A,CONST_1950,21A,21A.,"21A.
Right to education.
Protection against arrest and detention in certain cases.
Right against Exploitation
Prohibition of traffic in human beings and forced labour.
Prohibition of employment of children in factories, etc.
Right to Freedom of Religion
Freedom of conscience and free profession, practice and 
propagation of religion.
Freedom to manage religious affairs.
Freedom as to payment of taxes for promotion of any particular 
religion.
Freedom as to attendance at religious instruction or religious 
worship in certain educational institutions.

(iii)

Cultural and Educational Rights"
CONST_1950_Art29,CONST_1950,29,29.,"29.
Protection of interests of minorities."
CONST_1950_Art30,CONST_1950,30,30.,"30.
Right of minorities to establish and administer educational 
institutions.
[31.
Compulsory acquisition of property —Omitted.]

Saving of Certain Laws"
CONST_1950_Art31A,CONST_1950,31A,31A.,"31A.
Saving of Laws providing for acquisition of estates, etc."
CONST_1950_Art31B,CONST_1950,31B,31B.,"31B. 
Validation of certain Acts and Regulations."
CONST_1950_Art31C,CONST_1950,31C,31C.,"31C.
Saving of laws giving effect to certain directive principles.
[31D. 
Saving of laws in respect of anti-national activities.—Omitted.]

Right to Constitutional Remedies
 32. 
Remedies for enforcement of rights conferred by this Part.
[32A.
Constitutional validity of State laws not to be considered in 
proceedings under article 32.—Omitted.]"
CONST_1950_Art33,CONST_1950,33,33.,"33.
Power of Parliament to modify the rights conferred by this Part 
in their application to Forces, etc.
 34. 
Restriction on rights conferred by this Part while martial law is 
in force in any area."
CONST_1950_Art35,CONST_1950,35,35.,"35.
Legislation to give effect to the provisions of this Part.
PART IV
DIRECTIVE PRINCIPLES OF STATE POLICY"
CONST_1950_Art36,CONST_1950,36,36.,"36.
Definition."
CONST_1950_Art37,CONST_1950,37,37.,"37.
Application of the principles contained in this Part."
CONST_1950_Art38,CONST_1950,38,38.,"38.
State to secure a social order for the promotion of welfare of the 
people."
CONST_1950_Art39,CONST_1950,39,39.,"39.
Certain principles of policy to be followed by the State."
CONST_1950_Art39A,CONST_1950,39A,39A.,"39A.
Equal justice and free legal aid.

(iv)"
CONST_1950_Art40,CONST_1950,40,40.,"40.
Organisation of village panchayats.
 41.
Right to work, to education and to public assistance in certain 
cases. 
Provision for just and humane conditions of work and maternity 
relief.
 43. 
Living wage, etc., for workers."
CONST_1950_Art43A,CONST_1950,43A,43A.,"43A. 
Participation of workers in management of Industries."
CONST_1950_Art43B,CONST_1950,43B,43B.,"43B. 
Promotion of co-operative societies."
CONST_1950_Art44,CONST_1950,44,44.,"44.
Uniform civil code for the citizens.
 45.
Provision for early childhood care and education to children 
below the age of six years."
CONST_1950_Art46,CONST_1950,46,46.,"46.
Promotion of educational and economic interests of Scheduled 
Castes, Scheduled Tribes and other weaker sections."
CONST_1950_Art47,CONST_1950,47,47.,"47.
Duty of the State to raise the level of nutrition and the standard 
of living and to improve public health."
CONST_1950_Art48,CONST_1950,48,48.,"48.
Organisation of agriculture and animal husbandry."
CONST_1950_Art48A,CONST_1950,48A,48A.,"48A.
Protection and improvement of environment and safeguarding of 
forests and wild life."
CONST_1950_Art49,CONST_1950,49,49.,"49.
Protection of monuments and places and objects of national 
importance."
CONST_1950_Art50,CONST_1950,50,50.,"50.
Separation of judiciary from executive."
CONST_1950_Art51,CONST_1950,51,51.,"51.
Promotion of international peace and security.
PART IVA
FUNDAMENTAL DUTIES"
CONST_1950_Art51A,CONST_1950,51A,51A.,"51A.
Fundamental duties.
PART V
THE UNION
THE EXECUTIVE
The President and Vice-President"
CONST_1950_Art52,CONST_1950,52,52.,"52. 
The President of India."
CONST_1950_Art53,CONST_1950,53,53.,"53.
Executive power of the Union."
CONST_1950_Art54,CONST_1950,54,54.,"54. 
Election of President.

(v)"
CONST_1950_Art55,CONST_1950,55,55.,"55.
Manner of election of President."
CONST_1950_Art56,CONST_1950,56,56.,"56.
Term of office of President."
CONST_1950_Art57,CONST_1950,57,57.,"57. 
Eligibility for re-election."
CONST_1950_Art58,CONST_1950,58,58.,"58. 
Qualifications for election as President."
CONST_1950_Art59,CONST_1950,59,59.,"59. 
Conditions of President’s office."
CONST_1950_Art60,CONST_1950,60,60.,"60.
Oath or affirmation by the President."
CONST_1950_Art61,CONST_1950,61,61.,"61.
Procedure for impeachment of the President."
CONST_1950_Art62,CONST_1950,62,62.,"62. 
Time of holding election to fill vacancy in the office of President 
and the term of office of person elected to fill casual vacancy."
CONST_1950_Art63,CONST_1950,63,63.,"63. 
The Vice-President of India."
CONST_1950_Art64,CONST_1950,64,64.,"64. 
The Vice-President to be ex officio Chairman of the Council of"
CONST_1950_Art65,CONST_1950,65,65.,"65. 
The Vice-President to act as President or to discharge his 
functions during casual vacancies in the office, or during the 
absence, of President."
CONST_1950_Art66,CONST_1950,66,66.,"66.
Election of Vice-President."
CONST_1950_Art67,CONST_1950,67,67.,"67.
Term of office of Vice-President."
CONST_1950_Art68,CONST_1950,68,68.,"68.
Time of holding election to fill vacancy in the office of Vice-President 
and the term of office of person elected to fill casual vacancy."
CONST_1950_Art69,CONST_1950,69,69.,"69.
Oath or affirmation by the Vice-President."
CONST_1950_Art70,CONST_1950,70,70.,"70.
Discharge of President’s functions in other contingencies."
CONST_1950_Art71,CONST_1950,71,71.,"71.
Matters relating to, or connected with, the election of a President 
or Vice-President."
CONST_1950_Art72,CONST_1950,72,72.,"72.
Power of President to grant pardons, etc., and to suspend, remit 
or commute sentences in certain cases."
CONST_1950_Art73,CONST_1950,73,73.,"73.
Extent of executive power of the Union."
CONST_1950_Art74,CONST_1950,74,74.,"74.
Council of Ministers to aid and advise President."
CONST_1950_Art75,CONST_1950,75,75.,"75. 
Other provisions as to Ministers.
The Attorney-General for India"
CONST_1950_Art76,CONST_1950,76,76.,"76.
Attorney-General for India.

(vi)"
CONST_1950_Art77,CONST_1950,77,77.,"77.
Conduct of business of the Government of India."
CONST_1950_Art78,CONST_1950,78,78.,"78.
Duties of Prime Minister as respects the furnishing of 
information to the President, etc.
PARLIAMENT"
CONST_1950_Art79,CONST_1950,79,79.,"79. 
Constitution of Parliament."
CONST_1950_Art80,CONST_1950,80,80.,"80.
Composition of the Council of States."
CONST_1950_Art81,CONST_1950,81,81.,"81.
Composition of the House of the People."
CONST_1950_Art82,CONST_1950,82,82.,"82. 
Readjustment after each census."
CONST_1950_Art83,CONST_1950,83,83.,"83. 
Duration of Houses of Parliament."
CONST_1950_Art84,CONST_1950,84,84.,"84. 
Qualification for membership of Parliament."
CONST_1950_Art85,CONST_1950,85,85.,"85.
Sessions of Parliament, prorogation and dissolution."
CONST_1950_Art86,CONST_1950,86,86.,"86.
Right of President to address and send messages to Houses."
CONST_1950_Art87,CONST_1950,87,87.,"87.
Special address by the President."
CONST_1950_Art88,CONST_1950,88,88.,"88.
Rights of Ministers and Attorney-General as respects Houses.
Officers of Parliament"
CONST_1950_Art89,CONST_1950,89,89.,"89.
The Chairman and Deputy Chairman of the Council of States."
CONST_1950_Art90,CONST_1950,90,90.,"90.
Vacation and resignation of, and removal from, the office of 
Deputy Chairman."
CONST_1950_Art91,CONST_1950,91,91.,"91.
Power of the Deputy Chairman or other person to perform the 
duties of the office of, or to act as, Chairman."
CONST_1950_Art92,CONST_1950,92,92.,"92.
The Chairman or the Deputy Chairman not to preside while a"
CONST_1950_Art93,CONST_1950,93,93.,"93.
The Speaker and Deputy Speaker of the House of the People."
CONST_1950_Art94,CONST_1950,94,94.,"94.
Vacation and resignation of, and removal from, the offices of 
Speaker and Deputy Speaker."
CONST_1950_Art95,CONST_1950,95,95.,"95.
Power of the Deputy Speaker or other person to perform the 
duties of the office of, or to act as, Speaker.

(vii)"
CONST_1950_Art96,CONST_1950,96,96.,"96.
The Speaker or the Deputy Speaker not to preside while a"
CONST_1950_Art97,CONST_1950,97,97.,"97. 
Salaries and allowances of the Chairman and Deputy Chairman 
and the Speaker and Deputy Speaker."
CONST_1950_Art98,CONST_1950,98,98.,"98. 
Secretariat of Parliament."
CONST_1950_Art99,CONST_1950,99,99.,"99.
Oath or affirmation by members."
CONST_1950_Art100,CONST_1950,100,100.,"100. 
Voting in Houses, power of Houses to act notwithstanding 
vacancies and quorum."
CONST_1950_Art101,CONST_1950,101,101.,"101. 
Vacation of seats.
102."
CONST_1950_Art103,CONST_1950,103,103.,"103. 
Decision on questions as to disqualifications of members."
CONST_1950_Art104,CONST_1950,104,104.,"104.
Penalty for sitting and voting before making oath or affirmation 
under article 99 or when not qualified or when disqualified.
Powers, Privileges and Immunities of Parliament and its 
Members"
CONST_1950_Art105,CONST_1950,105,105.,"105.
Powers, privileges, etc., of the Houses of Parliament and of the 
members and committees thereof."
CONST_1950_Art106,CONST_1950,106,106.,"106.
Salaries and allowances of members."
CONST_1950_Art107,CONST_1950,107,107.,"107.
Provisions as to introduction and passing of Bills."
CONST_1950_Art108,CONST_1950,108,108.,"108.
Joint sitting of both Houses in certain cases."
CONST_1950_Art109,CONST_1950,109,109.,"109.
Special procedure in respect of Money Bills."
CONST_1950_Art110,CONST_1950,110,110.,"110.
Definition of “Money Bills”."
CONST_1950_Art111,CONST_1950,111,111.,"111.
Assent to Bills."
CONST_1950_Art112,CONST_1950,112,112.,"112.
Annual financial statement."
CONST_1950_Art113,CONST_1950,113,113.,"113.
Procedure in Parliament with respect to estimates."
CONST_1950_Art114,CONST_1950,114,114.,"114.
Appropriation Bills.

(viii)"
CONST_1950_Art115,CONST_1950,115,115.,"115.
Supplementary, additional or excess grants."
CONST_1950_Art116,CONST_1950,116,116.,"116.
Votes on account, votes of credit and exceptional grants."
CONST_1950_Art117,CONST_1950,117,117.,"117.
Special provisions as to financial Bills."
CONST_1950_Art118,CONST_1950,118,118.,"118.
Rules of procedure."
CONST_1950_Art119,CONST_1950,119,119.,"119.
Regulation by law of procedure in Parliament in relation to 
financial business."
CONST_1950_Art120,CONST_1950,120,120.,"120.
Language to be used in Parliament."
CONST_1950_Art121,CONST_1950,121,121.,"121.
Restriction on discussion in Parliament."
CONST_1950_Art122,CONST_1950,122,122.,"122.
Courts not to inquire into proceedings of Parliament.
LEGISLATIVE POWERS OF THE 
PRESIDENT"
CONST_1950_Art123,CONST_1950,123,123.,"123.
Power of President to promulgate Ordinances during recess of 
Parliament.
THE UNION JUDICIARY"
CONST_1950_Art124,CONST_1950,124,124.,"124.
Establishment and constitution of the Supreme Court."
CONST_1950_Art124A,CONST_1950,124A,124A.,"124A.
National Judicial Appointments Commission."
CONST_1950_Art124B,CONST_1950,124B,124B.,"124B.
Functions of Commission."
CONST_1950_Art124C,CONST_1950,124C,124C.,"124C.
Power of Parliament to make law."
CONST_1950_Art125,CONST_1950,125,125.,"125.
Salaries, etc., of Judges."
CONST_1950_Art126,CONST_1950,126,126.,"126.
Appointment of acting Chief Justice."
CONST_1950_Art127,CONST_1950,127,127.,"127.
Appointment of ad hoc Judges."
CONST_1950_Art128,CONST_1950,128,128.,"128.
Attendance of retired Judges at sittings of the Supreme Court."
CONST_1950_Art129,CONST_1950,129,129.,"129.
Supreme Court to be a court of record."
CONST_1950_Art130,CONST_1950,130,130.,"130.
Seat of Supreme Court."
CONST_1950_Art131,CONST_1950,131,131.,"131.
Original jurisdiction of the Supreme Court.
[131A.
Exclusive jurisdiction of the Supreme Court in regard to questions 
as to constitutional validity of Central laws."
CONST_1950_Art132,CONST_1950,132,132.,"132.
Appellate jurisdiction of the Supreme Court in appeals from 
High Courts in certain cases."
CONST_1950_Art133,CONST_1950,133,133.,"133.
Appellate jurisdiction of the Supreme Court in appeals from 
High Courts in regard to civil matters."
CONST_1950_Art134,CONST_1950,134,134.,"134.
Appellate jurisdiction of the Supreme Court in regard to criminal 
matters.

(ix)"
CONST_1950_Art134A,CONST_1950,134A,134A.,"134A.
Certificate for appeal to the Supreme Court.
 135. 
Jurisdiction and powers of the Federal Court under existing law 
to be exercisable by the Supreme Court."
CONST_1950_Art136,CONST_1950,136,136.,"136.
Special leave to appeal by the Supreme Court.
 137. 
Review of judgments or orders by the Supreme Court."
CONST_1950_Art138,CONST_1950,138,138.,"138.
Enlargement of the jurisdiction of the Supreme Court."
CONST_1950_Art139,CONST_1950,139,139.,"139.
Conferment on the Supreme Court of powers to issue certain 
writs."
CONST_1950_Art139A,CONST_1950,139A,139A.,"139A.
Transfer of certain cases."
CONST_1950_Art140,CONST_1950,140,140.,"140.
Ancillary powers of the Supreme Court.
 141. 
Law declared by Supreme Court to be binding on all courts."
CONST_1950_Art142,CONST_1950,142,142.,"142.
Enforcement of decrees and orders of the Supreme Court and 
orders as to discovery, etc. 
 143. 
Power of the President to consult the Supreme Court."
CONST_1950_Art144,CONST_1950,144,144.,"144.
Civil and judicial authorities to act in aid of the Supreme 
Court.
[144A.
Special provisions as to disposal of questions relating to 
constitutional validity of laws."
CONST_1950_Art145,CONST_1950,145,145.,"145.
Rules of Court, etc."
CONST_1950_Art146,CONST_1950,146,146.,"146.
Officers and servants and the expenses of the Supreme Court."
CONST_1950_Art147,CONST_1950,147,147.,"147.
CHAPTER V.
COMPTROLLER AND AUDITORGENERAL OF INDIA"
CONST_1950_Art148,CONST_1950,148,148.,"148.
Comptroller and Auditor-General of India."
CONST_1950_Art149,CONST_1950,149,149.,"149.
Duties and powers of the Comptroller and Auditor-General."
CONST_1950_Art150,CONST_1950,150,150.,"150.
Form of accounts of the Union and of the States."
CONST_1950_Art151,CONST_1950,151,151.,"151.
Audit reports.
PART VI
THE STATES
GENERAL"
CONST_1950_Art152,CONST_1950,152,152.,"152.
Definition.

(x)
 THE EXECUTIVE
The Governor
 153. 
Governors of States.
 154. 
Executive power of State. 
 155. 
Appointment of Governor."
CONST_1950_Art156,CONST_1950,156,156.,"156.
Term of office of Governor."
CONST_1950_Art157,CONST_1950,157,157.,"157.
Qualifications for appointment as Governor.
 158. 
Conditions of Governor’s office.
 159. 
Oath or affirmation by the Governor. 
 160. 
Discharge of the functions of the Governor in certain 
contingencies."
CONST_1950_Art161,CONST_1950,161,161.,"161.
Power of Governor to grant pardons, etc., and to suspend, remit 
or commute sentences in certain cases."
CONST_1950_Art162,CONST_1950,162,162.,"162.
Extent of executive power of State."
CONST_1950_Art163,CONST_1950,163,163.,"163.
Council of Ministers to aid and advise Governor.
 164. 
Other provisions as to Ministers.
The Advocate-General for the State"
CONST_1950_Art165,CONST_1950,165,165.,"165.
Advocate-General for the State."
CONST_1950_Art166,CONST_1950,166,166.,"166.
Conduct of business of the Government of a State."
CONST_1950_Art167,CONST_1950,167,167.,"167.
Duties of Chief Minister as respects the furnishing of 
information to Governor, etc.
THE STATE LEGISLATURE"
CONST_1950_Art168,CONST_1950,168,168.,"168.
Constitution of Legislatures in States."
CONST_1950_Art169,CONST_1950,169,169.,"169.
Abolition or creation of Legislative Councils in States."
CONST_1950_Art170,CONST_1950,170,170.,"170.
Composition of the Legislative Assemblies.

(xi)"
CONST_1950_Art171,CONST_1950,171,171.,"171.
Composition of the Legislative Councils."
CONST_1950_Art172,CONST_1950,172,172.,"172. 
Duration of State Legislatures."
CONST_1950_Art173,CONST_1950,173,173.,"173. 
Qualification for membership of the State Legislature."
CONST_1950_Art174,CONST_1950,174,174.,"174.
Sessions of the State Legislature, prorogation and dissolution."
CONST_1950_Art175,CONST_1950,175,175.,"175.
Right of Governor to address and send messages to the House or 
Houses."
CONST_1950_Art176,CONST_1950,176,176.,"176. 
Special address by the Governor."
CONST_1950_Art177,CONST_1950,177,177.,"177. 
Rights of Ministers and Advocate-General as respects the 
Houses. 

Officers of the State Legislature"
CONST_1950_Art178,CONST_1950,178,178.,"178.
The Speaker and Deputy Speaker of the Legislative Assembly."
CONST_1950_Art179,CONST_1950,179,179.,"179.
Vacation and resignation of, and removal from, the offices of 
Speaker and Deputy Speaker."
CONST_1950_Art180,CONST_1950,180,180.,"180.
Power of the Deputy Speaker or other person to perform the 
duties of the office of, or to act as, Speaker."
CONST_1950_Art181,CONST_1950,181,181.,"181. 
The Speaker or the Deputy Speaker not to preside while a"
CONST_1950_Art182,CONST_1950,182,182.,"182.
The Chairman and Deputy Chairman of the Legislative Council."
CONST_1950_Art183,CONST_1950,183,183.,"183.
Vacation and resignation of, and removal from, the offices of 
Chairman and Deputy Chairman."
CONST_1950_Art184,CONST_1950,184,184.,"184.
Power of the Deputy Chairman or other person to perform the 
duties of the office of, or to act as, Chairman."
CONST_1950_Art185,CONST_1950,185,185.,"185.
The Chairman or the Deputy Chairman not to preside while a"
CONST_1950_Art186,CONST_1950,186,186.,"186. 
Salaries and allowances of the Speaker and Deputy Speaker and 
the Chairman and Deputy Chairman."
CONST_1950_Art187,CONST_1950,187,187.,"187.
Secretariat of State Legislature."
CONST_1950_Art188,CONST_1950,188,188.,"188.
Oath or affirmation by members."
CONST_1950_Art189,CONST_1950,189,189.,"189.
Voting in Houses, power of Houses to act notwithstanding 
vacancies and quorum."
CONST_1950_Art190,CONST_1950,190,190.,"190.
Vacation of seats.

(xii)
191."
CONST_1950_Art192,CONST_1950,192,192.,"192.
Decision on questions as to disqualifications of members."
CONST_1950_Art193,CONST_1950,193,193.,"193. 
Penalty for sitting and voting before making oath or affirmation 
under article 188 or when not qualified or when disqualified.
Powers, privileges and immunities of State Legislatures and 
their Members"
CONST_1950_Art194,CONST_1950,194,194.,"194.
Powers, privileges, etc., of the Houses of Legislatures and of the 
members and committees thereof."
CONST_1950_Art195,CONST_1950,195,195.,"195. 
Salaries and allowances of members."
CONST_1950_Art196,CONST_1950,196,196.,"196. 
Provisions as to introduction and passing of Bills."
CONST_1950_Art197,CONST_1950,197,197.,"197. 
Restriction on powers of Legislative Council as to Bills other 
than Money Bills."
CONST_1950_Art198,CONST_1950,198,198.,"198.
Special procedure in respect of Money Bills."
CONST_1950_Art199,CONST_1950,199,199.,"199.
Definition of “Money Bills”."
CONST_1950_Art200,CONST_1950,200,200.,"200.
Assent to Bills."
CONST_1950_Art201,CONST_1950,201,201.,"201.
Bills reserved for consideration."
CONST_1950_Art202,CONST_1950,202,202.,"202.
Annual financial statement."
CONST_1950_Art203,CONST_1950,203,203.,"203.
Procedure in Legislature with respect to estimates."
CONST_1950_Art204,CONST_1950,204,204.,"204.
Appropriation Bills."
CONST_1950_Art205,CONST_1950,205,205.,"205.
Supplementary, additional or excess grants."
CONST_1950_Art206,CONST_1950,206,206.,"206.
Votes on account, votes of credit and exceptional grants."
CONST_1950_Art207,CONST_1950,207,207.,"207.
Special provisions as to financial Bills."
CONST_1950_Art208,CONST_1950,208,208.,"208.
Rules of procedure."
CONST_1950_Art209,CONST_1950,209,209.,"209.
Regulation by law of procedure in the Legislature of the State in 
relation to financial business.

(xiii)"
CONST_1950_Art210,CONST_1950,210,210.,"210.
Language to be used in the Legislature."
CONST_1950_Art211,CONST_1950,211,211.,"211.
Restriction on discussion in the Legislature."
CONST_1950_Art212,CONST_1950,212,212.,"212.
Courts not to inquire into proceedings of the Legislature.
LEGISLATIVE POWER OF THE 
GOVERNOR"
CONST_1950_Art213,CONST_1950,213,213.,"213.
Power of Governor to promulgate Ordinances during recess of 
Legislature.
CHAPTER V.
THE HIGH COURTS IN THE 
STATES"
CONST_1950_Art214,CONST_1950,214,214.,"214.
High Courts for States."
CONST_1950_Art215,CONST_1950,215,215.,"215.
High Courts to be courts of record."
CONST_1950_Art216,CONST_1950,216,216.,"216.
Constitution of High Courts."
CONST_1950_Art217,CONST_1950,217,217.,"217.
Appointment and conditions of the office of a Judge of a High 
Court."
CONST_1950_Art218,CONST_1950,218,218.,"218.
Application of certain provisions relating to Supreme Court to 
High Courts."
CONST_1950_Art219,CONST_1950,219,219.,"219.
Oath or affirmation by Judges of High Courts."
CONST_1950_Art220,CONST_1950,220,220.,"220.
Restriction on practice after being a permanent Judge."
CONST_1950_Art221,CONST_1950,221,221.,"221.
Salaries, etc., of Judges."
CONST_1950_Art222,CONST_1950,222,222.,"222.
Transfer of a Judge from one High Court to another."
CONST_1950_Art223,CONST_1950,223,223.,"223.
Appointment of acting Chief Justice."
CONST_1950_Art224,CONST_1950,224,224.,"224.
Appointment of additional and acting Judges."
CONST_1950_Art224A,CONST_1950,224A,224A.,"224A.
Appointment of retired Judges at sittings of High Courts."
CONST_1950_Art225,CONST_1950,225,225.,"225.
Jurisdiction of existing High Courts."
CONST_1950_Art226,CONST_1950,226,226.,"226.
Power of High Courts to issue certain writs.
[226A.
Constitutional validity of Central laws not to be considered in 
proceedings under article 226."
CONST_1950_Art227,CONST_1950,227,227.,"227.
Power of superintendence over all courts by the High Court."
CONST_1950_Art228,CONST_1950,228,228.,"228.
Transfer of certain cases to High Court.
[228A.
Special provisions as to disposal of questions relating to 
constitutional validity of State laws.

(xiv)"
CONST_1950_Art229,CONST_1950,229,229.,"229. 
Officers and servants and the expenses of High Courts."
CONST_1950_Art230,CONST_1950,230,230.,"230.
Extension of jurisdiction of High Courts to Union territories."
CONST_1950_Art231,CONST_1950,231,231.,"231.
Establishment of a common High Court for two or more States.
[232.
Articles 230, 231 and 232 substituted by articles 230 and 231].
CHAPTER VI.
SUBORDINATE COURTS"
CONST_1950_Art233,CONST_1950,233,233.,"233.
Appointment of district judges."
CONST_1950_Art233A,CONST_1950,233A,233A.,"233A.
Validation of appointments of, and judgments, etc., delivered by, 
certain district judges."
CONST_1950_Art234,CONST_1950,234,234.,"234. 
Recruitment of persons other than district judges to the judicial 
service."
CONST_1950_Art235,CONST_1950,235,235.,"235. 
Control over subordinate courts.
236."
CONST_1950_Art237,CONST_1950,237,237.,"237. 
Application of the provisions of this Chapter to certain class or 
classes of magistrates.
[PART VII.—Omitted]
THE STATES IN PART B OF THE FIRST SCHEDULE
[238.
PART VIII
THE UNION TERRITORIES"
CONST_1950_Art239,CONST_1950,239,239.,"239.
Administration of Union territories."
CONST_1950_Art239A,CONST_1950,239A,239A.,"239A.
Creation of local Legislatures or Council of Ministers or both for 
certain Union territories.
239AA.
Special provisions with respect to Delhi.
239AB.
Provision in case of failure of constitutional machinery."
CONST_1950_Art239B,CONST_1950,239B,239B.,"239B.
Power of administrator to promulgate Ordinances during recess 
of Legislature."
CONST_1950_Art240,CONST_1950,240,240.,"240.
Power of President to make regulations for certain Union 
territories."
CONST_1950_Art241,CONST_1950,241,241.,"241.
High Courts for Union territories.
[242.
Coorg.
PART IX
THE PANCHAYATS
243.

(xv)"
CONST_1950_Art243A,CONST_1950,243A,243A.,"243A.
Gram Sabha."
CONST_1950_Art243B,CONST_1950,243B,243B.,"243B. 
Constitution of Panchayats."
CONST_1950_Art243C,CONST_1950,243C,243C.,"243C.
Composition of Panchayats."
CONST_1950_Art243D,CONST_1950,243D,243D.,"243D.
Reservation of seats."
CONST_1950_Art243E,CONST_1950,243E,243E.,"243E.
Duration of Panchayats, etc.
243F."
CONST_1950_Art243G,CONST_1950,243G,243G.,"243G. 
Powers, authority and responsibilities of Panchayats."
CONST_1950_Art243H,CONST_1950,243H,243H.,"243H. 
Powers to impose taxes by, and Funds of, the Panchayats. 
243-I.
Constitution of Finance Commission to review financial 
position."
CONST_1950_Art243J,CONST_1950,243J,243J.,"243J.
Audit of accounts of Panchayats."
CONST_1950_Art243K,CONST_1950,243K,243K.,"243K.
Elections to the Panchayats."
CONST_1950_Art243L,CONST_1950,243L,243L.,"243L.
Application to Union territories."
CONST_1950_Art243M,CONST_1950,243M,243M.,"243M.
Part not to apply to certain areas."
CONST_1950_Art243N,CONST_1950,243N,243N.,"243N.
Continuance of existing laws and Panchayats.
243-O.
Bar to interference by courts in electoral matters.
PART IXA
THE MUNICIPALITIES
243P."
CONST_1950_Art243Q,CONST_1950,243Q,243Q.,"243Q.
Constitution of Municipalities."
CONST_1950_Art243R,CONST_1950,243R,243R.,"243R.
Composition of Municipalities."
CONST_1950_Art243S,CONST_1950,243S,243S.,"243S.
Constitution and composition of Wards Committees, etc."
CONST_1950_Art243T,CONST_1950,243T,243T.,"243T.
Reservation of seats."
CONST_1950_Art243U,CONST_1950,243U,243U.,"243U.
Duration of Municipalities, etc.
243V."
CONST_1950_Art243W,CONST_1950,243W,243W.,"243W.
Powers, authority and responsibilities of Municipalities, etc."
CONST_1950_Art243X,CONST_1950,243X,243X.,"243X.
Power to impose taxes by, and Funds of, the Municipalities."
CONST_1950_Art243Y,CONST_1950,243Y,243Y.,"243Y.
Finance Commission.

(xvi)"
CONST_1950_Art243Z,CONST_1950,243Z,243Z.,"243Z.
Audit of accounts of Municipalities.
243ZA.
Elections to the Municipalities.
243ZB. 
Application to Union territories.
243ZC. 
Part not to apply to certain areas. 
243ZD.
Committee for district planning.
243ZE.
Committee for Metropolitan planning.
243ZF.
Continuance of existing laws and Municipalities.
243ZG. 
Bar to interference by courts in electoral matters. 
PART IXB 
THE CO-OPERATIVE SOCIETIES
243ZH.
243Z-I.
Incorporation of co-operative societies.
243ZJ.
Number and term of members of board and its office bearers.
243ZK.
Election of members of board.
243ZL.
Supersession and suspension of board and interim management.
243ZM.
Audit of accounts of co-operative societies.
243ZN.
Convening of general body meetings.
243Z-O.
Right of a member to get information.
243ZP.
Returns.
243ZQ.
Offences and penalties.
243ZR.
Application to multi-State co-operative societies.
243ZS.
Application to Union territories.
243ZT.
Continuance of existing laws.
PART X
THE SCHEDULED AND TRIBAL AREAS"
CONST_1950_Art244,CONST_1950,244,244.,"244.
Administration of Scheduled Areas and Tribal Areas."
CONST_1950_Art244A,CONST_1950,244A,244A.,"244A.
Formation of an autonomous State comprising certain tribal 
areas in Assam and creation of local Legislature or Council of 
Ministers or both therefor.

(xvii)
PART XI
RELATIONS BETWEEN THE UNION AND THE 
STATES 
LEGISLATIVE RELATIONS
Distribution of Legislative Powers"
CONST_1950_Art245,CONST_1950,245,245.,"245.
Extent of laws made by Parliament and by the Legislatures of"
CONST_1950_Art246,CONST_1950,246,246.,"246. 
Subject-matter of laws made by Parliament and by the 
Legislatures of States."
CONST_1950_Art246A,CONST_1950,246A,246A.,"246A.
Special provision with respect to goods and services tax."
CONST_1950_Art247,CONST_1950,247,247.,"247. 
Power of Parliament to provide for the establishment of certain 
additional courts."
CONST_1950_Art248,CONST_1950,248,248.,"248.
Residuary powers of legislation."
CONST_1950_Art249,CONST_1950,249,249.,"249. 
Power of Parliament to legislate with respect to a matter in the 
State List in the national interest."
CONST_1950_Art250,CONST_1950,250,250.,"250. 
Power of Parliament to legislate with respect to any matter in the 
State List if a Proclamation of Emergency is in operation."
CONST_1950_Art251,CONST_1950,251,251.,"251.
Inconsistency between laws made by Parliament under articles 
249 and 250 and laws made by the Legislatures of States."
CONST_1950_Art252,CONST_1950,252,252.,"252.
Power of Parliament to legislate for two or more States by 
consent and adoption of such legislation by any other State."
CONST_1950_Art253,CONST_1950,253,253.,"253.
Legislation for giving effect to international agreements."
CONST_1950_Art254,CONST_1950,254,254.,"254.
Inconsistency between laws made by Parliament and laws made 
by the Legislatures of States."
CONST_1950_Art255,CONST_1950,255,255.,"255.
Requirements as to recommendations and previous sanctions to 
be regarded as matters of procedure only.
ADMINISTRATIVE RELATIONS"
CONST_1950_Art256,CONST_1950,256,256.,"256.
Obligation of States and the Union."
CONST_1950_Art257,CONST_1950,257,257.,"257.
Control of the Union over States in certain cases.
[257A.
Assistance to States by deployment of armed forces or other 
forces of the Union."
CONST_1950_Art258,CONST_1950,258,258.,"258.
Power of the Union to confer powers, etc., on States in certain 
cases.

(xviii)"
CONST_1950_Art258A,CONST_1950,258A,258A.,"258A.
Power of the States to entrust functions to the Union.
 [259. 
Armed Forces in States in Part B of the First Schedule."
CONST_1950_Art260,CONST_1950,260,260.,"260.
Jurisdiction of the Union in relation to territories outside India."
CONST_1950_Art261,CONST_1950,261,261.,"261. 
Public acts, records and judicial proceedings.

Disputes relating to Waters"
CONST_1950_Art262,CONST_1950,262,262.,"262.
Adjudication of disputes relating to waters of inter-State rivers 
or river valleys. 
Co-ordination between States"
CONST_1950_Art263,CONST_1950,263,263.,"263. 
Provisions with respect to an inter-State Council.
PART XII
FINANCE, PROPERTY, CONTRACTS AND SUITS
FINANCE 
264."
CONST_1950_Art265,CONST_1950,265,265.,"265. 
Taxes not to be imposed save by authority of law."
CONST_1950_Art266,CONST_1950,266,266.,"266.
Consolidated Funds and public accounts of India and of the"
CONST_1950_Art267,CONST_1950,267,267.,"267.
Contingency Fund.
Distribution of Revenues between the Union and the States"
CONST_1950_Art268,CONST_1950,268,268.,"268. 
Duties levied by the Union but collected and appropriated by the 
[268A.
Service tax levied by Union and collected by the Union and the"
CONST_1950_Art269,CONST_1950,269,269.,"269.
Taxes levied and collected by the Union but assigned to the"
CONST_1950_Art269A,CONST_1950,269A,269A.,"269A.
Levy and collection of goods and services tax in course of interState trade or commerce."
CONST_1950_Art270,CONST_1950,270,270.,"270.
Taxes levied and distributed between the Union and the States."
CONST_1950_Art271,CONST_1950,271,271.,"271.
Surcharge on certain duties and taxes for purposes of the Union.
[272.
Taxes which are levied and collected by the Union and may be 
distributed between the Union and the States."
CONST_1950_Art273,CONST_1950,273,273.,"273. 
Grants in lieu of export duty on jute and jute products."
CONST_1950_Art274,CONST_1950,274,274.,"274.
Prior recommendation of President required to Bills affecting 
taxation in which States are interested.

(xix)"
CONST_1950_Art275,CONST_1950,275,275.,"275.
Grants from the Union to certain States."
CONST_1950_Art276,CONST_1950,276,276.,"276. 
Taxes on professions, trades, callings and employments."
CONST_1950_Art277,CONST_1950,277,277.,"277.
Savings.
[278.
Agreement with States in Part B of the First Schedule with 
regard to certain financial matters."
CONST_1950_Art279,CONST_1950,279,279.,"279. 
Calculation of “net proceeds”, etc."
CONST_1950_Art279A,CONST_1950,279A,279A.,"279A.
Goods and Services Tax Council."
CONST_1950_Art280,CONST_1950,280,280.,"280.
Finance Commission."
CONST_1950_Art281,CONST_1950,281,281.,"281.
Recommendations of the Finance Commission.

Miscellaneous Financial Provisions"
CONST_1950_Art282,CONST_1950,282,282.,"282. 
Expenditure defrayable by the Union or a State out of its 
revenues."
CONST_1950_Art283,CONST_1950,283,283.,"283.
Custody, etc., of Consolidated Funds, Contingency Funds and 
moneys credited to the public accounts."
CONST_1950_Art284,CONST_1950,284,284.,"284.
Custody of suitors’ deposits and other moneys received by 
public servants and courts."
CONST_1950_Art285,CONST_1950,285,285.,"285.
Exemption of property of the Union from State taxation."
CONST_1950_Art286,CONST_1950,286,286.,"286.
Restrictions as to imposition of tax on the sale or purchase of 
goods."
CONST_1950_Art287,CONST_1950,287,287.,"287.
Exemption from taxes on electricity."
CONST_1950_Art288,CONST_1950,288,288.,"288.
Exemption from taxation by States in respect of water or 
electricity in certain cases."
CONST_1950_Art289,CONST_1950,289,289.,"289.
Exemption of property and income of a State from Union 
taxation."
CONST_1950_Art290,CONST_1950,290,290.,"290.
Adjustment in respect of certain expenses and pensions."
CONST_1950_Art290A,CONST_1950,290A,290A.,"290A.
Annual payment to certain Devaswom Funds.
[291.
Privy purse sums of Rulers.
BORROWING"
CONST_1950_Art292,CONST_1950,292,292.,"292.
Borrowing by the Government of India."
CONST_1950_Art293,CONST_1950,293,293.,"293.
Borrowing by States.

(xx)
PROPERTY, CONTRACTS, RIGHTS, LIABILITIES,
OBLIGATIONS AND SUITS"
CONST_1950_Art294,CONST_1950,294,294.,"294.
Succession to property, assets, rights, liabilities and obligations 
in certain cases."
CONST_1950_Art295,CONST_1950,295,295.,"295.
Succession to property, assets, rights, liabilities and obligations 
in other cases."
CONST_1950_Art296,CONST_1950,296,296.,"296.
Property accruing by escheat or lapse or as bona vacantia.
 297.
Things of value within territorial waters or continental shelf and 
resources of the exclusive economic zone to vest in the Union.
 298.
Power to carry on trade, etc.
 299.
Contracts.
 300.
Suits and proceedings.
RIGHT TO PROPERTY"
CONST_1950_Art300A,CONST_1950,300A,300A.,"300A.
Persons not to be deprived of property save by authority of law.
PART XIII
TRADE, COMMERCE AND INTERCOURSE 
WITHIN THE TERRITORY OF INDIA"
CONST_1950_Art301,CONST_1950,301,301.,"301.
Freedom of trade, commerce and intercourse."
CONST_1950_Art302,CONST_1950,302,302.,"302.
Power of Parliament to impose restrictions on trade, commerce 
and intercourse."
CONST_1950_Art303,CONST_1950,303,303.,"303.
Restrictions on the legislative powers of the Union and of the 
States with regard to trade and commerce."
CONST_1950_Art304,CONST_1950,304,304.,"304.
Restrictions on trade, commerce and intercourse among States."
CONST_1950_Art305,CONST_1950,305,305.,"305.
Saving of existing laws and laws providing for State monopolies.
[306.
Power of certain States in Part B of the First Schedule to 
impose restrictions on trade and commerce.
Omitted]"
CONST_1950_Art307,CONST_1950,307,307.,"307.
Appointment of authority for carrying out the purposes of 
articles 301 to 304.
PART XIV
SERVICES UNDER THE UNION AND THE STATES
SERVICES
308.

(xxi)"
CONST_1950_Art309,CONST_1950,309,309.,"309.
Recruitment and conditions of service of persons serving the 
Union or a State."
CONST_1950_Art310,CONST_1950,310,310.,"310. 
Tenure of office of persons serving the Union or a State."
CONST_1950_Art311,CONST_1950,311,311.,"311. 
Dismissal, removal or reduction in rank of persons employed in 
civil capacities under the Union or a State."
CONST_1950_Art312,CONST_1950,312,312.,"312.
All-India services."
CONST_1950_Art312A,CONST_1950,312A,312A.,"312A. 
Power of Parliament to vary or revoke conditions of service of 
officers of certain services."
CONST_1950_Art313,CONST_1950,313,313.,"313.
Transitional provisions.
[314.
Provision for protection of existing officers of certain services.

CHAPTER II.—PUBLIC SERVICE COMMISSIONS 
 315. 
Public Service Commissions for the Union and for the States."
CONST_1950_Art316,CONST_1950,316,316.,"316.
Appointment and term of office of members."
CONST_1950_Art317,CONST_1950,317,317.,"317.
Removal and suspension of a member of a Public Service 
Commission."
CONST_1950_Art318,CONST_1950,318,318.,"318.
Power to make regulations as to conditions of service of 
members and staff of the Commission."
CONST_1950_Art319,CONST_1950,319,319.,"319.
Prohibition as to the holding of offices by members of 
Commission on ceasing to be such members."
CONST_1950_Art320,CONST_1950,320,320.,"320.
Functions of Public Service Commissions."
CONST_1950_Art321,CONST_1950,321,321.,"321.
Power to extend functions of Public Service Commissions."
CONST_1950_Art322,CONST_1950,322,322.,"322.
Expenses of Public Service Commissions."
CONST_1950_Art323,CONST_1950,323,323.,"323.
Reports of Public Service Commissions.
PART XIVA
TRIBUNALS"
CONST_1950_Art323A,CONST_1950,323A,323A.,"323A.
Administrative tribunals."
CONST_1950_Art323B,CONST_1950,323B,323B.,"323B.
Tribunals for other matters.

(xxii)
PART XV 
ELECTIONS
 324. 
Superintendence, direction and control of elections to be vested 
in an Election Commission.
 325. 
No person to be ineligible for inclusion in, or to claim to be 
included in a special, electoral roll on grounds of religion, race, 
caste or sex.
 326. 
Elections to the House of the People and to the Legislative 
Assemblies of States to be on the basis of adult suffrage."
CONST_1950_Art327,CONST_1950,327,327.,"327.
Power of Parliament to make provision with respect to elections 
to Legislatures."
CONST_1950_Art328,CONST_1950,328,328.,"328.
Power of Legislature of a State to make provision with respect to 
elections to such Legislature."
CONST_1950_Art329,CONST_1950,329,329.,"329.
Bar to interference by courts in electoral matters.
 [329A. 
Special provision as to elections to Parliament in the case of 
Prime Minister and Speaker.
PART XVI
SPECIAL PROVISIONS RELATING TO CERTAIN 
CLASSES
330."
CONST_1950_Art330A,CONST_1950,330A,330A.,"330A. 
Reservation of seats for Scheduled Castes and Scheduled Tribes 
in the House of the People. 
Reservation of seats for women in the House of the People."
CONST_1950_Art331,CONST_1950,331,331.,"331.
Representation of the Anglo-Indian community in the House of 
the People.
332."
CONST_1950_Art332A,CONST_1950,332A,332A.,"332A.
Reservation of seats for Scheduled Castes and Scheduled Tribes 
in the Legislative Assemblies of the States. 
Reservation of seats for women in the Legislative Assemblies of 
the States."
CONST_1950_Art333,CONST_1950,333,333.,"333.
Representation of the Anglo-Indian community in the 
Legislative Assemblies of the States.
334."
CONST_1950_Art334A,CONST_1950,334A,334A.,"334A.
Reservation of seats and special representation to cease after
certain period.
Reservation of seats for women take effect."
CONST_1950_Art335,CONST_1950,335,335.,"335.
Claims of Scheduled Castes and Scheduled Tribes to services 
and posts.

(xxiii)"
CONST_1950_Art336,CONST_1950,336,336.,"336.
Special provision for Anglo-Indian community in certain 
services."
CONST_1950_Art337,CONST_1950,337,337.,"337.
Special provision with respect to educational grants for the 
benefit of Anglo-Indian Community. 
 338. 
National Commission for Scheduled Castes."
CONST_1950_Art338A,CONST_1950,338A,338A.,"338A.
National Commission for Scheduled Tribes."
CONST_1950_Art338B,CONST_1950,338B,338B.,"338B.
National Commission for Backward Classes.
 339. 
Control of the Union over the administration of Scheduled Areas 
and the welfare of Scheduled Tribes."
CONST_1950_Art340,CONST_1950,340,340.,"340.
Appointment of a Commission to investigate the conditions of 
backward classes.
 341. 
Scheduled Castes. 
 342. 
Scheduled Tribes."
CONST_1950_Art342A,CONST_1950,342A,342A.,"342A.
Socially and educationally backward classes.
PART XVII
OFFICIAL LANGUAGE
CHAPTER I.—LANGUAGE OF THE UNION"
CONST_1950_Art343,CONST_1950,343,343.,"343.
Official language of the Union.
 344. 
Commission and Committee of Parliament on official language. 
REGIONAL LANGUAGES"
CONST_1950_Art345,CONST_1950,345,345.,"345.
Official language or languages of a State."
CONST_1950_Art346,CONST_1950,346,346.,"346.
Official language for communication between one State and 
another or between a State and the Union."
CONST_1950_Art347,CONST_1950,347,347.,"347.
Special provision relating to language spoken by a section of the 
population of a State.
LANGUAGE OF THE SUPREME COURT,
HIGH COURTS, ETC."
CONST_1950_Art348,CONST_1950,348,348.,"348.
Language to be used in the Supreme Court and in the High 
Courts and for Acts, Bills, etc."
CONST_1950_Art349,CONST_1950,349,349.,"349.
Special procedure for enactment of certain laws relating to 
language.

(xxiv)
SPECIAL DIRECTIVES"
CONST_1950_Art350,CONST_1950,350,350.,"350.
Language to be used in representations for redress of grievances."
CONST_1950_Art350A,CONST_1950,350A,350A.,"350A.
Facilities for instruction in mother-tongue at primary stage."
CONST_1950_Art350B,CONST_1950,350B,350B.,"350B.
Special Officer for linguistic minorities."
CONST_1950_Art351,CONST_1950,351,351.,"351.
Directive for development of the Hindi language.
PART XVIII
EMERGENCY PROVISIONS
 352. 
Proclamation of Emergency.
 353. 
Effect of Proclamation of Emergency. 
 354.
Application of provisions relating to distribution of revenues 
while a Proclamation of Emergency is in operation.
 355.
Duty of the Union to protect States against external aggression 
and internal disturbance."
CONST_1950_Art356,CONST_1950,356,356.,"356.
Provisions in case of failure of constitutional machinery in"
CONST_1950_Art357,CONST_1950,357,357.,"357.
Exercise of legislative powers under Proclamation issued under 
article 356."
CONST_1950_Art358,CONST_1950,358,358.,"358.
Suspension of provisions of article 19 during emergencies."
CONST_1950_Art359,CONST_1950,359,359.,"359.
Suspension of the enforcement of the rights conferred by Part III 
during emergencies.
[359A.
Application of this Part to the State of Punjab."
CONST_1950_Art360,CONST_1950,360,360.,"360.
Provisions as to financial emergency.
PART XIX
MISCELLANEOUS"
CONST_1950_Art361,CONST_1950,361,361.,"361.
Protection of President and Governors and Rajpramukhs."
CONST_1950_Art361A,CONST_1950,361A,361A.,"361A.
Protection of publication of proceedings of Parliament and State 
Legislatures."
CONST_1950_Art361B,CONST_1950,361B,361B.,"361B.
Disqualification for appointment on remunerative political post.
[362.
Rights and privileges of Rulers of Indian States."
CONST_1950_Art363,CONST_1950,363,363.,"363.
Bar to interference by courts in disputes arising out of certain 
treaties, agreements, etc."
CONST_1950_Art363A,CONST_1950,363A,363A.,"363A.
Recognition granted to Rulers of Indian States to cease and privy 
purses to be abolished.

(xxv)"
CONST_1950_Art364,CONST_1950,364,364.,"364.
Special provisions as to major ports and aerodromes."
CONST_1950_Art365,CONST_1950,365,365.,"365.
Effect of failure to comply with, or to give effect to, directions 
given by the Union. 
366."
CONST_1950_Art367,CONST_1950,367,367.,"367.
PART XX
AMENDMENT OF THE CONSTITUTION"
CONST_1950_Art368,CONST_1950,368,368.,"368.
Power of Parliament to amend the Constitution and procedure 
therefor. 
PART XXI
TEMPORARY, TRANSITIONAL AND 
SPECIAL PROVISIONS"
CONST_1950_Art369,CONST_1950,369,369.,"369.
Temporary power to Parliament to make laws with respect to 
certain matters in the State List as if they were matters in the 
Concurrent List."
CONST_1950_Art370,CONST_1950,370,370.,"370.
Temporary provisions with respect to the State of Jammu and 
Kashmir."
CONST_1950_Art371,CONST_1950,371,371.,"371.
Special provision with respect to the States of Maharashtra and 
Gujarat."
CONST_1950_Art371A,CONST_1950,371A,371A.,"371A.
Special provision with respect to the State of Nagaland.
371B .
Special provision with respect to the State of Assam."
CONST_1950_Art371C,CONST_1950,371C,371C.,"371C.
Special provision with respect to the State of Manipur."
CONST_1950_Art371D,CONST_1950,371D,371D.,"371D.
Special provisions with respect to the State of Andhra Pradesh or 
the State of Telangana."
CONST_1950_Art371E,CONST_1950,371E,371E.,"371E.
Establishment of Central University in Andhra Pradesh."
CONST_1950_Art371F,CONST_1950,371F,371F.,"371F.
Special provisions with respect to the State of Sikkim."
CONST_1950_Art371G,CONST_1950,371G,371G.,"371G.
Special provision with respect to the State of Mizoram."
CONST_1950_Art371H,CONST_1950,371H,371H.,"371H.
Special provision with respect to the State of Arunachal Pradesh.
371-I.
Special provision with respect to the State of Goa."
CONST_1950_Art371J,CONST_1950,371J,371J.,"371J.
Special provisions with respect to the State of Karnataka."
CONST_1950_Art372,CONST_1950,372,372.,"372.
Continuance in force of existing laws and their adaptation."
CONST_1950_Art372A,CONST_1950,372A,372A.,"372A.
Power of the President to adapt laws.

(xxvi)"
CONST_1950_Art373,CONST_1950,373,373.,"373. 
Power of President to make order in respect of persons under 
preventive detention in certain cases."
CONST_1950_Art374,CONST_1950,374,374.,"374. 
Provisions as to Judges of the Federal Court and proceedings 
pending in the Federal Court or before His Majesty in Council."
CONST_1950_Art375,CONST_1950,375,375.,"375.
Courts, authorities and officers to continue to function subject to 
the provisions of the Constitution."
CONST_1950_Art376,CONST_1950,376,376.,"376. 
Provisions as to Judges of High Courts."
CONST_1950_Art377,CONST_1950,377,377.,"377. 
Provisions as to Comptroller and Auditor-General of India."
CONST_1950_Art378,CONST_1950,378,378.,"378.
Provisions as to Public Service Commissions."
CONST_1950_Art378A,CONST_1950,378A,378A.,"378A.
Special provision as to duration of Andhra Pradesh Legislative 
Assembly.
[379.
Provisions as to provisional Parliament and the Speaker and 
Deputy Speaker thereof.
[380.
Provision as to President.
[381.
Council of Ministers of the President.
[382.
Provisions as to provisional Legislatures for States in Part A of 
the First Schedule.
[383.
Provision as to Governors of Provinces. 
[384.
Council of Ministers of the Governors.
[385.
Provision as to provisional Legislatures in States in Part B of the 
First Schedule.
[386. 
Council of Ministers for States in Part B of the First Schedule. 
[387.
Special provision as to determination of population for the 
purposes of certain elections.
[388.
Provisions as to the filling of casual vacancies in the provisional
Parliament 
provisional 
Legislatures
[389.
Provision as to Bills pending in the Dominion Legislatures and 
in the Legislatures of Provinces and Indian States.

(xxvii)
[390. 
Money received or raised or expenditure incurred between the 
commencement of the Constitution and the 31st day of March, 
1950. 
[391. 
Power of the President to amend the First and Fourth Schedules 
in certain contingencies."
CONST_1950_Art392,CONST_1950,392,392.,"392.
Power of the President to remove difficulties.
PART XXII
SHORT TITLE, COMMENCEMENT, 
AUTHORITATIVE TEXT
IN HINDI AND REPEALS
 393. 
Short title."
CONST_1950_Art394,CONST_1950,394,394.,"394.
Commencement."
CONST_1950_Art394A,CONST_1950,394A,394A.,"394A.
Authoritative text in the Hindi language."
CONST_1950_Art395,CONST_1950,395,395.,"395.
Repeals.
SCHEDULES
FIRST SCHEDULE 
I. —The States.
II. —The Union territories.
SECOND SCHEDULE
PART A—Provisions as to the President and the Governors of States.
PART B— [Omitted.]
PART C—Provisions as to the Speaker and the Deputy Speaker of the 
House of the People and the Chairman and the Deputy 
Chairman of the Council of States and the Speaker and 
the Deputy Speaker of the Legislative Assembly and the 
Chairman and the Deputy Chairman of the Legislative 
Council of a State. 
PART D— Provisions as to the Judges of the Supreme Court and of the High Courts.
PART E— Provisions as to the Comptroller and Auditor-General of India.
THIRD SCHEDULE— Forms of Oaths or Affirmations.

(xxviii)
FOURTH SCHEDULE—Allocation of seats in the Council of States.
FIFTH SCHEDULE—
Provisions as to the Administration and Control of Scheduled Areas 
and Scheduled Tribes 
PART A—General.
PART B—Administration and Control of Scheduled Areas and 
Scheduled Tribes. 
PART C— Scheduled Areas.
PART D—Amendment of the Schedule.
SIXTH SCHEDULE—
Provisions as to the Administration of Tribal Areas in the States of 
Assam, Meghalaya, Tripura and Mizoram.
SEVENTH SCHEDULE—
 List I — Union List. 
 List II— State List. 
List III— Concurrent List.
EIGHTH SCHEDULE— Languages.
NINTH SCHEDULE—Validation of certain Acts and Regulations.
TENTH SCHEDULE— Provisions as to disqualification on ground of
defection.
ELEVENTH SCHEDULE—Powers, authority and responsibilities of Panchayats.
TWELFTH SCHEDULE—Powers, authority and responsibilities of 
Municipalities, etc.
APPENDICES
APPENDIX I.—The Constitution (One Hundredth Amendment) Act, 2015.
APPENDIX II.—The Constitution (Application to Jammu and Kashmir) 
Order, 2019.
APPENDIX III.— Declaration under article 370(3) of the Constitution.

PREAMBLE
WE, THE PEOPLE OF INDIA, having solemnly resolved to constitute 
India into a 
1[SOVEREIGN SOCIALIST SECULAR DEMOCRATIC 
REPUBLIC] and to secure to all its citizens:
JUSTICE, social, economic and political;

LIBERTY of thought, expression, belief, faith and worship;
EQUALITY of status and of opportunity;
and to promote among them all
FRATERNITY assuring the dignity of the individual and the 2[unity 
and integrity of the Nation];
IN OUR CONSTITUENT ASSEMBLY this twenty-sixth day of 
November, 1949, do HEREBY ADOPT, ENACT AND GIVE TO 
OURSELVES THIS CONSTITUTION."
CONST_1950_Art1,CONST_1950,1,"1. Subs. by the Constitution (Forty-second Amendment) Act, 1976, s.2, for ""SOVEREIGN","1. Subs. by the Constitution (Forty-second Amendment) Act, 1976, s.2, for ""SOVEREIGN 
DEMOCRATIC REPUBLIC"" (w.e.f. 3-1-1977)."
CONST_1950_Art2,CONST_1950,2,"2. Subs. by s. 2, ibid., for ""Unity of the Nation"" (w.e.f. 3-1-1977).","2. Subs. by s. 2, ibid., for ""Unity of the Nation"" (w.e.f. 3-1-1977).

PART I
THE UNION AND ITS TERRITORY"
CONST_1950_Art3,CONST_1950,3,"3. Formation of new States and alteration of areas,","3. Formation of new States and alteration of areas, 
boundaries or names of existing States.—Parliament may by law—
(a) form a new State by separation of territory from any 
State or by uniting two or more States or parts of States or by 
uniting any territory to a part of any State;
(b) increase the area of any State;
(c) diminish the area of any State;
(d) alter the boundaries of any State;
(e) alter the name of any State:"
CONST_1950_Art4,CONST_1950,4,4. Laws made under articles 2 and 3 to provide for the,"4. Laws made under articles 2 and 3 to provide for the 
amendment of the First and the Fourth Schedules and 
supplemental, incidental and consequential matters.—(1) Any law 
referred to in article 2 or article 3 shall contain such provisions for the 
amendment of the First Schedule and the Fourth Schedule as may be 
necessary to give effect to the provisions of the law and may also 
contain such supplemental, incidental and consequential provisions 
(including provisions as to representation in Parliament and in the 
Legislature or Legislatures of the State or States affected by such law) 
as Parliament may deem necessary.
(2) No such law as aforesaid shall be deemed to be an 
amendment of this Constitution for the purposes of article 368."
CONST_1950_Art5,CONST_1950,5,5. Citizenship at the commencement of the Constitution,"5. Citizenship at the commencement of the Constitution.—At the 
commencement of this Constitution, every person who has his domicile in the 
territory of India and—
(a) who was born in the territory of India; or 
(b) either of whose parents was born in the territory of India; or
(c) who has been ordinarily resident in the territory of India for 
not less than five years immediately preceding such commencement, 
shall be a citizen of India."
CONST_1950_Art6,CONST_1950,6,6. Rights of citizenship of certain persons who have migrated to,"6. Rights of citizenship of certain persons who have migrated to 
India from Pakistan.—Notwithstanding anything in article 5, a person who 
has migrated to the territory of India from the territory now included in 
Pakistan shall be deemed to be a citizen of India at the commencement of this 
Constitution if—
(a) he or either of his parents or any of his grand-parents was born 
in India as defined in the Government of India Act, 1935 (as originally 
enacted); and
(b)(i) in the case where such person has so migrated before the 
nineteenth day of July, 1948, he has been ordinarily resident in the 
territory of India since the date of his migration, or
(ii) in the case where such person has so migrated on or after the 
nineteenth day of July, 1948, he has been registered as a citizen of India 
by an officer appointed in that behalf by the Government of the 
Dominion of India on an application made by him therefor to such 
officer before the commencement of this Constitution in the form and 
manner prescribed by that Government:
Provided that no person shall be so registered unless he has been resident 
in the territory of India for at least six months immediately preceding the date 
of his application."
CONST_1950_Art7,CONST_1950,7,7. Rights of citizenship of certain migrants to Pakistan,"7. Rights of citizenship of certain migrants to Pakistan.—
Notwithstanding anything in articles 5 and 6, a person who has after the first 
day of March, 1947, migrated from the territory of India to the territory now 
included in Pakistan shall not be deemed to be a citizen of India:

(Part II.—Citizenship)
Provided that nothing in this article shall apply to a person who, after 
having so migrated to the territory now included in Pakistan, has returned to the 
territory of India under a permit for resettlement or permanent return issued by 
or under the authority of any law and every such person shall for the purposes 
of clause (b) of article 6 be deemed to have migrated to the territory of India 
after the nineteenth day of July, 1948."
CONST_1950_Art8,CONST_1950,8,8. Rights of citizenship of certain persons of Indian origin residing,"8. Rights of citizenship of certain persons of Indian origin residing 
outside India.—Notwithstanding anything in article 5, any person who or 
either of whose parents or any of whose grand-parents was born in India as 
defined in the Government of India Act, 1935 (as originally enacted), and who 
is ordinarily residing in any country outside India as so defined shall be deemed 
to be a citizen of India if he has been registered as a citizen of India by the 
diplomatic or consular representative of India in the country where he is for the 
time being residing on an application made by him therefor to such diplomatic 
or consular representative, whether before or after the commencement of this 
Constitution, in the form and manner prescribed by the Government of the 
Dominion of India or the Government of India."
CONST_1950_Art9,CONST_1950,9,9. Persons voluntarily acquiring citizenship of a foreign State not to,"9. Persons voluntarily acquiring citizenship of a foreign State not to 
be citizens.—No person shall be a citizen of India by virtue of article 5, or be 
deemed to be a citizen of India by virtue of article 6 or article 8, if he has 
voluntarily acquired the citizenship of any foreign State."
CONST_1950_Art10,CONST_1950,10,10. Continuance of the rights of citizenship,"10. Continuance of the rights of citizenship.—Every person who is or 
is deemed to be a citizen of India under any of the foregoing provisions of this 
Part shall, subject to the provisions of any law that may be made by Parliament, 
continue to be such citizen."
CONST_1950_Art11,CONST_1950,11,11. Parliament to regulate the right of citizenship by law,"11. Parliament to regulate the right of citizenship by law.—Nothing 
in the foregoing provisions of this Part shall derogate from the power of 
Parliament to make any provision with respect to the acquisition and 
termination of citizenship and all other matters relating to citizenship.

FUNDAMENTAL RIGHTS"
CONST_1950_Art12,CONST_1950,12,12. Definition,"12. Definition.—In this Part, unless the context otherwise requires, “the 
State” includes the Government and Parliament of India and the Government 
and the Legislature of each of the States and all local or other authorities within 
the territory of India or under the control of the Government of India."
CONST_1950_Art13,CONST_1950,13,13. Laws inconsistent with or in derogation of the fundamental,"13. Laws inconsistent with or in derogation of the fundamental 
rights.—(1) All laws in force in the territory of India immediately before the 
commencement of this Constitution, in so far as they are inconsistent with the 
provisions of this Part, shall, to the extent of such inconsistency, be void.
(2) The State shall not make any law which takes away or abridges the 
rights conferred by this Part and any law made in contravention of this clause 
shall, to the extent of the contravention, be void.
(3) In this article, unless the context otherwise requires,—
(a) “law” includes any Ordinance, order, bye-law, rule, regulation, 
notification, custom or usage having in the territory of India the force of 
law;
(b) “laws in force” includes laws passed or made by a Legislature 
or other competent authority in the territory of India before the 
commencement of this Constitution and not previously repealed, 
notwithstanding that any such law or any part thereof may not be then in 
operation either at all or in particular areas.
1[(4) Nothing in this article shall apply to any amendment of this 
Constitution made under article 368.]
Right to Equality"
CONST_1950_Art14,CONST_1950,14,14. Equality before law,"14. Equality before law.—The State shall not deny to any person 
equality before the law or the equal protection of the laws within the territory of 
India."
CONST_1950_Art15,CONST_1950,15,"15. Prohibition of discrimination on grounds of religion, race, caste,","15. Prohibition of discrimination on grounds of religion, race, caste, 
sex or place of birth.—(1) The State shall not discriminate against any citizen 
on grounds only of religion, race, caste, sex, place of birth or any of them.
(2) No citizen shall, on grounds only of religion, race, caste, sex, place of 
birth or any of them, be subject to any disability, liability, restriction or 
condition with regard to—"
CONST_1950_Art16,CONST_1950,16,16. Equality of opportunity in matters of public employment,"16. Equality of opportunity in matters of public employment.—(1) 
There shall be equality of opportunity for all citizens in matters relating to 
employment or appointment to any office under the State. 
(2) No citizen shall, on grounds only of religion, race, caste, sex, descent, 
place of birth, residence or any of them, be ineligible for, or discriminated against 
in respect of, any employment or office under the State.
(3) Nothing in this article shall prevent Parliament from making any law 
prescribing, in regard to a class or classes of employment or appointment to an 
office 1[under the Government of, or any local or other authority within, a State 
or Union territory, any requirement as to residence within that State or Union 
territory] prior to such employment or appointment.
(4) Nothing in this article shall prevent the State from making any 
provision for the reservation of appointments or posts in favour of any 
backward class of citizens which, in the opinion of the State, is not adequately 
represented in the services under the State.
2[(4A) Nothing in this article shall prevent the State from making any 
provision for reservation 3[in matters of promotion, with consequential 
seniority, to any class] or classes of posts in the services under the State in 
favour of the Scheduled Castes and the Scheduled Tribes which, in the opinion 
of the State, are not adequately represented in the services under the State.]
4[(4B) Nothing in this article shall prevent the State from considering 
any unfilled vacancies of a year which are reserved for being filled up in that 
year in accordance with any provision for reservation made under clause (4) or 
clause (4A) as a separate class of vacancies to be filled up in any succeeding 
year or years and such class of vacancies shall not be considered together with 
the vacancies of the year in which they are being filled up for determining the 
ceiling of fifty per cent. reservation on total number of vacancies of that year.]"
CONST_1950_Art17,CONST_1950,17,17. Abolition of Untouchability,"17. Abolition of Untouchability.—“Untouchability” is abolished and its 
practice in any form is forbidden. The enforcement of any disability arising out 
of “Untouchability” shall be an offence punishable in accordance with law."
CONST_1950_Art18,CONST_1950,18,18. Abolition of titles,"18. Abolition of titles.—(1) No title, not being a military or academic 
distinction, shall be conferred by the State.
(2) No citizen of India shall accept any title from any foreign State.
(3) No person who is not a citizen of India shall, while he holds any 
office of profit or trust under the State, accept without the consent of the 
President any title from any foreign State.
(4) No person holding any office of profit or trust under the State shall, 
without the consent of the President, accept any present, emolument, or office 
of any kind from or under any foreign State.
Right to Freedom"
CONST_1950_Art19,CONST_1950,19,"19. Protection of certain rights regarding freedom of speech, etc","19. Protection of certain rights regarding freedom of speech, etc.—
(1) All citizens shall have the right—
(a) to freedom of speech and expression;
(b) to assemble peaceably and without arms;
(c) to form associations or unions 2[or co-operative societies];
(d) to move freely throughout the territory of India;"
CONST_1950_Art20,CONST_1950,20,20. Protection in respect of conviction for offences,"20. Protection in respect of conviction for offences.—(1) No person 
shall be convicted of any offence except for violation of a law in force at the 
time of the commission of the Act charged as an offence, nor be subjected to a 
penalty greater than that which might have been inflicted under the law in force 
at the time of the commission of the offence.
(2) No person shall be prosecuted and punished for the same offence 
more than once.
(3) No person accused of any offence shall be compelled to be a witness 
against himself."
CONST_1950_Art21,CONST_1950,21,21. Protection of life and personal liberty,"21. Protection of life and personal liberty.—No person shall be 
deprived of his life or personal liberty except according to procedure 
established by law.
2[21A. Right to education.—The State shall provide free and 
compulsory education to all children of the age of six to fourteen years in such 
manner as the State may, by law, determine.]"
CONST_1950_Art22,CONST_1950,22,22. Protection against arrest and detention in certain cases,"22. Protection against arrest and detention in certain cases.—(1) No 
person who is arrested shall be detained in custody without being informed, as 
soon as may be, of the grounds for such arrest nor shall he be denied the right 
to consult, and to be defended by, a legal practitioner of his choice."
CONST_1950_Art23,CONST_1950,23,23. Prohibition of traffic in human beings and forced labour,"23. Prohibition of traffic in human beings and forced labour.—(1) 
Traffic in human beings and begar and other similar forms of forced labour are 
prohibited and any contravention of this provision shall be an offence 
punishable in accordance with law.
(2) Nothing in this article shall prevent the State from imposing 
compulsory service for public purposes, and in imposing such service the State 
shall not make any discrimination on grounds only of religion, race, caste or 
class or any of them."
CONST_1950_Art24,CONST_1950,24,"24. Prohibition of employment of children in factories, etc","24. Prohibition of employment of children in factories, etc.—No child 
below the age of fourteen years shall be employed to work in any factory or 
mine or engaged in any other hazardous employment.
Right to Freedom of Religion"
CONST_1950_Art25,CONST_1950,25,"25. Freedom of conscience and free profession, practice and","25. Freedom of conscience and free profession, practice and 
propagation of religion.—(1) Subject to public order, morality and health and 
to the other provisions of this Part, all persons are equally entitled to freedom 
of conscience and the right freely to profess, practice and propagate religion.
(2) Nothing in this article shall affect the operation of any existing law or 
prevent the State from making any law—
(a) regulating or restricting any economic, financial, political or 
other secular activity which may be associated with religious practice;
(b) providing for social welfare and reform or the throwing open 
of Hindu religious institutions of a public character to all classes and 
sections of Hindus.
Explanation I.—The wearing and carrying of kirpans shall be deemed to 
be included in the profession of the Sikh religion.
Explanation II.—In sub-clause (b) of clause (2), the reference to Hindus 
shall be construed as including a reference to persons professing the Sikh, Jaina 
or Buddhist religion, and the reference to Hindu religious institutions shall be 
construed accordingly."
CONST_1950_Art26,CONST_1950,26,26. Freedom to manage religious affairs,"26. Freedom to manage religious affairs.—Subject to public order, 
morality and health, every religious denomination or any section thereof shall 
have the right—
(a) to establish and maintain institutions for religious and charitable 
purposes;

(b) to manage its own affairs in matters of religion;
(c) to own and acquire movable and immovable property; and
(d) to administer such property in accordance with law."
CONST_1950_Art27,CONST_1950,27,27. Freedom as to payment of taxes for promotion of any particular,"27. Freedom as to payment of taxes for promotion of any particular 
religion.—No person shall be compelled to pay any taxes, the proceeds of 
which are specifically appropriated in payment of expenses for the promotion 
or maintenance of any particular religion or religious denomination."
CONST_1950_Art28,CONST_1950,28,28. Freedom as to attendance at religious instruction or religious,"28. Freedom as to attendance at religious instruction or religious 
worship in certain educational institutions.—(1) No religious instruction 
shall be provided in any educational institution wholly maintained out of State 
funds.
(2) Nothing in clause (1) shall apply to an educational institution which 
is administered by the State but has been established under any endowment or 
trust which requires that religious instruction shall be imparted in such 
institution.
(3) No person attending any educational institution recognised by the 
State or receiving aid out of State funds shall be required to take part in any 
religious instruction that may be imparted in such institution or to attend any 
religious worship that may be conducted in such institution or in any premises 
attached thereto unless such person or, if such person is a minor, his guardian 
has given his consent thereto.
Cultural and Educational Rights"
CONST_1950_Art32,CONST_1950,32,32. Remedies for enforcement of rights conferred by this Part,"32. Remedies for enforcement of rights conferred by this Part.—(1) 
The right to move the Supreme Court by appropriate proceedings for the 
enforcement of the rights conferred by this Part is guaranteed.
(2) The Supreme Court shall have power to issue directions or orders or 
writs, including writs in the nature of habeas corpus, mandamus, prohibition,
quo warranto and certiorari,
whichever may be appropriate, for the 
enforcement of any of the rights conferred by this Part.
(3) Without prejudice to the powers conferred on the Supreme Court by 
clauses (1) and (2), Parliament may by law empower any other court to exercise 
within the local limits of its jurisdiction all or any of the powers exercisable by 
the Supreme Court under clause (2).
(4) The right guaranteed by this article shall not be suspended except as 
otherwise provided for by this Constitution.
132A. [Constitutional validity of State laws not to be considered in 
proceedings under article 32.].—Omitted by the Constitution (Forty-third 
Amendment) Act, 1977, s. 3 (w.e.f. 13-4-1978).
2[33. Power of Parliament to modify the rights conferred by this Part 
in their application to Forces, etc.—Parliament may, by law, determine to what 
extent any of the rights conferred by this Part shall, in their application to,—
(a) the members of the Armed Forces; or
(b) the members of the Forces charged with the maintenance of 
public order; or
(c) persons employed in any bureau or other organisation established 
by the State for purposes of intelligence or counter intelligence; or
(d) person employed in, or in connection with, the telecommunication 
systems set up for the purposes of any Force, bureau or organisation 
referred to in clauses (a) to (c),
be restricted or abrogated so as to ensure the proper discharge of their duties 
and the maintenance of discipline among them.]"
CONST_1950_Art34,CONST_1950,34,34. Restriction on rights conferred by this Part while martial law is,"34. Restriction on rights conferred by this Part while martial law is 
in force in any area.—Notwithstanding anything in the foregoing provisions 
of this Part, Parliament may by law indemnify any person in the service of the 
Union or of a State or any other person in respect of any act done by him in 
connection with the maintenance or restoration of order in any area within the 
territory of India where martial law was in force or validate any sentence 
passed, punishment inflicted, forfeiture ordered or other act done under martial 
law in such area."
CONST_1950_Art41,CONST_1950,41,"41. Right to work, to education and to public assistance in certain","41. Right to work, to education and to public assistance in certain 
cases.—The State shall, within the limits of its economic capacity and 
development, make effective provision for securing the right to work, to 
education and to public assistance in cases of unemployment, old age, sickness 
and disablement, and in other cases of undeserved want."
CONST_1950_Art42,CONST_1950,42,42. Provision for just and humane conditions of work and maternity,"42. Provision for just and humane conditions of work and maternity 
relief.—The State shall make provision for securing just and humane 
conditions of work and for maternity relief."
CONST_1950_Art43,CONST_1950,43,"43. Living wage, etc., for workers","43. Living wage, etc., for workers.—The State shall endeavour to 
secure, by suitable legislation or economic organisation or in any other way, to 
all workers, agricultural, industrial or otherwise, work, a living wage, 
conditions of work ensuring a decent standard of life and full enjoyment of 
leisure and social and cultural opportunities and, in particular, the State shall 
endeavour to promote cottage industries on an individual or co-operative basis 
in rural areas.
3[43A. Participation of workers in management of industries.—The 
State shall take steps, by suitable legislation or in any other way, to secure the 
participation of workers in the management of undertakings, establishments or 
other organisations engaged in any industry.]"
CONST_1950_Art102,CONST_1950,102,102. Disqualifications for membership,"102. Disqualifications for membership.—(1) A person shall be 
disqualified for being chosen as, and for being, a member of either House of 
Parliament— 
1[(a) if he holds any office of profit under the Government of India 
or the Government of any State, other than an office declared by 
Parliament by law not to disqualify its holder;]
(b) if he is of unsound mind and stands so declared by a competent 
court;
(c) if he is an undischarged insolvent;
(d) if he is not a citizen of India, or has voluntarily acquired the 
citizenship of a foreign State, or is under any acknowledgment of 
allegiance or adherence to a foreign State;
(e) if he is so disqualified by or under any law made by Parliament. 
2[Explanation.—For the purposes of this clause] a person shall not be 
deemed to hold an office of profit under the Government of India or the 
Government of any State by reason only that he is a Minister either for the 
Union or for such State.
3[(2) A person shall be disqualified for being a member of either House 
of Parliament if he is so disqualified under the Tenth Schedule.]
4[103. Decision on questions as to disqualifications of members.—
(1) If any question arises as to whether a member of either House of Parliament 
has become subject to any of the disqualifications mentioned in clause (1) of 
article 102, the question shall be referred for the decision of the President and 
his decision shall be final."
CONST_1950_Art135,CONST_1950,135,135. Jurisdiction and powers of the Federal Court under existing,"135. Jurisdiction and powers of the Federal Court under existing 
law to be exercisable by the Supreme Court.—Until Parliament by law 
otherwise provides, the Supreme Court shall also have jurisdiction and powers 
with respect to any matter to which the provisions of article 133 or article 134 
do not apply if jurisdiction and powers in relation to that matter were 
exercisable by the Federal Court immediately before the commencement of this 
Constitution under any existing law."
CONST_1950_Art137,CONST_1950,137,137. Review of judgments or orders by the Supreme Court,"137. Review of judgments or orders by the Supreme Court.—Subject 
to the provisions of any law made by Parliament or any rules made under 
article 145, the Supreme Court shall have power to review any judgment 
pronounced or order made by it."
CONST_1950_Art141,CONST_1950,141,141. Law declared by Supreme Court to be binding on all courts,"141. Law declared by Supreme Court to be binding on all courts.—
The law declared by the Supreme Court shall be binding on all courts within 
the territory of India."
CONST_1950_Art143,CONST_1950,143,143. Power of the President to consult the Supreme Court,"143. Power of the President to consult the Supreme Court.—(1) If at 
any time it appears to the President that a question of law or fact has arisen, or 
is likely to arise, which is of such a nature and of such public importance that it 
is expedient to obtain the opinion of the Supreme Court upon it, he may refer 
the question to that Court for consideration and the Court may, after such 
hearing as it thinks fit, report to the President its opinion thereon.
(2) The President may, notwithstanding anything in 2*** the proviso to 
article 131, refer a dispute of the kind mentioned in the 3[said proviso] to the 
Supreme Court for opinion and the Supreme Court shall, after such hearing as it 
thinks fit, report to the President its opinion thereon."
CONST_1950_Art153,CONST_1950,153,153. Governors of States,"153. Governors of States.—There shall be a Governor for each State:
3[Provided that nothing in this article shall prevent the appointment of 
the same person as Governor for two or more States.]"
CONST_1950_Art154,CONST_1950,154,154. Executive power of State,"154. Executive power of State.—(1) The executive power of the State 
shall be vested in the Governor and shall be exercised by him either directly or 
through officers subordinate to him in accordance with this Constitution. 
(2) Nothing in this article shall— 
(a) be deemed to transfer to the Governor any functions conferred by 
any existing law on any other authority; or
(b) prevent Parliament or the Legislature of the State from conferring 
by law functions on any authority subordinate to the Governor."
CONST_1950_Art155,CONST_1950,155,155. Appointment of Governor,"155. Appointment of Governor.—The Governor of a State shall be 
appointed by the President by warrant under his hand and seal."
CONST_1950_Art158,CONST_1950,158,158. Conditions of Governor's office,"158. Conditions of Governor's office.—(1) The Governor shall not be a 
member of either House of Parliament or of a House of the Legislature of any 
State specified in the First Schedule, and if a member of either House of 
Parliament or of a House of the Legislature of any such State be appointed 
Governor, he shall be deemed to have vacated his seat in that House on the date 
on which he enters upon his office as Governor.
(2) The Governor shall not hold any other office of profit.
(3) The Governor shall be entitled without payment of rent to the use of 
his official residences and shall be also entitled to such emoluments, 
allowances and privileges as may be determined by Parliament by law and, 
until provision in that behalf is so made, such emoluments, allowances and 
privileges as are specified in the Second Schedule.
1[(3A) Where the same person is appointed as Governor of two or more 
States, the emoluments and allowances payable to the Governor shall be allocated 
among the States in such proportion as the President may by order determine.]
(4) The emoluments and allowances of the Governor shall not be 
diminished during his term of office."
CONST_1950_Art159,CONST_1950,159,159. Oath or affirmation by the Governor,"159. Oath or affirmation by the Governor.—Every Governor and 
every person discharging the functions of the Governor shall, before entering 
upon his office, make and subscribe in the presence of the Chief Justice of the 
High Court exercising jurisdiction in relation to the State, or, in his absence, the 
senior most Judge of that Court available, an oath or affirmation in the 
following form, that is to say—
“I, A. B., do swear in the name of God that I will faithfully execute the 
office of Governor (or discharge the functions of the Governor) of 
.........(name of the State) and will to the best of my ability preserve, protect 
and defend the Constitution and the law and that I will devote myself to the 
service and well-being of the people of ..……(name of the State).”."
CONST_1950_Art160,CONST_1950,160,160. Discharge of the functions of the Governor in certain,"160. Discharge of the functions of the Governor in certain 
contingencies.—The President may make such provision as he thinks fit for the 
discharge of the functions of the Governor of a State in any contingency not 
provided for in this Chapter."
CONST_1950_Art164,CONST_1950,164,164. Other provisions as to Ministers,"164. Other provisions as to Ministers.—(1) The Chief Minister shall 
be appointed by the Governor and the other Ministers shall be appointed by the 
Governor on the advice of the Chief Minister, and the Ministers shall hold 
office during the pleasure of the Governor:

Provided that in the States of 1[Chhattisgarh, Jharkhand], Madhya 
Pradesh and 2[Odisha] there shall be a Minister in charge of tribal welfare who 
may in addition be in charge of the welfare of the Scheduled Castes and 
backward classes or any other work. 
3[(1A) The total number of Ministers, including the Chief Minister, in 
the Council of Ministers in a State shall not exceed fifteen per cent. of the total 
number of members of the Legislative Assembly of that State: 
Provided that the number of Ministers, including the Chief Minister in a 
State shall not be less than twelve: 
Provided further that where the total number of Ministers including the 
Chief Minister in the Council of Ministers in any State at the commencement of 
the Constitution (Ninety-first Amendment) Act, 2003 exceeds the said fifteen 
per cent. or the number specified in the first proviso, as the case may be, then 
the total number of Ministers in that State shall be brought in conformity with 
the provisions of this clause within six months from such date4 as the President 
may by public notification appoint.
(1B) A member of the Legislative Assembly of a State or either House of 
the Legislature of a State having Legislative Council belonging to any political 
party who is disqualified for being a member of that House under paragraph 2 
of the Tenth Schedule shall also be disqualified to be appointed as a Minister 
under clause (1) for duration of the period commencing from the date of his 
disqualification till the date on which the term of his office as such member 
would expire or where he contests any election to the Legislative Assembly of 
a State or either House of the Legislature of a State having Legislative Council, 
as the case may be, before the expiry of such period, till the date on which he is 
declared elected, whichever is earlier.]
(2) The Council of Ministers shall be collectively responsible to the 
Legislative Assembly of the State.
(3) Before a Minister enters upon his office, the Governor shall 
administer to him the oaths of office and of secrecy according to the forms set 
out for the purpose in the Third Schedule."
CONST_1950_Art191,CONST_1950,191,191. Disqualifications for membership,"191. Disqualifications for membership.—(1) A person shall be 
disqualified for being chosen as, and for being, a member of the Legislative 
Assembly or Legislative Council of a State—
1[(a) if he holds any office of profit under the Government of India or 
the Government of any State specified in the First Schedule, other than 
an office declared by the Legislature of the State by law not to disqualify 
its holder;]
(b) if he is of unsound mind and stands so declared by a competent 
court; 
(c) if he is an undischarged insolvent;
(d) if he is not a citizen of India, or has voluntarily acquired the 
citizenship of a foreign State, or is under any acknowledgment of 
allegiance or adherence to a foreign State;
(e) if he is so disqualified by or under any law made by Parliament. 
2[Explanation.—For the purposes of this clause], a person shall not be 
deemed to hold an office of profit under the Government of India or the 
Government of any State specified in the First Schedule by reason only that he 
is a Minister either for the Union or for such State.
3[(2) A person shall be disqualified for being a member of the 
Legislative Assembly or Legislative Council of a State if he is so disqualified 
under the Tenth Schedule.]
4[192. Decision on questions as to disqualifications of members.—(1) 
If any question arises as to whether a member of a House of the Legislature of a 
State has become subject to any of the disqualifications mentioned in clause (1) 
of article 191, the question shall be referred for the decision of the Governor 
and his decision shall be final."
CONST_1950_Art236,CONST_1950,236,236. Interpretation,"236. Interpretation.—In this Chapter—
(a) the expression “district judge” includes judge of a city civil court, 
additional district judge, joint district judge, assistant district judge, chief 
judge of a small cause court, chief presidency magistrate, additional 
chief presidency magistrate, sessions judge, additional sessions judge 
and assistant sessions Judge;
(b) the expression “judicial service” means a service consisting 
exclusively of persons intended to fill the post of district judge and other 
civil judicial posts inferior to the post of district judge."
CONST_1950_Art243,CONST_1950,243,243. Definitions,"243. Definitions.—In this Part, unless the context otherwise requires,—
(a) “district” means a district in a State;
(b) “Gram Sabha” means a body consisting of persons registered in 
the electoral rolls relating to a village comprised within the area of 
Panchayat at the village level;
(c) “intermediate level” means a level between the village and 
district levels specified by the Governor of a State by public notification 
to be the intermediate level for the purposes of this Part; 
(d) “Panchayat” means an institution (by whatever name called) of 
self-government constituted under article 243B, for the rural areas;
(e) “Panchayat area” means the territorial area of a Panchayat;
(f) “Population” means the population as ascertained at the last 
preceding census of which the relevant figures have been published;
(g) “village” means a village specified by the Governor by public 
notification to be a village for the purposes of this Part and includes a 
group of villages so specified."
CONST_1950_Art243F,CONST_1950,243F,243F. Disqualifications for membership,"243F. Disqualifications for membership.— (1) A person shall be 
disqualified for being chosen as, and for being, a member of a Panchayat—
(a) if he is so disqualified by or under any law for the time being in 
force for the purposes of elections to the Legislature of the State 
concerned:
Provided that no person shall be disqualified on the ground that he is 
less than twenty-five years of age, if he has attained the age of twentyone years;
(b) if he is so disqualified by or under any law made by the 
Legislature of the State.
(2) If any question arises as to whether a member of a Panchayat has 
become subject to any of the disqualifications mentioned in clause (1), the 
question shall be referred for the decision of such authority and in such manner 
as the Legislature of a State may, by law, provide."
CONST_1950_Art243I,CONST_1950,243I,243I. Constitution of Finance Commission to review financial,"243I. Constitution of Finance Commission to review financial 
position.—(1) The Governor of a State shall, as soon as may be within one 
year from the commencement of the Constitution (Seventy-third Amendment) 
Act, 1992, and thereafter at the expiration of every fifth year, constitute a 
Finance Commission to review the financial position of the Panchayats and to 
make recommendations to the Governor as to—
(a) the principles which should govern—
(i) the distribution between the State and the Panchayats of the 
net proceeds of the taxes, duties, tolls and fees leviable by the 
State, which may be divided between them under this Part and the 
allocation between the Panchayats at all levels of their respective 
shares of such proceeds;

(ii) the determination of the taxes, duties, tolls and fees which 
may be assigned to, or appropriated by, the Panchayats; 
(iii) the grants-in-aid to the Panchayats from the Consolidated 
Fund of the State;
(b) the measures needed to improve the financial position of the 
Panchayats;
(c) any other matter referred to the Finance Commission by the 
Governor in the interests of sound finance of the Panchayats. 
(2) The Legislature of a State may, by law, provide for the composition 
of the Commission, the qualifications which shall be requisite for appointment 
as members thereof and the manner in which they shall be selected.
(3) The Commission shall determine their procedure and shall have such 
powers in the performance of their functions as the Legislature of the State 
may, by law, confer on them.
(4) The Governor shall cause every recommendation made by the 
Commission under this article together with an explanatory memorandum as to 
the action taken thereon to be laid before the Legislature of the State."
CONST_1950_Art243O,CONST_1950,243O,243O. Bar to interference by courts in electoral matters,"243O. Bar to interference by courts in electoral matters.—
(a) the validity of any law relating to the delimitation of 
constituencies or the allotment of seats to such constituencies, made or 
purporting to be made under article 243K, shall not be called in question 
in any court;
(b) no election to any Panchayat shall be called in question except by 
an election petition presented to such authority and in such manner as is 
provided for by or under any law made by the Legislature of a State."
CONST_1950_Art243P,CONST_1950,243P,243P. Definitions,"243P. Definitions.—In this Part, unless the context otherwise 
requires,—
(a) “Committee” means a Committee constituted under article 243S;
(b) “district” means a district in a State;
(c) “Metropolitan area” means an area having a population of ten 
lakhs or more, comprised in one or more districts and consisting of two 
or more Municipalities or Panchayats or other contiguous areas, 
specified by the Governor by public notification to be a Metropolitan 
area for the purposes of this Part;
(d) “Municipal area” means the territorial area of a Municipality as is 
notified by the Governor;
(e) “Municipality” means an institution of self-government 
constituted under article 243Q;
(f) “Panchayat” means a Panchayat constituted under article 243B;
(g) “population” means the population as ascertained at the last 
preceding census of which the relevant figures have been published."
CONST_1950_Art243V,CONST_1950,243V,243V. Disqualifications for membership,"243V. Disqualifications for membership.—(1) A person shall be 
disqualified for being chosen as, and for being, a member of a Municipality— 
(a) if he is so disqualified by or under any law for the time being in force 
for the purposes of elections to the Legislature of the State concerned: 
Provided that no person shall be disqualified on the ground that he is 
less than twenty-five years of age, if he has attained the age of 
twenty-one years;
(b) if he is so disqualified by or under any law made by the 
Legislature of the State.
(2) If any question arises as to whether a member of a Municipality has 
become subject to any of the disqualifications mentioned in clause (1), the 
question shall be referred for the decision of such authority and in such manner 
as the Legislature of a State may, by law, provide."
CONST_1950_Art299,CONST_1950,299,299. Contracts,"299. Contracts.—(1) All contracts made in the exercise of the executive 
power of the Union or of a State shall be expressed to be made by the 
President, or by the Governor 1*** of the State, as the case may be, and all such 
contracts and all assurances of property made in the exercise of that power shall 
be executed on behalf of the President or the Governor 1*** by such persons 
and in such manner as he may direct or authorise.
(2) Neither the President nor the Governor 2*** shall be personally liable 
in respect of any contract or assurance made or executed for the purposes of 
this Constitution, or for the purposes of any enactment relating to the 
Government of India heretofore in force, nor shall any person making or 
executing any such contract or assurance on behalf of any of them be 
personally liable in respect thereof."
CONST_1950_Art300,CONST_1950,300,300. Suits and proceedings,"300. Suits and proceedings.—(1) The Government of India may sue or 
be sued by the name of the Union of India and the Government of a State may 
sue or be sued by the name of the State and may, subject to any provisions 
which may be made by Act of Parliament or of the Legislature of such State 
enacted by virtue of powers conferred by this Constitution, sue or be sued in 
relation to their respective affairs in the like cases as the Dominion of India and 
the corresponding Provinces or the corresponding Indian States might have 
sued or been sued if this Constitution had not been enacted.
(2) If at the commencement of this Constitution—
(a) any legal proceedings are pending to which the Dominion of 
India is a party, the Union of India shall be deemed to be substituted for 
the Dominion in those proceedings; and
(b) any legal proceedings are pending to which a Province or an 
Indian State is a party, the corresponding State shall be deemed to be 
substituted for the Province or the Indian State in those proceedings. 
3[CHAPTER IV.—RIGHT TO PROPERTY"
CONST_1950_Art308,CONST_1950,308,308. Interpretation,"308. Interpretation.—In this Part, unless the context otherwise requires, 
the expression “State” 1[does not include the State of Jammu and Kashmir]."
CONST_1950_Art315,CONST_1950,315,315. Public Service Commissions for the Union and for the States,"315. Public Service Commissions for the Union and for the States.—
(1) Subject to the provisions of this article, there shall be a Public Service 
Commission for the Union and a Public Service Commission for each State. 
(2) Two or more States may agree that there shall be one Public Service 
Commission for that group of States, and if a resolution to that effect is passed 
by the House or, where there are two Houses, by each House of the Legislature 
of each of those States, Parliament may by law provide for the appointment of a 
Joint State Public Service Commission (referred to in this Chapter as Joint 
Commission) to serve the needs of those States.
(3) Any such law as aforesaid may contain such incidental and 
consequential provisions as may be necessary or desirable for giving effect to 
the purposes of the law.
(4) The Public Service Commission for the Union, if requested so to do 
by the Governor 1*** of a State, may, with the approval of the President, agree 
to serve all or any of the needs of the State.
(5) References in this Constitution to the Union Public Service 
Commission or a State Public Service Commission shall, unless the context 
otherwise requires, be construed as references to the Commission serving the 
needs of the Union or, as the case may be, the State as respects the particular 
matter in question."
CONST_1950_Art324,CONST_1950,324,"324. Superintendence, direction and control of elections to be vested","324. Superintendence, direction and control of elections to be vested 
in an Election Commission.—(1) The superintendence, direction and control 
of the preparation of the electoral rolls for, and the conduct of, all elections to 
Parliament and to the Legislature of every State and of elections to the offices 
of President and Vice-President held under this Constitution 1*** shall be 
vested in a Commission (referred to in this Constitution as the Election 
Commission). 
(2) The Election Commission shall consist of the Chief Election 
Commissioner and such number of other Election Commissioners, if any, as the 
President may from time to time fix and the appointment of the Chief Election 
Commissioner and other Election Commissioners shall, subject to the provisions 
of any law made in that behalf by Parliament, be made by the President.
(3) When any other Election Commissioner is so appointed the Chief 
Election Commissioner shall act as the Chairman of the Election Commission.
(4) Before each general election to the House of the People and to the 
Legislative Assembly of each State, and before the first general election and 
thereafter before each biennial election to the Legislative Council of each State 
having such Council, the President may also appoint after consultation with the 
Election Commission such Regional Commissioners as he may consider 
necessary to assist the Election Commission in the performance of the 
functions conferred on the Commission by clause (1).
(5) Subject to the provisions of any law made by Parliament, the conditions 
of service and tenure of office of the Election Commissioners and the Regional 
Commissioners shall be such as the President may by rule determine:
Provided that the Chief Election Commissioner shall not be removed 
from his office except in like manner and on the like grounds as a Judge of the 
Supreme Court and the conditions of service of the Chief Election 
Commissioner shall not be varied to his disadvantage after his appointment:"
CONST_1950_Art325,CONST_1950,325,"325. No person to be ineligible for inclusion in, or to claim to be","325. No person to be ineligible for inclusion in, or to claim to be 
included in a special, electoral roll on grounds of religion, race, caste or 
sex.—There shall be one general electoral roll for every territorial constituency 
for election to either House of Parliament or to the House or either House of the 
Legislature of a State and no person shall be ineligible for inclusion in any such 
roll or claim to be included in any special electoral roll for any such 
constituency on grounds only of religion, race, caste, sex or any of them."
CONST_1950_Art326,CONST_1950,326,326. Elections to the House of the People and to the Legislative,"326. Elections to the House of the People and to the Legislative 
Assemblies of States to be on the basis of adult suffrage.—The elections to 
the House of the People and to the Legislative Assembly of every State shall be 
on the basis of adult suffrage; that is to say, every person who is a citizen of 
India and who is not less than 2[eighteen years] of age on such date as may be 
fixed in that behalf by or under any law made by the appropriate Legislature 
and is not otherwise disqualified under this Constitution or any law made by 
the appropriate Legislature on the ground of non-residence, unsoundness of 
mind, crime or corrupt or illegal practice, shall be entitled to be registered as a 
voter at any such election."
CONST_1950_Art330,CONST_1950,330,330. Reservation of seats for Scheduled Castes and Scheduled Tribes,"330. Reservation of seats for Scheduled Castes and Scheduled Tribes 
in the House of the People.—(1) Seats shall be reserved in the House of the 
People for — 
(a) the Scheduled Castes;
1[(b) the Scheduled Tribes except the Scheduled Tribes in the 
autonomous districts of Assam; and]
(c) the Scheduled Tribes in the autonomous districts of Assam.
(2) The number of seats reserved in any State 2[or Union territory] for 
the Scheduled Castes or the Scheduled Tribes under clause (1) shall bear, as 
nearly as may be, the same proportion to the total number of seats allotted to 
that State 2[or Union territory] in the House of the People as the population of 
the Scheduled Castes in the State 2[or Union territory] or of the Scheduled 
Tribes in the State 2[or Union territory] or part of the State 2[or Union territory], 
as the case may be, in respect of which seats are so reserved, bears to the total 
population of the State 2[or Union territory].
3[(3) Notwithstanding anything contained in clause (2), the number of 
seats reserved in the House of the People for the Scheduled Tribes in the 
autonomous districts of Assam shall bear to the total number of seats allotted to 
that State a proportion not less than the population of the Scheduled Tribes in 
the said autonomous districts bears to the total population of the State.]
4[Explanation.—In this article and in article 332, the expression 
“population” means the population as ascertained at the last preceding census 
of which the relevant figures have been published:
Provided that the reference in this Explanation to the last preceding 
census of which the relevant figures have been published shall, until the 
relevant figures for the first census taken after the year 5[2026] have been 
published, be construed as a reference to the 6[2001] census.]"
CONST_1950_Art332,CONST_1950,332,332. Reservation of seats for Scheduled Castes and Scheduled Tribes,"332. Reservation of seats for Scheduled Castes and Scheduled Tribes 
in the Legislative Assemblies of the States.—(1) Seats shall be reserved for 
the Scheduled Castes and the Scheduled Tribes, 2[except the Scheduled Tribes 
in the autonomous districts of Assam], in the Legislative Assembly of every 
State 3***.
(2) Seats shall be reserved also for the autonomous districts in the 
Legislative Assembly of the State of Assam. 
(3) The number of seats reserved for the Scheduled Castes or the 
Scheduled Tribes in the Legislative Assembly of any State under clause (1) 
shall bear, as nearly as may be, the same proportion to the total number of seats 
in the Assembly as the population of the Scheduled Castes in the State or of the 
Scheduled Tribes in the State or part of the State, as the case may be, in respect 
of which seats are so reserved, bears to the total population of the State.
4[(3A) Notwithstanding anything contained in clause (3), until the taking 
effect, under article 170, of the re-adjustment, on the basis of the first census 
after the year 5[2026], of the number of seats in the Legislative Assemblies of 
the States of Arunachal Pradesh, Meghalaya, Mizoram and Nagaland, the seats 
which shall be reserved for the Scheduled Tribes in the Legislative Assembly 
of any such State shall be,—"
CONST_1950_Art339,CONST_1950,339,339. Control of the Union over the administration of Scheduled,"339. Control of the Union over the administration of Scheduled 
Areas and the welfare of Scheduled Tribes.—(1) The President may at any 
time and shall, at the expiration of ten years from the commencement of this 
Constitution by order appoint a Commission to report on the administration of 
the Scheduled Areas and the welfare of the Scheduled Tribes in the States 2***.
The order may define the composition, powers and procedure of the 
Commission and may contain such incidental or ancillary provisions as the 
President may consider necessary or desirable.
(2) The executive power of the Union shall extend to the giving of 
directions to 3[a State] as to the drawing up and execution of schemes specified 
in the direction to be essential for the welfare of the Scheduled Tribes in the"
CONST_1950_Art341,CONST_1950,341,341. Scheduled Castes,"341. Scheduled Castes.—(1) The President 4[may with respect to any 
State 5[or Union territory], and where it is a State 2***, after consultation with"
CONST_1950_Art342,CONST_1950,342,342. Scheduled Tribes,"342. Scheduled Tribes.—(1) The President 4[may with respect to any 
State 3[or Union territory], and where it is a State 45***, after consultation with 
the Governor 31*** thereof], by public notification6,5 specify the tribes or tribal 
communities or parts of or groups within tribes or tribal communities which 
shall for the purposes of this Constitution be deemed to be Scheduled Tribes in 
relation to that State 3[or Union territory, as the case may be.]
(2) Parliament may by law include in or exclude from the list of 
Scheduled Tribes specified in a notification issued under clause (1) any tribe or 
tribal community or part of or group within any tribe or tribal community, but 
save as aforesaid a notification issued under the said clause shall not be varied 
by any subsequent notification."
CONST_1950_Art344,CONST_1950,344,344. Commission and Committee of Parliament on official,"344. Commission and Committee of Parliament on official 
language.—(1) The President shall, at the expiration of five years from the 
commencement of this Constitution and thereafter at the expiration of ten years 
from such commencement, by order constitute a Commission which shall 
consist of a Chairman and such other members representing the different 
languages specified in the Eighth Schedule as the President may appoint, and 
the order shall define the procedure to be followed by the Commission.
(2) It shall be the duty of the Commission to make recommendations to 
the President as to—
(a) the progressive use of the Hindi language for the official 
purposes of the Union;
(b) restrictions on the use of the English language for all or any of 
the official purposes of the Union;
(c) the language to be used for all or any of the purposes 
mentioned in article 348;"
CONST_1950_Art352,CONST_1950,352,352. Proclamation of Emergency,"352. Proclamation of Emergency.—(1) If the President is satisfied that 
a grave emergency exists whereby the security of India or of any part of the 
territory thereof is threatened, whether by war or external aggression or 1[armed 
rebellion], he may, by Proclamation, make a declaration to that effect 2[in 
respect of the whole of India or of such part of the territory thereof as may be 
specified in the Proclamation.] 
3[Explanation.—A Proclamation of Emergency declaring that the 
security of India or any part of the territory thereof is threatened by war or by 
external aggression or by armed rebellion may be made before the actual 
occurrence of war or of any such aggression or rebellion, if the President is 
satisfied that there is imminent danger thereof.] 
4[(2) A Proclamation issued under clause (1) may be varied or revoked 
by a subsequent Proclamation.
(3) The President shall not issue a Proclamation under clause (1) or a 
Proclamation varying such Proclamation unless the decision of the Union 
Cabinet (that is to say, the Council consisting of the Prime Minister and other 
Ministers of Cabinet rank appointed under article 75) that such a Proclamation 
may be issued has been communicated to him in writing.
(4) Every Proclamation issued under this article shall be laid before each 
House of Parliament and shall, except where it is a Proclamation revoking a 
previous Proclamation, cease to operate at the expiration of one month unless 
before the expiration of that period it has been approved by resolutions of both 
Houses of Parliament:"
CONST_1950_Art353,CONST_1950,353,353. Effect of Proclamation of Emergency,"353. Effect of Proclamation of Emergency.—While a Proclamation 
of Emergency is in operation, then—
(a) notwithstanding anything in this Constitution, the executive 
power of the Union shall extend to the giving of directions to any State 
as to the manner in which the executive power thereof is to be 
exercised;
(b) the power of Parliament to make laws with respect to any 
matter shall include power to make laws conferring powers and 
imposing duties, or authorising the conferring of powers and the 
imposition of duties, upon the Union or officers and authorities of the 
Union as respects that matter, notwithstanding that it is one which is not 
enumerated in the Union List:"
CONST_1950_Art354,CONST_1950,354,354. Application of provisions relating to distribution of revenues,"354. Application of provisions relating to distribution of revenues 
while a Proclamation of Emergency is in operation.—(1) The President 
may, while a Proclamation of Emergency is in operation, by order direct that 
all or any of the provisions of articles 268 to 279 shall for such period, not 
extending in any case beyond the expiration of the financial year in which such 
Proclamation ceases to operate, as may be specified in the order, have effect 
subject to such exceptions or modifications as he thinks fit.
(2) Every order made under clause (1) shall, as soon as may be after it is 
made, be laid before each House of Parliament."
CONST_1950_Art355,CONST_1950,355,355. Duty of the Union to protect States against external aggression,"355. Duty of the Union to protect States against external aggression 
and internal disturbance.—It shall be the duty of the Union to protect every 
State against external aggression and internal disturbance and to ensure that the 
Government of every State is carried on in accordance with the provisions of 
this Constitution."
CONST_1950_Art366,CONST_1950,366,366. Definitions,"366. Definitions.—In this Constitution, unless the context otherwise 
requires, the following expressions have the meanings hereby respectively 
assigned to them, that is to say—
(1) “agricultural income” means agricultural income as defined 
for the purposes of the enactments relating to Indian income-tax;

(2) “an Anglo-Indian” means a person whose father or any of 
whose other male progenitors in the male line is or was of European 
descent but who is domiciled within the territory of India and is or was 
born within such territory of parents habitually resident therein and not 
established there for temporary purposes only;
(3) “article” means an article of this Constitution; 
(4) “borrow” includes the raising of money by the grant of 
annuities, and “loan” shall be construed accordingly;
1[(4A)* *
(5) “clause” means a clause of the article in which the expression 
occurs;
(6) “corporation tax” means any tax on income, so far as that tax 
is payable by companies and is a tax in the case of which the following 
conditions are fulfilled:—
(a) that it is not chargeable in respect of agricultural 
income; 
(b) that no deduction in respect of the tax paid by 
companies is, by any enactments which may apply to the tax, 
authorised to be made from dividends payable by the companies 
to individuals;
(c) that no provision exists for taking the tax so paid into 
account in computing for the purposes of Indian income-tax the 
total income of individuals receiving such dividends, or in 
computing the Indian income-tax payable by, or refundable to, 
such individuals;
(7) “corresponding Province”, “corresponding Indian State” or 
“corresponding State” means in cases of doubt such Province, Indian 
State or State as may be determined by the President to be the 
corresponding Province, the corresponding Indian State or the 
corresponding State, as the case may be, for the particular purpose in 
question;"
CONST_1950_Art393,CONST_1950,393,393. Short title,"393. Short title.—This Constitution may be called the Constitution of 
India."
CONST_1950_Art3B,CONST_1950,3B,3B. Additional powers of the Bodoland Territorial Council to make laws,"3B. Additional powers of the Bodoland Territorial Council to make laws.—(1) Without 
prejudice to the provisions of paragraph 3, the Bodoland Territorial Council within its areas 
shall have power to make laws with respect to :— 
(i) agriculture, including agricultural education and research, protection against 
pests and prevention of plant diseases; (ii) animal husbandry and veterinary, that is to say, 
preservation, protection and improvement of stock and prevention of animal diseases, 
veterinary training and practice, cattle pounds; (iii) co-operation; (iv) cultural affairs; (v) 
education, that is to say, primary education, higher secondary including vocational training, 
adult education, college education (general); (vi) fisheries; (vii) flood control for protection 
of village, paddy fields, markets and towns (not of technical nature); (viii) Food and civil

supply; (ix) forests (other than reserved forests); (x) handloom and textile; (xi) health and 
family welfare, (xii) intoxicating liquors, opium and derivatives, subject to the provisions of 
entry 84 of List I of the Seventh Schedule; (xiii) irrigation; (xiv) labour and employment; 
(xv) land and revenue; (xvi) library services (financed and controlled by the State 
Government); (xvii) lotteries (subject to the provisions of entry 40 of List I of the Seventh 
Schedule), theatres, dramatic performances and cinemas (subject to the provisions of entry 
60 of List I of the Seventh Schedule); (xviii) markets and fairs; (xix) municipal corporation, 
improvement trust, district boards and other local authorities; (xx) museum and 
archaeology institutions controlled or financed by the State, ancient and historical 
monuments and records other than those declared by or under any law made by Parliament 
to be of national importance; (xxi) panchayat and rural development; (xxii) planning and 
development; (xxiii) printing and stationery; (xxiv) public health engineering; (xxv) public 
works department; (xxvi) publicity and public relations; (xxvii) registration of births and 
deaths; (xxviii) relief and rehabilitation; (xxix) sericulture; (xxx) small, cottage and rural 
industry subject to the provisions of entries 7 and 52 of List I of the Seventh Schedule; 
(xxxi) social Welfare; (xxxii) soil conservation; (xxxiii) sports and youth welfare; 
(xxxiv) statistics; (xxxv) tourism; (xxxvi) transport (roads, bridges, ferries and other 
means of communications not specified in List I of the Seventh Schedule, municipal 
tramways, ropeways, inland waterways and traffic thereon subject to the provision of List 
I and List III of the Seventh Schedule with regard to such waterways, vehicles other than 
mechanically propelled vehicles); (xxxvii) tribal research institute controlled and financed 
by the State Government; (xxxviii) urban development—town and country planning; 
(xxxix) weights and measures subject to the provisions of entry 50 of List I of the Seventh 
Schedule; and (xl) Welfare of plain tribes and backward classes:
Provided that nothing in such laws shall—
(a) extinguish or modify the existing rights and privileges of any citizen 
in respect of his land at the date of commencement of this Act; and 
(b) disallow and citizen from acquiring land either by way of inheritance, 
allotment, settlement or by any other way of transfer if such citizen is otherwise 
eligible for such acquisition of land within the Bodoland Territorial Areas 
District.
(2) All laws made under paragraph 3 or under this paragraph shall in so far as they 
relate to matters specified in List III of the Seventh Schedule, be submitted forthwith to the 
Governor who shall reserve the same for the consideration of the President. 
(3) When a law is reserved for the consideration of the President, the President shall 
declare either that he assents to the said law or that he withholds assent therefrom:
Provided that the President may direct the Governor to return the law to the 
Bodoland Territorial Council, together with the message requesting that the said Council 
will reconsider the law or any specified provisions thereof and, in particular, will consider 
the desirability of introducing any such amendments as he may recommend in his message 
and, when the law is so returned, the said Council shall consider the law accordingly within 
a period of six months from the date of receipt of such message and, if the law is again 
passed by the said Council with or without amendments it shall be presented again to the 
President for his consideration.”.

respect of all areas within such region and the District Council for an 
autonomous district in respect of all areas within the district except those 
which are under the authority of Regional Councils, if any, within the 
district shall have power to make laws with respect to—
(a) the allotment, occupation or use, or the setting apart, of 
land, other than any land which is a reserved forest for the purposes 
of agriculture or grazing or for residential or other non-agricultural 
purposes or for any other purpose likely to promote the interests of 
the inhabitants of any village or town: 
Provided that nothing in such laws shall prevent the 
compulsory acquisition of any land, whether occupied or unoccupied, 
for public purposes 1[by the Government of the State concerned] in 
accordance with the law for the time being in force authorising such 
acquisition; 
(b) the management of any forest not being a reserved forest;
(c) the use of any canal or water-course for the purpose of 
agriculture;
(d) the regulation of the practice of jhum or other forms of 
shifting cultivation;
(e) the establishment of village or town committees or councils 
and their powers;
(f) any other matter relating to village or town administration, 
including village or town police and public health and sanitation;
(g) the appointment or succession of Chiefs or Headmen;
(h) the inheritance of property;
 2[(i) marriage and divorce;] 
(j) social customs.
(2) In this paragraph, a “reserved forest” means any area which is a 
reserved forest under the Assam Forest Regulation, 1891, or under any other 
law for the time being in force in the area in question.
and Eighth Sch., for certain words (w.e.f. 21-1-1972)."
CONST_1950_Art12B,CONST_1950,12B,12B. Application of Acts of Parliament and of the Legislature of,"12B. Application of Acts of Parliament and of the Legislature of 
the State of Mizoram to autonomous districts and autonomous regions 
State 
Mizoram.—Notwithstanding 
anything 
Constitution,—
(a) no Act of the Legislature of the State of Mizoram in respect 
of any of the matters specified in paragraph 3 of this Schedule as 
matters with respect to which a District Council or a Regional 
Council may make laws, and no Act of the Legislature of the State of 
Mizoram prohibiting or restricting the consumption of any 
non-distilled alcoholic liquor shall apply to any autonomous district 
or autonomous region in that State unless, in either case, the District 
Council for such district or having jurisdiction over such region, by 
public notification, so directs, and the District Council, in giving such 
direction with respect to any Act, may direct that the Act shall, in its 
application to such district or region or any part thereof, have effect 
subject to such exceptions or modifications as it thinks fit;
(b) the Governor may, by public notification, direct that any 
Act of the Legislature of the State of Mizoram to which the 
provisions of clause (a) of this sub-paragraph do not apply, shall not 
apply to an autonomous district or an autonomous region in that 
State, or shall apply to such district or region, or any part thereof, 
subject to such exceptions or modifications, as he may specify in the 
notification;

(c) the President may, with respect to any Act of Parliament, 
by notification, direct that it shall not apply to an autonomous district 
or an autonomous region in the State of Mizoram, or shall apply to 
such district or region or any part thereof, subject to such exceptions 
or modifications as he may specify in the notification and any such 
direction may be given so as to have retrospective effect.]]"
CONST_1950_Art31,CONST_1950,31,"31. Posts and telegraphs; telephones, wireless, broadcasting and other like","31. Posts and telegraphs; telephones, wireless, broadcasting and other like 
forms of communication."
CONST_1950_Art45,CONST_1950,45,45. Banking.,45. Banking.
CONST_1950_Art17B,CONST_1950,17B,17B. Protection of wild animals and birds.],17B. Protection of wild animals and birds.]
CONST_1950_Art232,CONST_1950,232,232. The Maharashtra Land Revenue,"232. The Maharashtra Land Revenue
Code
the Maharashtra 
Restoration of Lands to Scheduled Tribes (Second Amendment) Act, 1976 
(Maharashtra Act 30 of 1977)."
CONST_1950_Art238,CONST_1950,238,"238. The Rajasthan Colonisation (Amendment) Act, 1984 (Rajasthan Act","238. The Rajasthan Colonisation (Amendment) Act, 1984 (Rajasthan Act 
12 of 1984)."
CONST_1950_Art242,CONST_1950,242,242. The Tamil Nadu Land Reforms (Fixation of Ceiling on Land),"242. The Tamil Nadu Land Reforms (Fixation of Ceiling on Land) 
Amendment Act, 1980 (Tamil Nadu Act 21 of 1980)."
CONST_1950_Art259,CONST_1950,259,259. The Bihar Consolidation of Holdings and Prevention of Fragmentation,"259. The Bihar Consolidation of Holdings and Prevention of Fragmentation 
Act, 1956 (Bihar Act 22 of 1956)."
CONST_1950_Art264,CONST_1950,264,264. The Bihar Land Reforms (Fixation of Ceiling Area and Acquisition of,"264. The Bihar Land Reforms (Fixation of Ceiling Area and Acquisition of 
Surplus Land) (Amendment) Act, 1987 (Bihar Act 21 of 1987)."
CONST_1950_Art272,CONST_1950,272,"272. The Rajasthan Colonisation (Amendment) Act, 1987 (Rajasthan Act 2","272. The Rajasthan Colonisation (Amendment) Act, 1987 (Rajasthan Act 2 
of 1987)."
CONST_1950_Art278,CONST_1950,278,"278. The West Bengal Land Reforms (Amendment) Act, 1981 (West","278. The West Bengal Land Reforms (Amendment) Act, 1981 (West 
Bengal Act 50 of 1981)."
