section_id,act_id,chapter_id,section_number,heading,full_text
BNS_2023_s1,BNS_2023,BNS_2023_CH_I,1,"Short title, commencement and application.––(1) This Act may be called the Bharatiya Nyaya","Short title, commencement and application.––(1) This Act may be called the Bharatiya Nyaya 
Sanhita, 2023. 
(2) It shall come into force on such date1 as the Central Government may, by notification in the 
Official Gazette, appoint, and different dates may be appointed for different provisions of this Sanhita. 
(3) Every person shall be liable to punishment under this Sanhita and not otherwise for every act or 
omission contrary to the provisions thereof, of which he shall be guilty within India. 
(4) Any person liable, by any law for the time being in force in India, to be tried for an offence 
committed beyond India shall be dealt with according to the provisions of this Sanhita for any act 
committed beyond India in the same manner as if such act had been committed within India. 
(5) The provisions of this Sanhita shall also apply to any offence committed by— 
(a) any citizen of India in any place without and beyond India; 
(b) any person on any ship or aircraft registered in India wherever it may be; 
(c) any person in any place without and beyond India committing offence targeting a computer 
resource located in India. 
Explanation.—In this section, the word “offence” includes every act committed outside India which, 
if committed in India, would be punishable under this Sanhita. 
A, who is a citizen of India, commits a murder in any place without and beyond India. 
He can be tried and convicted of murder in any place in India in which he may be found. 
(6) Nothing in this Sanhita shall affect the provisions of any Act for punishing mutiny and desertion 
of officers, soldiers, sailors or airmen in the service of the Government of India or the provisions of any 
special or local law."
BNS_2023_s2,BNS_2023,BNS_2023_CH_I,2,"Definitions. –– In this Sanhita, unless the context otherwise requires,––","Definitions. –– In this Sanhita, unless the context otherwise requires,–– 
(1) “act” denotes as well a series of acts as a single act; 
(2) “animal” means any living creature, other than a human being; 
(3) “child” means any person below the age of eighteen years; 
(4) “counterfeit”.––A person is said to “counterfeit” who causes one thing to resemble another 
thing, intending by means of that resemblance to practise deception, or knowing it to be likely that 
deception will thereby be practised. 

Explanation 1.—It is not essential to counterfeiting that the imitation should be exact."
BNS_2023_s1,BNS_2023,BNS_2023_CH_I,1,"1st day of July, 2024, except the provision of sub-section (2) of section 106, vide notification No. S.O. 850(E), dated, 23rd","1st day of July, 2024, except the provision of sub-section (2) of section 106, vide notification No. S.O. 850(E), dated, 23rd 
February, 2024, see Gazette of India, Extraordinary, Part II, sec. 3(ii).

Explanation 2.—When a person causes one thing to resemble another thing, and the resemblance 
is such that a person might be deceived thereby, it shall be presumed, until the contrary is proved, 
that the person so causing the one thing to resemble the other thing intended by means of that 
resemblance to practise deception or knew it to be likely that deception would thereby be practised; 
(5) “Court” means a Judge who is empowered by law to act judicially alone, or a body of Judges 
which is empowered by law to act judicially as a body, when such Judge or body of Judges is acting 
judicially; 
(6) “death” means the death of a human being unless the contrary appears from the context; 
(7) “dishonestly” means doing anything with the intention of causing wrongful gain to one 
person or wrongful loss to another person; 
(8) “document” means any matter expressed or described upon any substance by means of letters, 
figures or marks, or by more than one of those means, and includes electronic and digital record, 
intended to be used, or which may be used, as evidence of that matter. 
Explanation 1.—It is immaterial by what means or upon what substance the letters, figures or 
marks are formed, or whether the evidence is intended for, or may be used in a Court or not. 
(a) A writing expressing the terms of a contract, which may be used as evidence of the contract, 
is a document. 
(b) A cheque upon a banker is a document. 
(c) A power-of-attorney is a document. 
(d) A map or plan which is intended to be used or which may be used as evidence, is a document. 
(e) A writing containing directions or instructions is a document. 
Explanation 2.—Whatever is expressed by means of letters, figures or marks as explained by 
mercantile or other usage, shall be deemed to be expressed by such letters, figures or marks within 
the meaning of this section, although the same may not be actually expressed. 
A writes his name on the back of a bill of exchange payable to his order. The meaning of the 
endorsement, as explained by mercantile usage, is that the bill is to be paid to the holder. The 
endorsement is a document, and shall be construed in the same manner as if the words “pay to the 
holder” or words to that effect had been written over the signature; 
(9) “fraudulently” means doing anything with the intention to defraud but not otherwise; 
(10) “gender”.—The pronoun “he” and its derivatives are used of any person, whether male, 
female or transgender. 
Explanation.–– “transgender” shall have the meaning assigned to it in clause (k) of section 2 of 
the Transgender Persons (Protection of Rights) Act, 2019 (40 of 2019); 
(11) “good faith”.—Nothing is said to be done or believed in “good faith” which is done or 
believed without due care and attention; 
(12) “Government” means the Central Government or a State Government; 
(13) “harbour” includes supplying a person with shelter, food, drink, money, clothes, arms, 
ammunition or means of conveyance, or the assisting a person by any means, whether of the same 
kind as those enumerated in this clause or not, to evade apprehension; 
(14) “injury” means any harm whatever illegally caused to any person, in body, mind, reputation 
or property; 
(15) “illegal” and “legally bound to do”.—The word “illegal” is applicable to everything which is 
an offence or which is prohibited by law, or which furnishes ground for a civil action; and a person is 
said to be “legally bound to do” whatever it is illegal in him to omit;

execute any judicial process, or to administer any oath, or to interpret, or to preserve order in 
the Court, and every person specially authorised by a Court to perform any of such duties; 
(d) every assessor or member of a panchayat assisting a Court or public servant; 
(e) every arbitrator or other person to whom any cause or matter has been referred for 
decision or report by any Court, or by any other competent public authority; 
(f) every person who holds any office by virtue of which he is empowered to place or 
keep any person in confinement; 
(g) every officer of the Government whose duty it is, as such officer, to prevent offences, 
to give information of offences, to bring offenders to justice, or to protect the public health, 
safety or convenience; 
(h) every officer whose duty it is, as such officer, to take, receive, keep or expend any 
property on behalf of the Government, or to make any survey, assessment or contract on 
behalf of the Government, or to execute any revenue-process, or to investigate, or to report, 
on any matter affecting the pecuniary interests of the Government, or to make, authenticate 
or keep any document relating to the pecuniary interests of the Government, or to prevent the 
infraction of any law for the protection of the pecuniary interests of the Government; 
(i) every officer whose duty it is, as such officer, to take, receive, keep or expend any 
property, to make any survey or assessment or to levy any rate or tax for any secular common 
purpose of any village, town or district, or to make, authenticate or keep any document for 
the ascertaining of the rights of the people of any village, town or district; 
(j) every person who holds any office by virtue of which he is empowered to prepare, 
publish, maintain or revise an electoral roll or to conduct an election or part of an election; 
(k) every person— 
(i) in the service or pay of the Government or remunerated by fees or commission for 
the performance of any public duty by the Government; 
(ii) in the service or pay of a local authority as defined in clause (31) of section 3 of 
the General Clauses Act, 1897 (10 of 1897), a corporation established by or under a 
Central or State Act or a Government company as defined in clause (45) of section 2 of 
the Companies Act, 2013 (18 of 2013). 
Explanation.— 
(a) persons falling under any of the descriptions made in this clause are public servants, 
whether appointed by the Government or not; 
(b) every person who is in actual possession of the situation of a public servant, whatever 
legal defect there may be in his right to hold that situation is a public servant; 
(c) “election” means an election for the purpose of selecting members of any legislative, 
municipal or other public authority, of whatever character, the method of selection to which 
is by, or under any law for the time being in force. 
 A Municipal Commissioner is a public servant; 
(29) “reason to believe”.—A person is said to have “reason to believe” a thing, if he has 
sufficient cause to believe that thing but not otherwise; 
(30) “special law” means a law applicable to a particular subject; 
(31) “valuable security” means a document which is, or purports to be, a document whereby any 
legal right is created, extended, transferred, restricted, extinguished or released, or whereby any 
person acknowledges that he lies under legal liability, or has not a certain legal right.

(4) In every Part of this Sanhita, except where a contrary intention appears from the context, words 
which refer to acts done extend also to illegal omissions. 
(5) When a criminal act is done by several persons in furtherance of the common intention of all, 
each of such persons is liable for that act in the same manner as if it were done by him alone. 
(6) Whenever an act, which is criminal only by reason of its being done with a criminal knowledge or 
intention, is done by several persons, each of such persons who joins in the act with such knowledge or 
intention is liable for the act in the same manner as if the act were done by him alone with that knowledge 
or intention. 
(7) Wherever the causing of a certain effect, or an attempt to cause that effect, by an act or by an 
omission, is an offence, it is to be understood that the causing of that effect partly by an act and partly by 
an omission is the same offence. 
A intentionally causes Z’s death, partly by illegally omitting to give Z food, and partly by beating Z. 
A has committed murder. 
(8) When an offence is committed by means of several acts, whoever intentionally cooperates in the 
commission of that offence by doing any one of those acts, either singly or jointly with any other person, 
commits that offence. 
(a) A and B agree to murder Z by severally and at different times giving him small doses of poison. 
A and B administer the poison according to the agreement with intent to murder Z. Z dies from the 
effects the several doses of poison so administered to him. Here A and B intentionally cooperate in the 
commission of murder and as each of them does an act by which the death is caused, they are both guilty 
of the offence though their acts are separate. 
(b) A and B are joint jailors, and as such have the charge of Z, a prisoner, alternatively for six hours 
at a time. A and B, intending to cause Z’s death, knowingly cooperate in causing that effect by illegally 
omitting, each during the time of his attendance, to furnish Z with food supplied to them for that purpose. 
Z dies of hunger. Both A and B are guilty of the murder of Z. 
(c) A, a jailor, has the charge of Z, a prisoner. A, intending to cause Z’s death, illegally omits to 
supply Z with food; in consequence of which Z is much reduced in strength, but the starvation is not 
sufficient to cause his death. A is dismissed from his office, and B succeeds him. B, without collusion or 
cooperation with A, illegally omits to supply Z with food, knowing that he is likely thereby to cause Z’s 
death. Z dies of hunger. B is guilty of murder, but, as A did not cooperate with B. A is guilty only of an 
attempt to commit murder. 
(9) Where several persons are engaged or concerned in the commission of a criminal act, they may be 
guilty of different offences by means of that act. 
A attacks Z under such circumstances of grave provocation that his killing of Z would be only 
culpable homicide not amounting to murder. B, having ill-will towards Z and intending to kill him, and 
not having been subject to the provocation, assists A in killing Z. Here, though A and B are both engaged 
in causing Z’s death, B is guilty of murder, and A is guilty only of culpable homicide. 
CHAPTER II 
OF PUNISHMENTS"
BNS_2023_s4,BNS_2023,BNS_2023_CH_II,4,Punishments. —The punishments to which offenders are liable under the provisions of this,"Punishments. —The punishments to which offenders are liable under the provisions of this 
Sanhita are— 
(a) Death; 
(b) Imprisonment for life;

(c) Imprisonment, which is of two descriptions, namely:— 
(1) Rigorous, that is, with hard labour; 
(2) Simple; 
(d) Forfeiture of property; 
(e) Fine; 
(f) Community Service."
BNS_2023_s5,BNS_2023,BNS_2023_CH_II,5,Commutation of sentence,"Commutation of sentence.—The appropriate Government may, without the consent of the 
offender, commute any punishment under this Sanhita to any other punishment in accordance 
with section 474 of the Bharatiya Nagarik Suraksha Sanhita, 2023. 
Explanation.—For the purposes of this section the expression “appropriate Government” means, — 
(a) in cases where the sentence is a sentence of death or is for an offence against any law relating 
to a matter to which the executive power of the Union extends, the Central Government; and 
(b) in cases where the sentence (whether of death or not) is for an offence against any law 
relating to a matter to which the executive power of the State extends, the Government of the State 
within which the offender is sentenced."
BNS_2023_s6,BNS_2023,BNS_2023_CH_II,6,Fractions of terms of punishment,"Fractions of terms of punishment.—In calculating fractions of terms of punishment, 
imprisonment for life shall be reckoned as equivalent to imprisonment for twenty years unless otherwise 
provided."
BNS_2023_s7,BNS_2023,BNS_2023_CH_II,7,Sentence may be (in certain cases of imprisonment) wholly or partly rigorous or simple,"Sentence may be (in certain cases of imprisonment) wholly or partly rigorous or simple.—In 
every case in which an offender is punishable with imprisonment which may be of either description, it 
shall be competent to the Court which sentences such offender to direct in the sentence that such 
imprisonment shall be wholly rigorous, or that such imprisonment shall be wholly simple, or that any part 
of such imprisonment shall be rigorous and the rest simple."
BNS_2023_s8,BNS_2023,BNS_2023_CH_II,8,"Amount of fine, liability in default of payment of fine, etc","Amount of fine, liability in default of payment of fine, etc.—(1) Where no sum is expressed to 
which a fine may extend, the amount of fine to which the offender is liable is unlimited, but shall not be 
excessive. 
(2) In every case of an offence— 
(a) punishable with imprisonment as well as fine, in which the offender is sentenced to a fine, 
whether with or without imprisonment; 
(b) punishable with imprisonment or fine, or with fine only, in which the offender is sentenced to 
a fine, 
it shall be competent to the Court which sentences such offender to direct by the sentence that, in default 
of payment of the fine, the offender shall suffer imprisonment for a certain term, in which imprisonment 
shall be in excess of any other imprisonment to which he may have been sentenced or to which he may be 
liable under a commutation of a sentence. 
(3) The term for which the Court directs the offender to be imprisoned in default of payment of a fine 
shall not exceed one-fourth of the term of imprisonment which is the maximum fixed for the offence, if 
the offence be punishable with imprisonment as well as fine. 
(4) The imprisonment which the Court imposes in default of payment of a fine or in default of 
community service may be of any description to which the offender might have been sentenced for the 
(5) If the offence is punishable with fine or community service, the imprisonment which the Court 
imposes in default of payment of the fine or in default of community service shall be simple, and the term 
for which the Court directs the offender to be imprisoned, in default of payment of fine or in default of 
community service, shall not exceed,— 

(a) two months when the amount of the fine does not exceed five thousand rupees;

(b) four months when the amount of the fine does not exceed ten thousand rupees; and 
(c) one year in any other case. 
(6) (a) The imprisonment which is imposed in default of payment of a fine shall terminate whenever 
that fine is either paid or levied by process of law; 
(b) If, before the expiration of the term of imprisonment fixed in default of payment, such a 
proportion of the fine be paid or levied that the term of imprisonment suffered in default of payment is 
not less than proportional to the part of the fine still unpaid, the imprisonment shall terminate. 
A is sentenced to a fine of one thousand rupees and to four months’ imprisonment in default of 
payment. Here, if seven hundred and fifty rupees of the fine be paid or levied before the expiration of one 
month of the imprisonment, A will be discharged as soon as the first month has expired. If seven hundred 
and fifty rupees be paid or levied at the time of the expiration of the first month, or at any later time while 
A continues in imprisonment, A will be immediately discharged. If five hundred rupees of the fine be 
paid or levied before the expiration of two months of the imprisonment, A will be discharged as soon as 
the two months are completed. If five hundred rupees be paid or levied at the time of the expiration of 
those two months, or at any later time while A continues in imprisonment, A will be immediately 
discharged. 
(7) The fine, or any part thereof which remains unpaid, may be levied at any time within six years 
after the passing of the sentence, and if, under the sentence, the offender be liable to imprisonment for a 
longer period than six years, then at any time previous to the expiration of that period; and the death of 
the offender does not discharge from the liability any property which would, after his death, be legally 
liable for his debts."
BNS_2023_s9,BNS_2023,BNS_2023_CH_II,9,Limit of punishment of offence made up of several offences,"Limit of punishment of offence made up of several offences.—(1) Where anything which is an 
offence is made up of parts, any of which parts is itself an offence, the offender shall not be punished 
with the punishment of more than one of such his offences, unless it be so expressly provided. 
(2) Where— 
(a) anything is an offence falling within two or more separate definitions of any law in force for 
the time being by which offences are defined or punished; or 
(b) several acts, of which one or more than one would by itself or themselves constitute an 
offence, constitute, when combined, a different offence, 
the offender shall not be punished with a more severe punishment than the Court which tries him could 
award for any one of such offences. 
(a) A gives Z fifty strokes with a stick. Here A may have committed the offence of voluntarily 
causing hurt to Z by the whole beating, and also by each of the blows which make up the whole beating. 
If A were liable to punishment for every blow, he might be imprisoned for fifty years, one for each blow. 
But he is liable only to one punishment for the whole beating. 
(b) But, if, while A is beating Z, Y interferes, and A intentionally strikes Y, here, as the blow given to 
Y is no part of the act whereby A voluntarily causes hurt to Z, A is liable to one punishment for 
voluntarily causing hurt to Z, and to another for the blow given to Y."
BNS_2023_s10,BNS_2023,BNS_2023_CH_II,10,"Punishment of person guilty of one of several offences, judgment stating that it is doubtful","Punishment of person guilty of one of several offences, judgment stating that it is doubtful 
of which.—In all cases in which judgment is given that a person is guilty of one of several offences 
specified in the judgment, but that it is doubtful of which of these offences he is guilty, the offender shall 
be punished for the offence for which the lowest punishment is provided if the same punishment is not 
provided for all."
BNS_2023_s11,BNS_2023,BNS_2023_CH_II,11,Solitary confinement,"Solitary confinement.—Whenever any person is convicted of an offence for which under this 
Sanhita the Court has power to sentence him to rigorous imprisonment, the Court may, by its sentence,

order that the offender shall be kept in solitary confinement for any portion or portions of the 
imprisonment to which he is sentenced, not exceeding three months in the whole, according to the 
following scale, namely: — 
(a) a time not exceeding one month if the term of imprisonment shall not exceed six months; 
(b) a time not exceeding two months if the term of imprisonment shall exceed six months and 
shall not exceed one year; 
(c) a time not exceeding three months if the term of imprisonment shall exceed one year."
BNS_2023_s12,BNS_2023,BNS_2023_CH_II,12,Limit of solitary confinement,"Limit of solitary confinement.—In executing a sentence of solitary confinement, such 
confinement shall in no case exceed fourteen days at a time, with intervals between the periods of solitary 
confinement of not less duration than such periods; and when the imprisonment awarded shall exceed 
three months, the solitary confinement shall not exceed seven days in any one month of the whole 
imprisonment awarded, with intervals between the periods of solitary confinement of not less duration 
than such periods."
BNS_2023_s13,BNS_2023,BNS_2023_CH_II,13,Enhanced punishment for certain offences after previous conviction,"Enhanced punishment for certain offences after previous conviction.—Whoever, having been 
convicted by a Court in India, of an offence punishable under Chapter X or Chapter XVII of this Sanhita 
with imprisonment of either description for a term of three years or upwards, shall be guilty of any 
offence punishable under either of those Chapters with like imprisonment for the like term, shall be 
subject for every such subsequent offence to imprisonment for life, or to imprisonment of either 
description for a term which may extend to ten years. 

CHAPTER III 
GENERAL EXCEPTIONS"
BNS_2023_s14,BNS_2023,BNS_2023_CH_III,14,"Act done by a person bound, or by mistake of fact believing himself bound, by law","Act done by a person bound, or by mistake of fact believing himself bound, by law.—
Nothing is an offence which is done by a person who is, or who by reason of a mistake of fact and not by 
reason of a mistake of law in good faith believes himself to be, bound by law to do it. 
(a) A, a soldier, fires on a mob by the order of his superior officer, in conformity with the 
commands of the law. A has committed no offence. 
(b) A, an officer of a Court, being ordered by that Court to arrest Y, and, after due enquiry, 
believing Z to be Y, arrests Z. A has committed no offence."
BNS_2023_s15,BNS_2023,BNS_2023_CH_III,15,Act of Judge when acting judicially,"Act of Judge when acting judicially.—Nothing is an offence which is done by a Judge when 
acting judicially in the exercise of any power which is, or which in good faith he believes to be, given to 
him by law."
BNS_2023_s16,BNS_2023,BNS_2023_CH_III,16,Act done pursuant to judgment or order of Court,"Act done pursuant to judgment or order of Court.—Nothing which is done in pursuance of, or 
which is warranted by the judgment or order of, a Court; if done whilst such judgment or order remains in 
force, is an offence, notwithstanding the Court may have had no jurisdiction to pass such judgment or 
order, provided the person doing the act in good faith believes that the Court had such jurisdiction."
BNS_2023_s17,BNS_2023,BNS_2023_CH_III,17,"Act done by a person justified, or by mistake of fact believing himself justified, by law","Act done by a person justified, or by mistake of fact believing himself justified, by law.—
Nothing is an offence which is done by any person who is justified by law, or who by reason of a mistake 
of fact and not by reason of a mistake of law in good faith, believes himself to be justified by law, in 
doing it.

A sees Z commit what appears to A to be a murder. A, in the exercise, to the best of his judgment 
exerted in good faith, of the power which the law gives to all persons of apprehending murderers in the 
fact, seizes Z, in order to bring Z before the proper authorities. A has committed no offence, though it 
may turn out that Z was acting in self-defence."
BNS_2023_s18,BNS_2023,BNS_2023_CH_III,18,Accident in doing a lawful act,"Accident in doing a lawful act.—Nothing is an offence which is done by accident or misfortune, 
and without any criminal intention or knowledge in the doing of a lawful act in a lawful manner by lawful 
means and with proper care and caution. 
A is at work with a hatchet; the head flies off and kills a man who is standing by. Here, if there was 
no want of proper caution on the part of A, his act is excusable and not an offence."
BNS_2023_s19,BNS_2023,BNS_2023_CH_III,19,"Act likely to cause harm, but done without criminal intent, and to prevent other harm","Act likely to cause harm, but done without criminal intent, and to prevent other harm.—
Nothing is an offence merely by reason of its being done with the knowledge that it is likely to cause 
harm, if it be done without any criminal intention to cause harm, and in good faith for the purpose of 
preventing or avoiding other harm to person or property. 
Explanation.—It is a question of fact in such a case whether the harm to be prevented or avoided was 
of such a nature and so imminent as to justify or excuse the risk of doing the act with the knowledge that 
it was likely to cause harm. 
(a) A, the captain of a vessel, suddenly and without any fault or negligence on his part, finds himself 
in such a position that, before he can stop his vessel, he must inevitably run down a boat B, with twenty 
or thirty passengers on board, unless he changes the course of his vessel, and that, by changing his 
course, he must incur risk of running down a boat C with only two passengers on board, which he may 
possibly clear. Here, if A alters his course without any intention to run down the boat C and in good faith 
for the purpose of avoiding the danger to the passengers in the boat B, he is not guilty of an offence, 
though he may run down the boat C by doing an act which he knew was likely to cause that effect, if it be 
found as a matter of fact that the danger which he intended to avoid was such as to excuse him in 
incurring the risk of running down the boat C. 
(b) A, in a great fire, pulls down houses in order to prevent the conflagration from spreading. He does 
this with the intention in good faith of saving human life or property. Here, if it be found that the harm to 
be prevented was of such a nature and so imminent as to excuse A’s act, A is not guilty of the offence."
BNS_2023_s20,BNS_2023,BNS_2023_CH_III,20,Act of a child under seven years of age,"Act of a child under seven years of age.—Nothing is an offence which is done by a child under 
seven years of age."
BNS_2023_s21,BNS_2023,BNS_2023_CH_III,21,Act of a child above seven and under twelve years of age of immature understanding,"Act of a child above seven and under twelve years of age of immature understanding.—
Nothing is an offence which is done by a child above seven years of age and under twelve years of age, 
who has not attained sufficient maturity of understanding to judge of the nature and consequences of his 
conduct on that occasion."
BNS_2023_s22,BNS_2023,BNS_2023_CH_III,22,Act of a person of unsound mind,"Act of a person of unsound mind.—Nothing is an offence which is done by a person who, at the 
time of doing it, by reason of unsoundness of mind, is incapable of knowing the nature of the act, or that 
he is doing what is either wrong or contrary to law."
BNS_2023_s23,BNS_2023,BNS_2023_CH_III,23,Act of a person incapable of judgment by reason of intoxication caused against his will,"Act of a person incapable of judgment by reason of intoxication caused against his will.—
Nothing is an offence which is done by a person who, at the time of doing it, is, by reason of intoxication, 
incapable of knowing the nature of the act, or that he is doing what is either wrong, or contrary to law; 
provided that the thing which intoxicated him was administered to him without his knowledge or against 
his will."
BNS_2023_s24,BNS_2023,BNS_2023_CH_III,24,Offence requiring a particular intent or knowledge committed by one who is intoxicated,"Offence requiring a particular intent or knowledge committed by one who is intoxicated.—
In cases where an act done is not an offence unless done with a particular knowledge or intent, a person 
who does the act in a state of intoxication shall be liable to be dealt with as if he had the same knowledge 
as he would have had if he had not been intoxicated, unless the thing which intoxicated him was 
administered to him without his knowledge or against his will."
BNS_2023_s25,BNS_2023,BNS_2023_CH_III,25,"Act not intended and not known to be likely to cause death or grievous hurt, done by","Act not intended and not known to be likely to cause death or grievous hurt, done by 
consent.—Nothing which is not intended to cause death, or grievous hurt, and which is not known by the 
doer to be likely to cause death or grievous hurt, is an offence by reason of any harm which it may cause, 
or be intended by the doer to cause, to any person, above eighteen years of age, who has given consent, 
whether express or implied, to suffer that harm; or by reason of any harm which it may be known by the 
doer to be likely to cause to any such person who has consented to take the risk of that harm. 
A and Z agree to fence with each other for amusement. This agreement implies the consent of each to 
suffer any harm which, in the course of such fencing, may be caused without foul play; and if A, while 
playing fairly, hurts Z, A commits no offence."
BNS_2023_s26,BNS_2023,BNS_2023_CH_III,26,"Act not intended to cause death, done by consent in good faith for person’s benefit","Act not intended to cause death, done by consent in good faith for person’s benefit.—
Nothing, which is not intended to cause death, is an offence by reason of any harm which it may cause, or 
be intended by the doer to cause, or be known by the doer to be likely to cause, to any person for whose 
benefit it is done in good faith, and who has given a consent, whether express or implied, to suffer that 
harm, or to take the risk of that harm. 
A, a surgeon, knowing that a particular operation is likely to cause the death of Z, who suffers under 
the painful complaint, but not intending to cause Z’s death, and intending, in good faith, Z’s benefit, 
performs that operation on Z, with Z’s consent. A has committed no offence."
BNS_2023_s27,BNS_2023,BNS_2023_CH_III,27,"Act done in good faith for benefit of child or person of unsound mind, by, or by consent of","Act done in good faith for benefit of child or person of unsound mind, by, or by consent of 
guardian.—Nothing which is done in good faith for the benefit of a person under twelve years of age, or 
person of unsound mind, by, or by consent, either express or implied, of the guardian or other person 
having lawful charge of that person, is an offence by reason of any harm which it may cause, or be 
intended by the doer to cause or be known by the doer to be likely to cause to that person: 
Provided that this exception shall not extend to— 
(a) the intentional causing of death, or to the attempting to cause death; 
(b) the doing of anything which the person doing it knows to be likely to cause death, for any 
purpose other than the preventing of death or grievous hurt, or the curing of any grievous disease or 
infirmity; 
(c) the voluntary causing of grievous hurt, or to the attempting to cause grievous hurt, unless it be 
for the purpose of preventing death or grievous hurt, or the curing of any grievous disease or 
infirmity; 
(d) the abetment of any offence, to the committing of which offence it would not extend. 
A, in good faith, for his child’s benefit without his child’s consent, has his child cut for the stone by a 
surgeon knowing it to be likely that the operation will cause the child’s death, but not intending to cause 
the child’s death. A is within the exception, in as much as his object was the cure of the child."
BNS_2023_s28,BNS_2023,BNS_2023_CH_III,28,Consent known to be given under fear or misconception,"Consent known to be given under fear or misconception.—A consent is not such a consent as 
is intended by any section of this Sanhita,— 
(a) if the consent is given by a person under fear of injury, or under a misconception of fact, and 
if the person doing the act knows, or has reason to believe, that the consent was given in consequence 
of such fear or misconception; or 
(b) if the consent is given by a person who, from unsoundness of mind, or intoxication, is unable 
to understand the nature and consequence of that to which he gives his consent; or 
(c) unless the contrary appears from the context, if the consent is given by a person who is under 
twelve years of age.

A, a surgeon, in good faith, communicates to a patient his opinion that he cannot live. The patient 
dies in consequence of the shock. A has committed no offence, though he knew it to be likely that the 
communication might cause the patient’s death."
BNS_2023_s32,BNS_2023,BNS_2023_CH_III,32,Act to which a person is compelled by threats,"Act to which a person is compelled by threats.—Except murder, and offences against the State 
punishable with death, nothing is an offence which is done by a person who is compelled to do it by 
threats, which, at the time of doing it, reasonably cause the apprehension that instant death to that person 
will otherwise be the consequence: 
Provided that the person doing the act did not of his own accord, or from a reasonable apprehension 
of harm to himself short of instant death, place himself in the situation by which he became subject to 
such constraint. 
Explanation 1.—A person who, of his own accord, or by reason of a threat of being beaten, joins a 
gang of dacoits, knowing their character, is not entitled to the benefit of this exception, on the ground of 
his having been compelled by his associates to do anything that is an offence by law. 
Explanation 2.—A person seized by a gang of dacoits, and forced, by threat of instant death, to do a 
thing which is an offence by law; for example, a smith compelled to take his tools and to force the door 
of a house for the dacoits to enter and plunder it, is entitled to the benefit of this exception."
BNS_2023_s33,BNS_2023,BNS_2023_CH_III,33,Act causing slight harm,"Act causing slight harm.—Nothing is an offence by reason that it causes, or that it is intended to 
cause, or that it is known to be likely to cause, any harm, if that harm is so slight that no person of 
ordinary sense and temper would complain of such harm. 
Of right of private defence"
BNS_2023_s34,BNS_2023,BNS_2023_CH_III,34,Things done in private defence,"Things done in private defence.—Nothing is an offence which is done in the exercise of the 
right of private defence."
BNS_2023_s35,BNS_2023,BNS_2023_CH_III,35,Right of private defence of body and of property,"Right of private defence of body and of property.—Every person has a right, subject to the 
restrictions contained in section 37, to defend— 
(a) his own body, and the body of any other person, against any offence affecting the human 
body; 
(b) the property, whether movable or immovable, of himself or of any other person, against any 
act which is an offence falling under the definition of theft, robbery, mischief or criminal trespass, or 
which is an attempt to commit theft, robbery, mischief or criminal trespass."
BNS_2023_s36,BNS_2023,BNS_2023_CH_III,36,"Right of private defence against act of a person of unsound mind, etc","Right of private defence against act of a person of unsound mind, etc.—When an act, which 
would otherwise be a certain offence, is not that offence, by reason of the youth, the want of maturity of 
understanding, the unsoundness of mind or the intoxication of the person doing that act, or by reason of 
any misconception on the part of that person, every person has the same right of private defence against 
that act which he would have if the act were that offence. 
(a) Z, a person of unsound mind, attempts to kill A; Z is guilty of no offence. But A has the same 
right of private defence which he would have if Z were sane. 
(b) A enters by night a house which he is legally entitled to enter. Z, in good faith, taking A for a 
house-breaker, attacks A. Here Z, by attacking A under this misconception, commits no offence. But A 
has the same right of private defence against Z, which he would have if Z were not acting under that 
misconception."
BNS_2023_s37,BNS_2023,BNS_2023_CH_III,37,Acts against which there is no right of private defence,"Acts against which there is no right of private defence.—(1) There is no right of private 
defence, — 
(a) against an act which does not reasonably cause the apprehension of death or of grievous hurt, 
if done, or attempted to be done, by a public servant acting in good faith under colour of his office, 
though that act, may not be strictly justifiable by law;

(b) against an act which does not reasonably cause the apprehension of death or of grievous hurt, 
if done, or attempted to be done, by the direction of a public servant acting in good faith under colour 
of his office, though that direction may not be strictly justifiable by law; 
(c) in cases in which there is time to have recourse to the protection of the public authorities. 
(2) The right of private defence in no case extends to the inflicting of more harm than it is necessary 
to inflict for the purpose of defence. 
Explanation 1.—A person is not deprived of the right of private defence against an act done, or 
attempted to be done, by a public servant, as such, unless he knows or has reason to believe, that the 
person doing the act is such public servant. 
Explanation 2.—A person is not deprived of the right of private defence against an act done, or 
attempted to be done, by the direction of a public servant, unless he knows, or has reason to believe, that 
the person doing the act is acting by such direction, or unless such person states the authority under which 
he acts, or if he has authority in writing, unless he produces such authority, if demanded."
BNS_2023_s38,BNS_2023,BNS_2023_CH_III,38,When right of private defence of body extends to causing death,"When right of private defence of body extends to causing death.—The right of private 
defence of the body extends, under the restrictions specified in section 37, to the voluntary causing of 
death or of any other harm to the assailant, if the offence which occasions the exercise of the right be of 
any of the descriptions hereinafter enumerated, namely:— 
(a) such an assault as may reasonably cause the apprehension that death will otherwise be the 
consequence of such assault; 
(b) such an assault as may reasonably cause the apprehension that grievous hurt will otherwise be 
the consequence of such assault; 
(c) an assault with the intention of committing rape; 
(d) an assault with the intention of gratifying unnatural lust; 
(e) an assault with the intention of kidnapping or abducting; 
(f) an assault with the intention of wrongfully confining a person, under circumstances which 
may reasonably cause him to apprehend that he will be unable to have recourse to the public 
authorities for his release; 
(g) an act of throwing or administering acid or an attempt to throw or administer acid which may 
reasonably cause the apprehension that grievous hurt will otherwise be the consequence of such act."
BNS_2023_s39,BNS_2023,BNS_2023_CH_III,39,When such right extends to causing any harm other than death,"When such right extends to causing any harm other than death.—If the offence be not of any 
of the descriptions specified in section 38, the right of private defence of the body does not extend to the 
voluntary causing of death to the assailant, but does extend, under the restrictions specified in section 37, 
to the voluntary causing to the assailant of any harm other than death."
BNS_2023_s40,BNS_2023,BNS_2023_CH_III,40,Commencement and continuance of right of private defence of body,"Commencement and continuance of right of private defence of body.—The right of private 
defence of the body commences as soon as a reasonable apprehension of danger to the body arises from 
an attempt or threat to commit the offence though the offence may not have been committed; and it 
continues as long as such apprehension of danger to the body continues."
BNS_2023_s41,BNS_2023,BNS_2023_CH_III,41,When right of private defence of property extends to causing death,"When right of private defence of property extends to causing death.—The right of private 
defence of property extends, under the restrictions specified in section 37, to the voluntary causing of 
death or of any other harm to the wrong-doer, if the offence, the committing of which, or the attempting 
to commit which, occasions the exercise of the right, be an offence of any of the descriptions hereinafter 
enumerated, namely: — 
(a) robbery; 
(b) house-breaking after sunset and before sunrise; 
(c) mischief by fire or any explosive substance committed on any building, tent or vessel, which 
building, tent or vessel is used as a human dwelling, or as a place for the custody of property;

(d) theft, mischief, or house-trespass, under such circumstances as may reasonably cause 
apprehension that death or grievous hurt will be the consequence, if such right of private defence is 
not exercised."
BNS_2023_s42,BNS_2023,BNS_2023_CH_III,42,When such right extends to causing any harm other than death,"When such right extends to causing any harm other than death.—If the offence, the 
committing of which, or the attempting to commit which occasions the exercise of the right of private 
defence, be theft, mischief, or criminal trespass, not of any of the descriptions specified in section 41, that 
right does not extend to the voluntary causing of death, but does extend, subject to the restrictions 
specified in section 37, to the voluntary causing to the wrong-doer of any harm other than death."
BNS_2023_s43,BNS_2023,BNS_2023_CH_III,43,Commencement and continuance of right of private defence of property,"Commencement and continuance of right of private defence of property.—The right of 
private defence of property,— 
(a) commences when a reasonable apprehension of danger to the property commences; 
(b) against theft continues till the offender has effected his retreat with the property or either the 
assistance of the public authorities is obtained, or the property has been recovered; 
(c) against robbery continues as long as the offender causes or attempts to cause to any person 
death or hurt or wrongful restraint or as long as the fear of instant death or of instant hurt or of instant 
personal restraint continues; 
(d) against criminal trespass or mischief continues as long as the offender continues in the 
commission of criminal trespass or mischief; 
(e) against house-breaking after sunset and before sunrise continues as long as the house-trespass 
which has been begun by such house-breaking continues."
BNS_2023_s44,BNS_2023,BNS_2023_CH_III,44,Right of private defence against deadly assault when there is risk of harm to innocent,"Right of private defence against deadly assault when there is risk of harm to innocent 
person.—If in the exercise of the right of private defence against an assault which reasonably causes the 
apprehension of death, the defender be so situated that he cannot effectually exercise that right without 
risk of harm to an innocent person, his right of private defence extends to the running of that risk. 
A is attacked by a mob who attempt to murder him. He cannot effectually exercise his right of private 
defence without firing on the mob, and he cannot fire without risk of harming young children who are 
mingled with the mob. A commits no offence if by so firing he harms any of the children. 
CHAPTER IV 
OF ABETMENT, CRIMINAL CONSPIRACY AND ATTEMPT 
of abetment"
BNS_2023_s45,BNS_2023,BNS_2023_CH_IV,45,Abetment of a thing,"Abetment of a thing.—A person abets the doing of a thing, who— 
(a) instigates any person to do that thing; or 
(b) engages with one or more other person or persons in any conspiracy for the doing of that 
thing, if an act or illegal omission takes place in pursuance of that conspiracy, and in order to the 
doing of that thing; or 
(c) intentionally aids, by any act or illegal omission, the doing of that thing. 
Explanation 1.—A person who, by wilful misrepresentation, or by wilful concealment of a material 
fact which he is bound to disclose, voluntarily causes or procures, or attempts to cause or procure, a thing 
to be done, is said to instigate the doing of that thing. 
A, a public officer, is authorised by a warrant from a Court to apprehend Z. B, knowing that fact and 
also that C is not Z, wilfully represents to A that C is Z, and thereby intentionally causes A to apprehend 
C. Here B abets by instigation the apprehension of C.

Explanation 2.—Whoever, either prior to or at the time of the commission of an act, does anything in 
order to facilitate the commission of that act, and thereby facilitates the commission thereof, is said to aid 
the doing of that act."
BNS_2023_s46,BNS_2023,BNS_2023_CH_IV,46,Abettor,"Abettor.—A person abets an offence, who abets either the commission of an offence, or the 
commission of an act which would be an offence, if committed by a person capable by law of committing 
an offence with the same intention or knowledge as that of the abettor. 
Explanation 1.—The abetment of the illegal omission of an act may amount to an offence although 
the abettor may not himself be bound to do that act. 
Explanation 2.—To constitute the offence of abetment it is not necessary that the act abetted should 
be committed, or that the effect requisite to constitute the offence should be caused. 
(a) A instigates B to murder C. B refuses to do so. A is guilty of abetting B to commit murder. 
(b) A instigates B to murder D. B in pursuance of the instigation stabs D. D recovers from the wound. 
A is guilty of instigating B to commit murder. 
Explanation 3.—It is not necessary that the person abetted should be capable by law of committing 
an offence, or that he should have the same guilty intention or knowledge as that of the abettor, or any 
guilty intention or knowledge. 
(a) A, with a guilty intention, abets a child or a person of unsound mind to commit an act which 
would be an offence, if committed by a person capable by law of committing an offence, and having the 
same intention as A. Here A, whether the act be committed or not, is guilty of abetting an offence. 
(b) A, with the intention of murdering Z, instigates B, a child under seven years of age, to do an act 
which causes Z’s death. B, in consequence of the abetment, does the act in the absence of A and thereby 
causes Z’s death. Here, though B was not capable by law of committing an offence, A is liable to be 
punished in the same manner as if B had been capable by law of committing an offence, and had 
committed murder, and he is therefore subject to the punishment of death. 
(c) A instigates B to set fire to a dwelling-house. B, in consequence of his unsoundness of mind, 
being incapable of knowing the nature of the act, or that he is doing what is wrong or contrary to law, sets 
fire to the house in consequence of A’s instigation. B has committed no offence, but A is guilty of 
abetting the offence of setting fire to a dwelling-house, and is liable to the punishment provided for that 
(d) A, intending to cause a theft to be committed, instigates B to take property belonging to Z out of 
Z’s possession. A induces B to believe that the property belongs to A. B takes the property out of Z’s 
possession, in good faith, believing it to be A’s property. B, acting under this misconception, does not 
take dishonestly, and therefore does not commit theft. But A is guilty of abetting theft, and is liable to the 
same punishment as if B had committed theft. 
Explanation 4.—The abetment of an offence being an offence, the abetment of such an abetment is 
also an offence. 
A instigates B to instigate C to murder Z. B accordingly instigates C to murder Z, and C commits that 
offence in consequence of B’s instigation. B is liable to be punished for his offence with the punishment 
for murder; and, as A instigated B to commit the offence, A is also liable to the same punishment. 
Explanation 5.—It is not necessary to the commission of the offence of abetment by conspiracy that 
the abettor should concert the offence with the person who commits it. It is sufficient if he engages in the 
conspiracy in pursuance of which the offence is committed.

A concerts with B a plan for poisoning Z. It is agreed that A shall administer the poison. B then 
explains the plan to C mentioning that a third person is to administer the poison, but without mentioning 
A’s name. C agrees to procure the poison, and procures and delivers it to B for the purpose of its being 
used in the manner explained. A administers the poison; Z dies in consequence. Here, though A and C 
have not conspired together, yet C has been engaged in the conspiracy in pursuance of which Z has been 
murdered. C has therefore committed the offence defined in this section and is liable to the punishment 
for murder."
BNS_2023_s47,BNS_2023,BNS_2023_CH_IV,47,Abetment in India of offences outside India,"Abetment in India of offences outside India.—A person abets an offence within the meaning of 
this Sanhita who, in India, abets the commission of any act without and beyond India which would 
constitute an offence if committed in India. 
A, in India, instigates B, a foreigner in country X, to commit a murder in that country, A is guilty of 
abetting murder."
BNS_2023_s48,BNS_2023,BNS_2023_CH_IV,48,Abetment outside India for offence in India,"Abetment outside India for offence in India.—A person abets an offence within the meaning of 
this Sanhita who, without and beyond India, abets the commission of any act in India which would 
constitute an offence if committed in India. 
A, in country X, instigates B, to commit a murder in India, A is guilty of abetting murder."
BNS_2023_s49,BNS_2023,BNS_2023_CH_IV,49,Punishment of abetment if act abetted is committed in consequence and where no express,"Punishment of abetment if act abetted is committed in consequence and where no express 
provision is made for its punishment.—Whoever abets any offence shall, if the act abetted is 
committed in consequence of the abetment, and no express provision is made by this Sanhita for the 
punishment of such abetment, be punished with the punishment provided for the offence. 
Explanation.—An act or offence is said to be committed in consequence of abetment, when it is 
committed in consequence of the instigation, or in pursuance of the conspiracy, or with the aid which 
constitutes the abetment. 
(a) A instigates B to give false evidence. B, in consequence of the instigation, commits that offence. 
A is guilty of abetting that offence, and is liable to the same punishment as B. 
(b) A and B conspire to poison Z. A, in pursuance of the conspiracy, procures the poison and delivers 
it to B in order that he may administer it to Z. B, in pursuance of the conspiracy, administers the poison to 
Z in A’s absence and thereby causes Z’s death. Here B is guilty of murder. A is guilty of abetting that 
offence by conspiracy, and is liable to the punishment for murder."
BNS_2023_s50,BNS_2023,BNS_2023_CH_IV,50,Punishment of abetment if person abetted does act with different intention from that of,"Punishment of abetment if person abetted does act with different intention from that of 
abettor.—Whoever abets the commission of an offence shall, if the person abetted does the act with a 
different intention or knowledge from that of the abettor, be punished with the punishment provided for 
the offence which would have been committed if the act had been done with the intention or knowledge 
of the abettor and with no other."
BNS_2023_s51,BNS_2023,BNS_2023_CH_IV,51,Liability of abettor when one act abetted and different act done,"Liability of abettor when one act abetted and different act done.—When an act is abetted and 
a different act is done, the abettor is liable for the act done, in the same manner and to the same extent as 
if he had directly abetted it: 
Provided that the act done was a probable consequence of the abetment, and was committed under 
the influence of the instigation, or with the aid or in pursuance of the conspiracy which constituted the 
abetment.

(a) A instigates a child to put poison into the food of Z, and gives him poison for that purpose. The 
child, in consequence of the instigation, by mistake puts the poison into the food of Y, which is by the 
side of that of Z. Here, if the child was acting under the influence of A’s instigation, and the act done was 
under the circumstances a probable consequence of the abetment, A is liable in the same manner and to 
the same extent as if he had instigated the child to put the poison into the food of Y. 
(b) A instigates B to burn Z’s house, B sets fire to the house and at the same time commits theft of 
property there. A, though guilty of abetting the burning of the house, is not guilty of abetting the theft; for 
the theft was a distinct act, and not a probable consequence of the burning. 
(c) A instigates B and C to break into an inhabited house at midnight for the purpose of robbery, and 
provides them with arms for that purpose. B and C break into the house, and being resisted by Z, one of 
the inmates, murder Z. Here, if that murder was the probable consequence of the abetment, A is liable to 
the punishment provided for murder."
BNS_2023_s52,BNS_2023,BNS_2023_CH_IV,52,Abettor when liable to cumulative punishment for act abetted and for act done,"Abettor when liable to cumulative punishment for act abetted and for act done.—If the act 
for which the abettor is liable under section 51 is committed in addition to the act abetted, and constitute 
a distinct offence, the abettor is liable to punishment for each of the offences. 
A instigates B to resist by force a distress made by a public servant. B, in consequence, resists that 
distress. In offering the resistance, B voluntarily causes grievous hurt to the officer executing the distress. 
As B has committed both the offence of resisting the distress, and the offence of voluntarily causing 
grievous hurt, B is liable to punishment for both these offences; and, if A knew that B was likely 
voluntarily to cause grievous hurt in resisting the distress, A will also be liable to punishment for each of 
the offences."
BNS_2023_s53,BNS_2023,BNS_2023_CH_IV,53,Liability of abettor for an effect caused by act abetted different from that intended by,"Liability of abettor for an effect caused by act abetted different from that intended by 
abettor.—When an act is abetted with the intention on the part of the abettor of causing a particular 
effect, and an act for which the abettor is liable in consequence of the abetment, causes a different effect 
from that intended by the abettor, the abettor is liable for the effect caused, in the same manner and to the 
same extent as if he had abetted the act with the intention of causing that effect, provided he knew that 
the act abetted was likely to cause that effect. 
A instigates B to cause grievous hurt to Z. B, in consequence of the instigation, causes grievous hurt 
to Z. Z dies in consequence. Here, if A knew that the grievous hurt abetted was likely to cause death, A is 
liable to be punished with the punishment provided for murder."
BNS_2023_s54,BNS_2023,BNS_2023_CH_IV,54,Abettor present when offence is committed,"Abettor present when offence is committed.—Whenever any person, who is absent would be 
liable to be punished as an abettor, is present when the act or offence for which he would be punishable in 
consequence of the abetment is committed, he shall be deemed to have committed such act or offence."
BNS_2023_s55,BNS_2023,BNS_2023_CH_IV,55,Abetment of offence punishable with death or imprisonment for life,"Abetment of offence punishable with death or imprisonment for life.—Whoever abets the 
commission of an offence punishable with death or imprisonment for life, shall, if that offence be not 
committed in consequence of the abetment, and no express provision is made under this Sanhita for the 
punishment of such abetment, be punished with imprisonment of either description for a term which may 
extend to seven years, and shall also be liable to fine; and if any act for which the abettor is liable in 
consequence of the abetment, and which causes hurt to any person, is done, the abettor shall be liable to 
imprisonment of either description for a term which may extend to fourteen years, and shall also be liable 
A instigates B to murder Z. The offence is not committed. If B had murdered Z, he would have been 
subject to the punishment of death or imprisonment for life. Therefore, A is liable to imprisonment for a 
term which may extend to seven years and also to a fine; and if any hurt be done to Z in consequence of

the abetment, he will be liable to imprisonment for a term which may extend to fourteen years, and to"
BNS_2023_s56,BNS_2023,BNS_2023_CH_IV,56,Abetment of offence punishable with imprisonment,"Abetment of offence punishable with imprisonment.—Whoever abets an offence punishable 
with imprisonment shall, if that offence be not committed in consequence of the abetment, and no express 
provision is made under this Sanhita for the punishment of such abetment, be punished with 
imprisonment of any description provided for that offence for a term which may extend to one-fourth part 
of the longest term provided for that offence; or with such fine as is provided for that offence, or with 
both; and if the abettor or the person abetted is a public servant, whose duty it is to prevent the 
commission of such offence, the abettor shall be punished with imprisonment of any description provided 
for that offence, for a term which may extend to one-half of the longest term provided for that offence, or 
with such fine as is provided for the offence, or with both. 
(a) A instigates B to give false evidence. Here, if B does not give false evidence, A has nevertheless 
committed the offence defined in this section, and is punishable accordingly. 
(b) A, a police officer, whose duty it is to prevent robbery, abets the commission of robbery. Here, 
though the robbery be not committed, A is liable to one-half of the longest term of imprisonment 
provided for that offence, and also to fine. 
(c) B abets the commission of a robbery by A, a police officer, whose duty it is to prevent that 
offence. Here, though the robbery be not committed, B is liable to one-half of the longest term of 
imprisonment provided for the offence of robbery, and also to fine."
BNS_2023_s57,BNS_2023,BNS_2023_CH_IV,57,Abetting commission of offence by public or by more than ten persons,"Abetting commission of offence by public or by more than ten persons.—Whoever abets the 
commission of an offence by the public generally or by any number or class of persons exceeding ten, 
shall be punished with imprisonment of either description for a term which may extend to seven years 
and with fine. 
A affixes in a public place a placard instigating a sect consisting of more than ten members to meet at 
a certain time and place, for the purpose of attacking the members of an adverse sect, while engaged in a 
procession. A has committed the offence defined in this section."
BNS_2023_s58,BNS_2023,BNS_2023_CH_IV,58,Concealing design to commit offence punishable with death or imprisonment for life,"Concealing design to commit offence punishable with death or imprisonment for life.—
Whoever intending to facilitate or knowing it to be likely that he will thereby facilitate the commission of 
an offence punishable with death or imprisonment for life, voluntarily conceals by any act or omission, or 
by the use of encryption or any other information hiding tool, the existence of a design to commit such 
offence or makes any representation which he knows to be false respecting such design shall,— 
(a) if that offence be committed, be punished with imprisonment of either description for a term 
which may extend to seven years; or 
(b) if the offence be not committed, with imprisonment of either description, for a term which 
may extend to three years, 
A, knowing that dacoity is about to be committed at B, falsely informs the Magistrate that a dacoity is 
about to be committed at C, a place in an opposite direction, and thereby misleads the Magistrate with 
intent to facilitate the commission of the offence. The dacoity is committed at B in pursuance of the 
design. A is punishable under this section."
BNS_2023_s59,BNS_2023,BNS_2023_CH_IV,59,Public servant concealing design to commit offence which it is his duty to prevent,"Public servant concealing design to commit offence which it is his duty to prevent.—
Whoever, being a public servant, intending to facilitate or knowing it to be likely that he will thereby

facilitate the commission of an offence which it is his duty as such public servant to prevent, voluntarily 
conceals, by any act or omission or by the use of encryption or any other information hiding tool, the 
existence of a design to commit such offence, or makes any representation which he knows to be false 
respecting such design shall,— 
(a) if the offence be committed, be punished with imprisonment of any description provided for 
the offence, for a term which may extend to one-half of the longest term of such imprisonment, or 
with such fine as is provided for that offence, or with both; or 
(b) if the offence be punishable with death or imprisonment for life, with imprisonment of either 
description for a term which may extend to ten years; or 
(c) if the offence be not committed, shall be punished with imprisonment of any description 
provided for the offence for a term which may extend to one-fourth part of the longest term of such 
imprisonment or with such fine as is provided for the offence, or with both. 
A, an officer of police, being legally bound to give information of all designs to commit robbery 
which may come to his knowledge, and knowing that B designs to commit robbery, omits to give such 
information, with intent to so facilitate the commission of that offence. 
Here A has by an illegal omission concealed the existence of B’s design, and is liable to punishment 
according to the provision of this section."
BNS_2023_s60,BNS_2023,BNS_2023_CH_IV,60,Concealing design to commit offence punishable with imprisonment,"Concealing design to commit offence punishable with imprisonment.—Whoever, intending to 
facilitate or knowing it to be likely that he will thereby facilitate the commission of an offence punishable 
with imprisonment, voluntarily conceals, by any act or illegal omission, the existence of a design to 
commit such offence, or makes any representation which he knows to be false respecting such design 
shall,— 
(a) if the offence be committed, be punished with imprisonment of the description provided for 
the offence, for a term which may extend to one-fourth; and 
(b) if the offence be not committed, to one-eighth, 
of the longest term of such imprisonment, or with such fine as is provided for the offence, or with both. 
Of criminal conspiracy"
BNS_2023_s61,BNS_2023,BNS_2023_CH_IV,61,Criminal conspiracy,"Criminal conspiracy.—(1) When two or more persons agree with the common object to do, or 
cause to be done— 
(a) an illegal act; or 
(b) an act which is not illegal by illegal means, such an agreement is designated a criminal 
conspiracy: 
Provided that no agreement except an agreement to commit an offence shall amount to a criminal 
conspiracy unless some act besides the agreement is done by one or more parties to such agreement in 
pursuance thereof. 
Explanation.—It is immaterial whether the illegal act is the ultimate object of such agreement, or is 
merely incidental to that object. 
(2) Whoever is a party to a criminal conspiracy,— 
(a) to commit an offence punishable with death, imprisonment for life or rigorous imprisonment 
for a term of two years or upwards, shall, where no express provision is made in this Sanhita for the 
punishment of such a conspiracy, be punished in the same manner as if he had abetted such offence; 
(b) other than a criminal conspiracy to commit an offence punishable as aforesaid shall be 
punished with imprisonment of either description for a term not exceeding six months, or with fine or

Of attempt"
BNS_2023_s62,BNS_2023,BNS_2023_CH_IV,62,Punishment for attempting to commit offences punishable with imprisonment for life or,"Punishment for attempting to commit offences punishable with imprisonment for life or 
other imprisonment.—Whoever attempts to commit an offence punishable by this Sanhita with 
imprisonment for life or imprisonment, or to cause such an offence to be committed, and in such attempt 
does any act towards the commission of the offence, shall, where no express provision is made by this 
Sanhita for the punishment of such attempt, be punished with imprisonment of any description provided 
for the offence, for a term which may extend to one-half of the imprisonment for life or, as the case may 
be, one-half of the longest term of imprisonment provided for that offence, or with such fine as is 
provided for the offence, or with both. 
(a) A makes an attempt to steal some jewels by breaking open a box, and finds after so opening the 
box, that there is no jewel in it. He has done an act towards the commission of theft, and therefore is 
guilty under this section. 
(b) A makes an attempt to pick the pocket of Z by thrusting his hand into Z’s pocket. A fails in the 
attempt in consequence of Z’s having nothing in his pocket. A is guilty under this section. 
CHAPTER V 
OF OFFENCES AGAINST WOMAN AND CHILD 
Of sexual offences"
BNS_2023_s63,BNS_2023,BNS_2023_CH_V,63,Rape,"Rape.—A man is said to commit “rape” if he— 
(a) penetrates his penis, to any extent, into the vagina, mouth, urethra or anus of a woman or 
makes her to do so with him or any other person; or 
(b) inserts, to any extent, any object or a part of the body, not being the penis, into the vagina, the 
urethra or anus of a woman or makes her to do so with him or any other person; or 
(c) manipulates any part of the body of a woman so as to cause penetration into the vagina, 
urethra, anus or any part of body of such woman or makes her to do so with him or any other person; 
(d) applies his mouth to the vagina, anus, urethra of a woman or makes her to do so with him or 
any other person, 
under the circumstances falling under any of the following seven descriptions:— 
(i) against her will; 
(ii) without her consent; 
(iii) with her consent, when her consent has been obtained by putting her or any person in whom 
she is interested, in fear of death or of hurt; 
(iv) with her consent, when the man knows that he is not her husband and that her consent is 
given because she believes that he is another man to whom she is or believes herself to be lawfully 
married; 
(v) with her consent when, at the time of giving such consent, by reason of unsoundness of mind 
or intoxication or the administration by him personally or through another of any stupefying or 
unwholesome substance, she is unable to understand the nature and consequences of that to which 
she gives consent; 
(vi) with or without her consent, when she is under eighteen years of age; 
(vii) when she is unable to communicate consent. 
Explanation 1.—For the purposes of this section, “vagina” shall also include labia majora.

(b) “hospital” means the precincts of the hospital and includes the precincts of any institution for 
the reception and treatment of persons during convalescence or of persons requiring medical attention 
or rehabilitation; 
(c) “police officer” shall have the same meaning as assigned to the expression “police” under the 
Police Act, 1861 (5 of 1861); 
(d) “women’s or children’s institution” means an institution, whether called an orphanage or a 
home for neglected women or children or a widow’s home or an institution called by any other name, 
which is established and maintained for the reception and care of women or children."
BNS_2023_s65,BNS_2023,BNS_2023_CH_V,65,Punishment for rape in certain cases,"Punishment for rape in certain cases.—(1) Whoever, commits rape on a woman under sixteen 
years of age shall be punished with rigorous imprisonment for a term which shall not be less than twenty 
years, but which may extend to imprisonment for life, which shall mean imprisonment for the remainder 
of that person’s natural life, and shall also be liable to fine: 
(2) Whoever, commits rape on a woman under twelve years of age shall be punished with rigorous 
imprisonment for a term which shall not be less than twenty years, but which may extend to 
imprisonment for life, which shall mean imprisonment for the remainder of that person’s natural life, and 
with fine or with death:"
BNS_2023_s66,BNS_2023,BNS_2023_CH_V,66,Punishment for causing death or resulting in persistent vegetative state of victim,"Punishment for causing death or resulting in persistent vegetative state of victim.—
Whoever, commits an offence punishable under sub-section (1) or sub-section (2) of section 64 and in the 
course of such commission inflicts an injury which causes the death of the woman or causes the woman 
to be in a persistent vegetative state, shall be punished with rigorous imprisonment for a term which shall 
not be less than twenty years, but which may extend to imprisonment for life, which shall mean 
imprisonment for the remainder of that person’s natural life, or with death."
BNS_2023_s67,BNS_2023,BNS_2023_CH_V,67,Sexual intercourse by husband upon his wife during separation,"Sexual intercourse by husband upon his wife during separation.—Whoever has sexual 
intercourse with his own wife, who is living separately, whether under a decree of separation or 
otherwise, without her consent, shall be punished with imprisonment of either description for a term 
which shall not be less than two years but which may extend to seven years, and shall also be liable to 
Explanation.—In this section, “sexual intercourse” shall mean any of the acts mentioned in 
clauses (a) to (d) of section 63."
BNS_2023_s68,BNS_2023,BNS_2023_CH_V,68,Sexual intercourse by a person in authority,"Sexual intercourse by a person in authority.—Whoever, being— 
(a) in a position of authority or in a fiduciary relationship; or 
(b) a public servant; or 
(c) superintendent or manager of a jail, remand home or other place of custody established by or 
under any law for the time being in force, or a women’s or children’s institution; or 
(d) on the management of a hospital or being on the staff of a hospital, 
abuses such position or fiduciary relationship to induce or seduce any woman either in his custody or 
under his charge or present in the premises to have sexual intercourse with him, such sexual intercourse 
not amounting to the offence of rape, shall be punished with rigorous imprisonment of either description 
for a term which shall not be less than five years, but which may extend to ten years, and shall also be 
liable to fine.

(b) by, or with the authorisation in writing of, the victim; or 
(c) where the victim is dead or a child or of unsound mind, by, or with the authorisation in 
writing of, the next of kin of the victim: 
Provided that no such authorisation shall be given by the next of kin to anybody other than the 
chairman or the secretary, by whatever name called, of any recognised welfare institution or organisation. 
Explanation.—For the purposes of this sub-section, “recognised welfare institution or organisation” 
means a social welfare institution or organisation recognised in this behalf by the Central Government or 
the State Government."
BNS_2023_s73,BNS_2023,BNS_2023_CH_V,73,Printing or publishing any matter relating to Court proceedings without permission,"Printing or publishing any matter relating to Court proceedings without permission.—
Whoever prints or publishes any matter in relation to any proceeding before a Court with respect to an 
offence referred to in section 72 without the previous permission of such Court shall be punished with 
imprisonment of either description for a term which may extend to two years and shall also be liable to 
Explanation.—The printing or publication of the judgment of any High Court or the Supreme Court 
does not amount to an offence within the meaning of this section. 
Of criminal force and assault against woman"
BNS_2023_s74,BNS_2023,BNS_2023_CH_V,74,Assault or use of criminal force to woman with intent to outrage her modesty,"Assault or use of criminal force to woman with intent to outrage her modesty.—Whoever 
assaults or uses criminal force to any woman, intending to outrage or knowing it to be likely that he will 
thereby outrage her modesty, shall be punished with imprisonment of either description for a term which 
shall not be less than one year but which may extend to five years, and shall also be liable to fine."
BNS_2023_s75,BNS_2023,BNS_2023_CH_V,75,Sexual harassment,"Sexual harassment.—(1) A man committing any of the following acts:— 
(i) physical contact and advances involving unwelcome and explicit sexual overtures; or 
(ii) a demand or request for sexual favours; or 
(iii) showing pornography against the will of a woman; or 
(iv) making sexually coloured remarks, 
shall be guilty of the offence of sexual harassment. 
(2) Any man who commits the offence specified in clause (i) or clause (ii) or clause (iii) of 
sub-section (1) shall be punished with rigorous imprisonment for a term which may extend to three years, 
or with fine, or with both. 
(3) Any man who commits the offence specified in clause (iv) of sub-section (1) shall be punished 
with imprisonment of either description for a term which may extend to one year, or with fine, or with"
BNS_2023_s76,BNS_2023,BNS_2023_CH_V,76,Assault or use of criminal force to woman with intent to disrobe,"Assault or use of criminal force to woman with intent to disrobe.—Whoever assaults or uses 
criminal force to any woman or abets such act with the intention of disrobing or compelling her to be 
naked, shall be punished with imprisonment of either description for a term which shall not be less than 
three years but which may extend to seven years, and shall also be liable to fine."
BNS_2023_s77,BNS_2023,BNS_2023_CH_V,77,Voyeurism,"Voyeurism.—Whoever watches, or captures the image of a woman engaging in a private act in 
circumstances where she would usually have the expectation of not being observed either by the 
perpetrator or by any other person at the behest of the perpetrator or disseminates such image shall be 
punished on first conviction with imprisonment of either description for a term which shall not be less 
than one year, but which may extend to three years, and shall also be liable to fine, and be punished on a 
second or subsequent conviction, with imprisonment of either description for a term which shall not be 
less than three years, but which may extend to seven years, and shall also be liable to fine. 
Explanation 1.—For the purposes of this section, “private act” includes an act of watching carried out 
in a place which, in the circumstances, would reasonably be expected to provide privacy and where the

victim’s genitals, posterior or breasts are exposed or covered only in underwear; or the victim is using a 
lavatory; or the victim is doing a sexual act that is not of a kind ordinarily done in public. 
Explanation 2.—Where the victim consents to the capture of the images or any act, but not to their 
dissemination to third persons and where such image or act is disseminated, such dissemination shall be 
considered an offence under this section."
BNS_2023_s78,BNS_2023,BNS_2023_CH_V,78,Stalking,"Stalking.—(1) Any man who— 
(i) follows a woman and contacts, or attempts to contact such woman to foster personal 
interaction repeatedly despite a clear indication of disinterest by such woman; or 
(ii) monitors the use by a woman of the internet, e-mail or any other form of electronic 
communication, 
commits the offence of stalking: 
Provided that such conduct shall not amount to stalking if the man who pursued it proves that— 
(i) it was pursued for the purpose of preventing or detecting crime and the man accused of 
stalking had been entrusted with the responsibility of prevention and detection of crime by the State; 
(ii) it was pursued under any law or to comply with any condition or requirement imposed by any 
person under any law; or 
(iii) in the particular circumstances such conduct was reasonable and justified. 
(2) Whoever commits the offence of stalking shall be punished on first conviction with imprisonment 
of either description for a term which may extend to three years, and shall also be liable to fine; and be 
punished on a second or subsequent conviction, with imprisonment of either description for a term which 
may extend to five years, and shall also be liable to fine."
BNS_2023_s79,BNS_2023,BNS_2023_CH_V,79,"Word, gesture or act intended to insult modesty of a woman","Word, gesture or act intended to insult modesty of a woman.—Whoever, intending to insult 
the modesty of any woman, utters any words, makes any sound or gesture, or exhibits any object in any 
form, intending that such word or sound shall be heard, or that such gesture or object shall be seen, by 
such woman, or intrudes upon the privacy of such woman, shall be punished with simple imprisonment 
for a term which may extend to three years, and also with fine. 
Of offences relating to marriage"
BNS_2023_s80,BNS_2023,BNS_2023_CH_V,80,Dowry death,"Dowry death.—(1) Where the death of a woman is caused by any burns or bodily injury or 
occurs otherwise than under normal circumstances within seven years of her marriage and it is shown that 
soon before her death she was subjected to cruelty or harassment by her husband or any relative of her 
husband for, or in connection with, any demand for dowry, such death shall be called “dowry death”, and 
such husband or relative shall be deemed to have caused her death. 
Explanation.—For the purposes of this sub-section, “dowry” shall have the same meaning as in 
section 2 of the Dowry Prohibition Act, 1961 (28 of 1961). 
(2) Whoever commits dowry death shall be punished with imprisonment for a term which shall not be 
less than seven years but which may extend to imprisonment for life."
BNS_2023_s81,BNS_2023,BNS_2023_CH_V,81,Cohabitation caused by man deceitfully inducing belief of lawful marriage,"Cohabitation caused by man deceitfully inducing belief of lawful marriage.—Every man who 
by deceit causes any woman who is not lawfully married to him to believe that she is lawfully married to 
him and to cohabit or have sexual intercourse with him in that belief, shall be punished with"
BNS_2023_s82,BNS_2023,BNS_2023_CH_V,82,Marrying again during lifetime of husband or wife,"Marrying again during lifetime of husband or wife.—(1) Whoever, having a husband or wife 
living, marries in any case in which such marriage is void by reason of its taking place during the life of 
such husband or wife, shall be punished with imprisonment of either description for a term which may

Exception.—This sub-section does not extend to any person whose marriage with such husband or 
wife has been declared void by a Court of competent jurisdiction, nor to any person who contracts a 
marriage during the life of a former husband or wife, if such husband or wife, at the time of the 
subsequent marriage, shall have been continually absent from such person for the space of seven years, 
and shall not have been heard of by such person as being alive within that time provided the person 
contracting such subsequent marriage shall, before such marriage takes place, inform the person with 
whom such marriage is contracted of the real state of facts so far as the same are within his or her 
knowledge. 
(2) Whoever commits the offence under sub-section (1) having concealed from the person with 
whom the subsequent marriage is contracted, the fact of the former marriage, shall be punished with"
BNS_2023_s83,BNS_2023,BNS_2023_CH_V,83,Marriage ceremony fraudulently gone through without lawful marriage,"Marriage ceremony fraudulently gone through without lawful marriage.—Whoever, 
dishonestly or with a fraudulent intention, goes through the ceremony of being married, knowing that he 
is not thereby lawfully married, shall be punished with imprisonment of either description for a term"
BNS_2023_s84,BNS_2023,BNS_2023_CH_V,84,Enticing or taking away or detaining with criminal intent a married woman,"Enticing or taking away or detaining with criminal intent a married woman.—Whoever 
takes or entices away any woman who is and whom he knows or has reason to believe to be the wife of 
any other man, with intent that she may have illicit intercourse with any person, or conceals or detains 
with that intent any such woman, shall be punished with imprisonment of either description for a term"
BNS_2023_s85,BNS_2023,BNS_2023_CH_V,85,Husband or relative of husband of a woman subjecting her to cruelty,"Husband or relative of husband of a woman subjecting her to cruelty.—Whoever, being the 
husband or the relative of the husband of a woman, subjects such woman to cruelty shall be punished 
with imprisonment for a term which may extend to three years and shall also be liable to fine."
BNS_2023_s86,BNS_2023,BNS_2023_CH_V,86,Cruelty defined,"Cruelty defined.—For the purposes of section 85, “cruelty” means— 
(a) any wilful conduct which is of such a nature as is likely to drive the woman to commit suicide 
or to cause grave injury or danger to life, limb or health (whether mental or physical) of the woman; 
(b) harassment of the woman where such harassment is with a view to coercing her or any person 
related to her to meet any unlawful demand for any property or valuable security or is on account of 
failure by her or any person related to her to meet such demand. 
 87. Kidnapping, abducting or inducing woman to compel her marriage, etc.—Whoever kidnaps 
or abducts any woman with intent that she may be compelled, or knowing it to be likely that she will be 
compelled, to marry any person against her will, or in order that she may be forced or seduced to illicit 
intercourse, or knowing it to be likely that she will be forced or seduced to illicit intercourse, shall be 
be liable to fine; and whoever, by means of criminal intimidation as defined in this Sanhita or of abuse of 
authority or any other method of compulsion, induces any woman to go from any place with intent that 
she may be, or knowing that it is likely that she will be, forced or seduced to illicit intercourse with 
another person shall also be punishable as aforesaid. 
Of causing miscarriage, etc."
BNS_2023_s88,BNS_2023,BNS_2023_CH_V,88,Causing miscarriage,"Causing miscarriage.—Whoever voluntarily causes a woman with child to miscarry, shall, if 
such miscarriage be not caused in good faith for the purpose of saving the life of the woman, be punished 
with imprisonment of either description for a term which may extend to three years, or with fine, or with 
both; and, if the woman be quick with child, shall be punished with imprisonment of either description 
for a term which may extend to seven years, and shall also be liable to fine. 
Explanation.—A woman who causes herself to miscarry, is within the meaning of this section."
BNS_2023_s89,BNS_2023,BNS_2023_CH_V,89,Causing miscarriage without woman’s consent,"Causing miscarriage without woman’s consent.—Whoever commits the offence under 
section 88 without the consent of the woman, whether the woman is quick with child or not, shall be

punished with imprisonment for life, or with imprisonment of either description for a term which may 
extend to ten years, and shall also be liable to fine."
BNS_2023_s90,BNS_2023,BNS_2023_CH_V,90,Death caused by act done with intent to cause miscarriage,"Death caused by act done with intent to cause miscarriage.—(1) Whoever, with intent to 
cause the miscarriage of a woman with child, does any act which causes the death of such woman, shall 
be punished with imprisonment of either description for a term which may extend to ten years, and shall 
(2) Where the act referred to in sub-section (1) is done without the consent of the woman, shall be 
punishable either with imprisonment for life, or with the punishment specified in said sub-section. 
Explanation.—It is not essential to this offence that the offender should know that the act is likely to 
cause death."
BNS_2023_s91,BNS_2023,BNS_2023_CH_V,91,Act done with intent to prevent child being born alive or to cause to die after birth,"Act done with intent to prevent child being born alive or to cause to die after birth.—
Whoever before the birth of any child does any act with the intention of thereby preventing that child 
from being born alive or causing it to die after its birth, and does by such act prevent that child from 
being born alive, or causes it to die after its birth, shall, if such act be not caused in good faith for the 
purpose of saving the life of the mother, be punished with imprisonment of either description for a term 
which may extend to ten years, or with fine, or with both."
BNS_2023_s92,BNS_2023,BNS_2023_CH_V,92,Causing death of quick unborn child by act amounting to culpable homicide,"Causing death of quick unborn child by act amounting to culpable homicide.—Whoever 
does any act under such circumstances, that if he thereby caused death he would be guilty of culpable 
homicide, and does by such act cause the death of a quick unborn child, shall be punished with 
A, knowing that he is likely to cause the death of a pregnant woman, does an act which, if it caused 
the death of the woman, would amount to culpable homicide. The woman is injured, but does not die; but 
the death of an unborn quick child with which she is pregnant is thereby caused. A is guilty of the offence 
defined in this section. 
Of offences against child"
BNS_2023_s93,BNS_2023,BNS_2023_CH_V,93,"Exposure and abandonment of child under twelve years of age, by parent or person having","Exposure and abandonment of child under twelve years of age, by parent or person having 
care of it.—Whoever being the father or mother of a child under the age of twelve years, or having the 
care of such child, shall expose or leave such child in any place with the intention of wholly abandoning 
such child, shall be punished with imprisonment of either description for a term which may extend to 
seven years, or with fine, or with both. 
Explanation.—This section is not intended to prevent the trial of the offender for murder or culpable 
homicide, as the case may be, if the child die in consequence of the exposure."
BNS_2023_s94,BNS_2023,BNS_2023_CH_V,94,Concealment of birth by secret disposal of dead body,"Concealment of birth by secret disposal of dead body.—Whoever, by secretly burying or 
otherwise disposing of the dead body of a child whether such child die before or after or during its birth, 
intentionally conceals or endeavours to conceal the birth of such child, shall be punished with"
BNS_2023_s95,BNS_2023,BNS_2023_CH_V,95,"Hiring, employing or engaging a child to commit an offence","Hiring, employing or engaging a child to commit an offence.—Whoever hires, employs or 
engages any child to commit an offence shall be punished with imprisonment of either description which 
shall not be less than three years but which may extend to ten years, and with fine; and if the offence be 
committed shall also be punished with the punishment provided for that offence as if the offence has been 
committed by such person himself. 
Explanation.—Hiring, employing, engaging or using a child for sexual exploitation or pornography is 
covered within the meaning of this section."
BNS_2023_s96,BNS_2023,BNS_2023_CH_V,96,Procuration of child,"Procuration of child.—Whoever, by any means whatsoever, induces any child to go from any 
place or to do any act with intent that such child may be, or knowing that it is likely that such child will

be, forced or seduced to illicit intercourse with another person shall be punishable with imprisonment 
which may extend to ten years, and shall also be liable to fine."
BNS_2023_s97,BNS_2023,BNS_2023_CH_V,97,Kidnapping or abducting child under ten years of age with intent to steal from its person,"Kidnapping or abducting child under ten years of age with intent to steal from its person.—
Whoever kidnaps or abducts any child under the age of ten years with the intention of taking dishonestly 
any movable property from the person of such child, shall be punished with imprisonment of either"
BNS_2023_s98,BNS_2023,BNS_2023_CH_V,98,"Selling child for purposes of prostitution, etc","Selling child for purposes of prostitution, etc.—Whoever sells, lets to hire, or otherwise 
disposes of any child with intent that such child shall at any age be employed or used for the purpose of 
prostitution or illicit intercourse with any person or for any unlawful and immoral purpose, or knowing it 
to be likely that such child will at any age be employed or used for any such purpose, shall be punished 
Explanation 1.—When a female under the age of eighteen years is sold, let for hire, or otherwise 
disposed of to a prostitute or to any person who keeps or manages a brothel, the person so disposing of 
such female shall, until the contrary is proved, be presumed to have disposed of her with the intent that 
she shall be used for the purpose of prostitution. 
Explanation 2.—For the purposes of this section “illicit intercourse” means sexual intercourse 
between persons not united by marriage or by any union or tie which, though not amounting to a 
marriage, is recognised by the personal law or custom of the community to which they belong or, where 
they belong to different communities, of both such communities, as constituting between them a 
quasi-marital relation."
BNS_2023_s99,BNS_2023,BNS_2023_CH_V,99,"Buying child for purposes of prostitution, etc","Buying child for purposes of prostitution, etc.—Whoever buys, hires or otherwise obtains 
possession of any child with intent that such child shall at any age be employed or used for the purpose of 
prostitution or illicit intercourse with any person or for any unlawful and immoral purpose, or knowing it 
to be likely that such child will at any age be employed or used for any such purpose, shall be punished 
with imprisonment of either description for a term which shall not be less than seven years but which 
may extend to fourteen years, and shall also be liable to fine. 
Explanation 1.—Any prostitute or any person keeping or managing a brothel, who buys, hires or 
otherwise obtains possession of a female under the age of eighteen years shall, until the contrary is 
proved, be presumed to have obtained possession of such female with the intent that she shall be used for 
the purpose of prostitution. 
Explanation 2.— “Illicit intercourse” has the same meaning as in section 98. 
CHAPTER VI 
OF OFFENCES AFFECTING THE HUMAN BODY 
Of offences affecting life"
BNS_2023_s100,BNS_2023,BNS_2023_CH_VI,100,Culpable homicide,"Culpable homicide.—Whoever causes death by doing an act with the intention of causing 
death, or with the intention of causing such bodily injury as is likely to cause death, or with the 
knowledge that he is likely by such act to cause death, commits the offence of culpable homicide. 
(a) A lays sticks and turf over a pit, with the intention of thereby causing death, or with the 
knowledge that death is likely to be thereby caused. Z, believing the ground to be firm, treads on it, falls 
in and is killed. A has committed the offence of culpable homicide. 
(b) A knows Z to be behind a bush. B does not know it. A, intending to cause, or knowing it to be 
likely to cause Z’s death, induces B to fire at the bush. B fires and kills Z. Here B may be guilty of no 
offence; but A has committed the offence of culpable homicide. 
(c) A, by shooting at a fowl with intent to kill and steal it, kills B, who is behind a bush; A not 
knowing that he was there. Here, although A was doing an unlawful act, he was not guilty of culpable

homicide, as he did not intend to kill B, or to cause death by doing an act that he knew was likely to cause 
death. 
Explanation 1.—A person who causes bodily injury to another who is labouring under a disorder, 
disease or bodily infirmity, and thereby accelerates the death of that other, shall be deemed to have 
caused his death. 
Explanation 2.—Where death is caused by bodily injury, the person who causes such bodily injury 
shall be deemed to have caused the death, although by resorting to proper remedies and skilful treatment 
the death might have been prevented. 
Explanation 3.—The causing of the death of a child in the mother’s womb is not homicide. But it 
may amount to culpable homicide to cause the death of a living child, if any part of that child has been 
brought forth, though the child may not have breathed or been completely born."
BNS_2023_s101,BNS_2023,BNS_2023_CH_VI,101,Murder,"Murder.—Except in the cases hereinafter excepted, culpable homicide is murder,— 
(a) if the act by which the death is caused is done with the intention of causing death; or 
(b) if the act by which the death is caused is done with the intention of causing such bodily injury 
as the offender knows to be likely to cause the death of the person to whom the harm is caused; or 
(c) if the act by which the death is caused is done with the intention of causing bodily injury to 
any person and the bodily injury intended to be inflicted is sufficient in the ordinary course of nature 
to cause death; or 
(d) if the person committing the act by which the death is caused, knows that it is so imminently 
dangerous that it must, in all probability, cause death, or such bodily injury as is likely to cause death, 
and commits such act without any excuse for incurring the risk of causing death or such injury as 
aforesaid. 
(a) A shoots Z with the intention of killing him. Z dies in consequence. A commits murder. 
(b) A, knowing that Z is labouring under such a disease that a blow is likely to cause his death, strikes 
him with the intention of causing bodily injury. Z dies in consequence of the blow. A is guilty of murder, 
although the blow might not have been sufficient in the ordinary course of nature to cause the death of a 
person in a sound state of health. But if A, not knowing that Z is labouring under any disease, gives him 
such a blow as would not in the ordinary course of nature kill a person in a sound state of health, here A, 
although he may intend to cause bodily injury, is not guilty of murder, if he did not intend to cause death, 
or such bodily injury as in the ordinary course of nature would cause death. 
(c) A intentionally gives Z a sword-cut or club-wound sufficient to cause the death of a man in the 
ordinary course of nature. Z dies in consequence. Here A is guilty of murder, although he may not have 
intended to cause Z’s death. 
(d) A without any excuse fires a loaded cannon into a crowd of persons and kills one of them. A is 
guilty of murder, although he may not have had a premeditated design to kill any particular individual. 
Exception 1.—Culpable homicide is not murder if the offender, whilst deprived of the power of 
self-control by grave and sudden provocation, causes the death of the person who gave the provocation or 
causes the death of any other person by mistake or accident: 
Provided that the provocation is not,— 
(a) sought or voluntarily provoked by the offender as an excuse for killing or doing harm to any 
person; 
(b) given by anything done in obedience to the law, or by a public servant in the lawful exercise 
of the powers of such public servant; 
(c) given by anything done in the lawful exercise of the right of private defence.

Explanation.—Whether the provocation was grave and sudden enough to prevent the offence from 
amounting to murder is a question of fact. 
(a) A, under the influence of passion excited by a provocation given by Z, intentionally kills Y, 
Z’s child. This is murder, in as much as the provocation was not given by the child, and the death of 
the child was not caused by accident or misfortune in doing an act caused by the provocation. 
(b) Y gives grave and sudden provocation to A. A, on this provocation, fires a pistol at Y, neither 
intending nor knowing himself to be likely to kill Z, who is near him, but out of sight. A kills Z. Here 
A has not committed murder, but merely culpable homicide. 
(c) A is lawfully arrested by Z, a bailiff. A is excited to sudden and violent passion by the arrest, 
and kills Z. This is murder, in as much as the provocation was given by a thing done by a public 
servant in the exercise of his powers. 
(d) A appears as a witness before Z, a Magistrate. Z says that he does not believe a word of A’s 
deposition, and that A has perjured himself. A is moved to sudden passion by these words, and kills Z. 
This is murder. 
(e) A attempts to pull Z’s nose. Z, in the exercise of the right of private defence, lays hold of A to 
prevent him from doing so. A is moved to sudden and violent passion in consequence, and kills Z. 
This is murder, in as much as the provocation was giving by a thing done in the exercise of the right of 
private defence. 
(f) Z strikes B. B is by this provocation excited to violent rage. A, a bystander, intending to take 
advantage of B’s rage, and to cause him to kill Z, puts a knife into B’s hand for that purpose. B kills Z 
with the knife. Here B may have committed only culpable homicide, but A is guilty of murder. 
Exception 2.—Culpable homicide is not murder if the offender in the exercise in good faith of the 
right of private defence of person or property, exceeds the power given to him by law and causes the 
death of the person against whom he is exercising such right of defence without premeditation, and 
without any intention of doing more harm than is necessary for the purpose of such defence. 
Z attempts to horsewhip A, not in such a manner as to cause grievous hurt to A. A draws out a pistol. 
Z persists in the assault. A believing in good faith that he can by no other means prevent himself from 
being horsewhipped, shoots Z dead. A has not committed murder, but only culpable homicide. 
Exception 3.—Culpable homicide is not murder if the offender, being a public servant or aiding a 
public servant acting for the advancement of public justice, exceeds the powers given to him by law, and 
causes death by doing an act which he, in good faith, believes to be lawful and necessary for the due 
discharge of his duty as such public servant and without ill-will towards the person whose death is 
caused. 
Exception 4.—Culpable homicide is not murder if it is committed without premeditation in a sudden 
fight in the heat of passion upon a sudden quarrel and without the offender’s having taken undue 
advantage or acted in a cruel or unusual manner. 
Explanation.—It is immaterial in such cases which party offers the provocation or commits the first 
assault. 
Exception 5.—Culpable homicide is not murder when the person whose death is caused, being above 
the age of eighteen years, suffers death or takes the risk of death with his own consent. 
A, by instigation, voluntarily causes Z, a child to commit suicide. Here, on account of Z’s youth, he 
was incapable of giving consent to his own death; A has therefore abetted murder."
BNS_2023_s102,BNS_2023,BNS_2023_CH_VI,102,Culpable homicide by causing death of person other than person whose death was,"Culpable homicide by causing death of person other than person whose death was 
intended.—If a person, by doing anything which he intends or knows to be likely to cause death,

commits culpable homicide by causing the death of any person, whose death he neither intends nor 
knows himself to be likely to cause, the culpable homicide committed by the offender is of the 
description of which it would have been if he had caused the death of the person whose death he intended 
or knew himself to be likely to cause."
BNS_2023_s103,BNS_2023,BNS_2023_CH_VI,103,Punishment for murder,"Punishment for murder.—(1) Whoever commits murder shall be punished with death or 
(2) When a group of five or more persons acting in concert commits murder on the ground of race, 
caste or community, sex, place of birth, language, personal belief or any other similar ground each 
member of such group shall be punished with death or with imprisonment for life, and shall also be liable"
BNS_2023_s104,BNS_2023,BNS_2023_CH_VI,104,Punishment for murder by life-convict,"Punishment for murder by life-convict.—Whoever, being under sentence of imprisonment for 
life, commits murder, shall be punished with death or with imprisonment for life, which shall mean the 
remainder of that person’s natural life."
BNS_2023_s105,BNS_2023,BNS_2023_CH_VI,105,Punishment for culpable homicide not amounting to murder,"Punishment for culpable homicide not amounting to murder.—Whoever commits culpable 
homicide not amounting to murder, shall be punished with imprisonment for life, or imprisonment of 
either description for a term which shall not be less than five years but which may extend to ten years, 
and shall also be liable to fine, if the act by which the death is caused is done with the intention of 
causing death, or of causing such bodily injury as is likely to cause death; or with imprisonment of either 
description for a term which may extend to ten years and with fine, if the act is done with the knowledge 
that it is likely to cause death, but without any intention to cause death, or to cause such bodily injury as 
is likely to cause death."
BNS_2023_s106,BNS_2023,BNS_2023_CH_VI,106,Causing death by negligence,"Causing death by negligence.—(1) Whoever causes death of any person by doing any rash or 
negligent act not amounting to culpable homicide, shall be punished with imprisonment of either 
description for a term which may extend to five years, and shall also be liable to fine; and if such act is 
done by a registered medical practitioner while performing medical procedure, he shall be punished with 
imprisonment of either description for a term which may extend to two years, and shall also be liable to 
Explanation.—For the purposes of this sub-section, “registered medical practitioner” means a 
medical practitioner who possesses any medical qualification recognised under the National Medical 
Commission Act, 2019 (30 of 2019) and whose name has been entered in the National Medical Register 
or a State Medical Register under that Act. 
(2) Whoever causes death of any person by rash and negligent driving of vehicle not amounting to 
culpable homicide, and escapes without reporting it to a police officer or a Magistrate soon after the 
incident, shall be punished with imprisonment of either description of a term which may extend to ten"
BNS_2023_s107,BNS_2023,BNS_2023_CH_VI,107,Abetment of suicide of child or person of unsound mind,"Abetment of suicide of child or person of unsound mind.—If any child, any person of 
unsound mind, any delirious person or any person in a state of intoxication, commits suicide, whoever 
abets the commission of such suicide, shall be punished with death or imprisonment for life, or 
imprisonment for a term not exceeding ten years, and shall also be liable to fine."
BNS_2023_s108,BNS_2023,BNS_2023_CH_VI,108,Abetment of suicide,"Abetment of suicide.—If any person commits suicide, whoever abets the commission of such 
suicide, shall be punished with imprisonment of either description for a term which may extend to ten"
BNS_2023_s109,BNS_2023,BNS_2023_CH_VI,109,Attempt to murder,"Attempt to murder.—(1) Whoever does any act with such intention or knowledge, and under 
such circumstances that, if he by that act caused death, he would be guilty of murder, shall be punished 
to fine; and if hurt is caused to any person by such act, the offender shall be liable either to imprisonment 
for life, or to such punishment as is hereinbefore mentioned.

(2) When any person offending under sub-section (1) is under sentence of imprisonment for life, he 
may, if hurt is caused, be punished with death or with imprisonment for life, which shall mean the 
remainder of that person’s natural life. 
(a) A shoots at Z with intention to kill him, under such circumstances that, if death ensued, A would 
be guilty of murder. A is liable to punishment under this section. 
(b) A, with the intention of causing the death of a child of tender years, exposes it in a desert place. A 
has committed the offence defined by this section, though the death of the child does not ensue. 
(c) A, intending to murder Z, buys a gun and loads it. A has not yet committed the offence. A fires 
the gun at Z. He has committed the offence defined in this section, and, if by such firing he wounds Z, he 
is liable to the punishment provided by the latter part of sub-section (1). 
(d) A, intending to murder Z by poison, purchases poison and mixes the same with food which 
remains in A’s keeping; A has not yet committed the offence defined in this section. A places the food on 
Z’s table or delivers it to Z’s servants to place it on Z’s table. A has committed the offence defined in this"
BNS_2023_s110,BNS_2023,BNS_2023_CH_VI,110,Attempt to commit culpable homicide,"Attempt to commit culpable homicide.—Whoever does any act with such intention or 
knowledge and under such circumstances that, if he by that act caused death, he would be guilty of 
culpable homicide not amounting to murder, shall be punished with imprisonment of either description 
for a term which may extend to three years, or with fine, or with both; and, if hurt is caused to any person 
by such act, shall be punished with imprisonment of either description for a term which may extend to 
seven years, or with fine, or with both. 
Illustration 
A, on grave and sudden provocation, fires a pistol at Z, under such circumstances that if he thereby 
caused death, he would be guilty of culpable homicide not amounting to murder. A has committed the 
offence defined in this section."
BNS_2023_s111,BNS_2023,BNS_2023_CH_VI,111,Organised crime,"Organised crime.—(1) Any continuing unlawful activity including kidnapping, robbery, 
vehicle theft, extortion, land grabbing, contract killing, economic offence, cyber-crimes, trafficking of 
persons, drugs, weapons or illicit goods or services, human trafficking for prostitution or ransom, by any 
person or a group of persons acting in concert, singly or jointly, either as a member of an organised crime 
syndicate or on behalf of such syndicate, by use of violence, threat of violence, intimidation, coercion, or 
by any other unlawful means to obtain direct or indirect material benefit including a financial benefit, 
shall constitute organised crime. 
Explanation.—For the purposes of this sub-section,— 
(i) “organised crime syndicate” means a group of two or more persons who, acting either singly 
or jointly, as a syndicate or gang indulge in any continuing unlawful activity; 
(ii) “continuing unlawful activity” means an activity prohibited by law which is a cognizable 
offence punishable with imprisonment of three years or more, undertaken by any person, either singly 
or jointly, as a member of an organised crime syndicate or on behalf of such syndicate in respect of 
which more than one charge-sheets have been filed before a competent Court within the preceding 
period of ten years and that Court has taken cognizance of such offence, and includes economic 
offence; 
(iii) “economic offence” includes criminal breach of trust, forgery, counterfeiting of currencynotes, bank-notes and Government stamps, hawala transaction, mass-marketing fraud or running any 
scheme to defraud several persons or doing any act in any manner with a view to defraud any bank or 
financial institution or any other institution or organisation for obtaining monetary benefits in any 
form. 
(2) Whoever commits organised crime shall,—

(a) if such offence has resulted in the death of any person, be punished with death or 
imprisonment for life, and shall also be liable to fine which shall not be less than ten lakh rupees; 
(b) in any other case, be punished with imprisonment for a term which shall not be less than five 
years but which may extend to imprisonment for life, and shall also be liable to fine which shall not 
be less than five lakh rupees. 
(3) Whoever abets, attempts, conspires or knowingly facilitates the commission of an organised 
crime, or otherwise engages in any act preparatory to an organised crime, shall be punished with 
imprisonment for a term which shall not be less than five years but which may extend to imprisonment 
for life, and shall also be liable to fine which shall not be less than five lakh rupees. 
(4) Any person who is a member of an organised crime syndicate shall be punished with 
imprisonment for a term which shall not be less than five years but which may extend to imprisonment 
for life, and shall also be liable to fine which shall not be less than five lakh rupees. 
(5) Whoever, intentionally, harbours or conceals any person who has committed the offence of an 
organised crime shall be punished with imprisonment for a term which shall not be less than three years 
but which may extend to imprisonment for life, and shall also be liable to fine which shall not be less than 
five lakh rupees: 
Provided that this sub-section shall not apply to any case in which the harbour or concealment is by 
the spouse of the offender. 
(6) Whoever possesses any property derived or obtained from the commission of an organised crime 
or proceeds of any organised crime or which has been acquired through the organised crime, shall be 
punishable with imprisonment for a term which shall not be less than three years but which may extend to 
imprisonment for life and shall also be liable to fine which shall not be less than two lakh rupees. 
(7) If any person on behalf of a member of an organised crime syndicate is, or at any time has been in 
possession of movable or immovable property which he cannot satisfactorily account for, shall be 
punishable with imprisonment for a term which shall not be less than three years but which may extend to 
imprisonment for ten years and shall also be liable to fine which shall not be less than one lakh rupees."
BNS_2023_s112,BNS_2023,BNS_2023_CH_VI,112,Petty organised crime,"Petty organised crime.—(1) Whoever, being a member of a group or gang, either singly or 
jointly, commits any act of theft, snatching, cheating, unauthorised selling of tickets, unauthorised betting 
or gambling, selling of public examination question papers or any other similar criminal act, is said to 
commit petty organised crime. 
Explanation.—For the purposes of this sub-section “theft” includes trick theft, theft from vehicle, 
dwelling house or business premises, cargo theft, pick pocketing, theft through card skimming, 
shoplifting and theft of Automated Teller Machine. 
(2) Whoever commits any petty organised crime shall be punished with imprisonment for a term 
which shall not be less than one year but which may extend to seven years, and shall also be liable to fine."
BNS_2023_s113,BNS_2023,BNS_2023_CH_VI,113,Terrorist act,"Terrorist act.—(1) Whoever does any act with the intent to threaten or likely to threaten the 
unity, integrity, sovereignty, security, or economic security of India or with the intent to strike terror or 
likely to strike terror in the people or any section of the people in India or in any foreign country,— 
(a) by using bombs, dynamite or other explosive substance or inflammable substance or firearms 
or other lethal weapons or poisonous or noxious gases or other chemicals or by any other substance 
(whether biological, radioactive, nuclear or otherwise) of a hazardous nature or by any other means 
of whatever nature to cause or likely to cause,— 
(i) death of, or injury to, any person or persons; or 
(ii) loss of, or damage to, or destruction of, property; or 
(iii) disruption of any supplies or services essential to the life of the community in India or in 
any foreign country; or

(iv) damage to, the monetary stability of India by way of production or smuggling or 
circulation of counterfeit Indian paper currency, coin or of any other material; or 
(v) damage or destruction of any property in India or in a foreign country used or intended to 
be used for the defence of India or in connection with any other purposes of the Government of 
India, any State Government or any of their agencies; or 
(b) overawes by means of criminal force or the show of criminal force or attempts to do so or 
causes death of any public functionary or attempts to cause death of any public functionary; or 
(c) detains, kidnaps or abducts any person and threatening to kill or injure such person or does 
any other act in order to compel the Government of India, any State Government or the Government 
of a foreign country or an international or inter-governmental organisation or any other person to do 
or abstain from doing any act, 
commit a terrorist act. 
Explanation.—For the purpose of this sub-section,— 
(a) “public functionary” means the constitutional authorities or any other functionary notified in 
the Official Gazette by the Central Government as public functionary; 
(b) “counterfeit Indian currency” means the counterfeit currency as may be declared after 
examination by an authorised or notified forensic authority that such currency imitates or 
compromises with the key security features of Indian currency. 
(2) Whoever commits a terrorist act shall,— 
(a) if such offence has resulted in the death of any person, be punished with death or 
imprisonment for life, and shall also be liable to fine; 
(b) in any other case, be punished with imprisonment for a term which shall not be less than five 
years but which may extend to imprisonment for life, and shall also be liable to fine. 
(3) Whoever conspires or attempts to commit, or advocates, abets, advises or incites, directly or 
knowingly facilitates the commission of a terrorist act or any act preparatory to the commission of a 
terrorist act, shall be punished with imprisonment for a term which shall not be less than five years but 
which may extend to imprisonment for life, and shall also be liable to fine. 
(4) Whoever organises or causes to be organised any camp or camps for imparting training in terrorist 
act, or recruits or causes to be recruited any person or persons for commission of a terrorist act, shall be 
punished with imprisonment for a term which shall not be less than five years but which may extend to 
(5) Any person who is a member of an organisation which is involved in terrorist act, shall be 
punished with imprisonment for a term which may extend to imprisonment for life, and shall also be 
liable to fine. 
(6) Whoever voluntarily harbours or conceals, or attempts to harbour or conceal any person knowing 
that such person has committed a terrorist act shall be punished with imprisonment for a term which shall 
not be less than three years but which may extend to imprisonment for life, and shall also be liable to 
fine: 
Provided that this sub-section shall not apply to any case in which the harbour or concealment is by 
the spouse of the offender. 
(7) Whoever knowingly possesses any property derived or obtained from commission of any terrorist 
act or acquired through the commission of any terrorist act shall be punished with imprisonment for a 
term which may extend to imprisonment for life, and shall also be liable to fine. 
Explanation.—For the removal of doubts, it is hereby declared that the officer not below the rank of 
Superintendent of Police shall decide whether to register the case under this section or under the 
Unlawful Activities (Prevention) Act, 1967 (37 of 1967).

Of hurt"
BNS_2023_s114,BNS_2023,BNS_2023_CH_VI,114,Hurt,"Hurt.—Whoever causes bodily pain, disease or infirmity to any person is said to cause hurt."
BNS_2023_s115,BNS_2023,BNS_2023_CH_VI,115,Voluntarily causing hurt,"Voluntarily causing hurt.—(1) Whoever does any act with the intention of thereby causing 
hurt to any person, or with the knowledge that he is likely thereby to cause hurt to any person, and does 
thereby cause hurt to any person, is said “voluntarily to cause hurt”. 
(2) Whoever, except in the case provided for by sub-section (1) of section 122 voluntarily causes 
hurt, shall be punished with imprisonment of either description for a term which may extend to one year, 
or with fine which may extend to ten thousand rupees, or with both."
BNS_2023_s116,BNS_2023,BNS_2023_CH_VI,116,Grievous hurt,"Grievous hurt.—The following kinds of hurt only are designated as “grievous”, namely:— 
(a) Emasculation; 
(b) Permanent privation of the sight of either eye; 
(c) Permanent privation of the hearing of either ear; 
(d) Privation of any member or joint; 
(e) Destruction or permanent impairing of the powers of any member or joint; 
(f) Permanent disfiguration of the head or face; 
(g) Fracture or dislocation of a bone or tooth; 
(h) Any hurt which endangers life or which causes the sufferer to be during the space of fifteen 
days in severe bodily pain, or unable to follow his ordinary pursuits."
BNS_2023_s117,BNS_2023,BNS_2023_CH_VI,117,Voluntarily causing grievous hurt,"Voluntarily causing grievous hurt.—(1) Whoever voluntarily causes hurt, if the hurt which he 
intends to cause or knows himself to be likely to cause is grievous hurt, and if the hurt which he causes is 
grievous hurt, is said “voluntarily to cause grievous hurt”. 
Explanation.—A person is not said voluntarily to cause grievous hurt except when he both causes 
grievous hurt and intends or knows himself to be likely to cause grievous hurt. But he is said voluntarily 
to cause grievous hurt, if intending or knowing himself to be likely to cause grievous hurt of one kind, he 
actually causes grievous hurt of another kind. 
A, intending of knowing himself to be likely permanently to disfigure Z’s face, gives Z a blow which 
does not permanently disfigure Z’s face, but which causes Z to suffer severe bodily pain for the space of 
fifteen days. A has voluntarily caused grievous hurt. 
(2) Whoever, except in the case provided for by sub-section (2) of section 122, voluntarily causes 
grievous hurt, shall be punished with imprisonment of either description for a term which may extend to 
seven years, and shall also be liable to fine. 
(3) Whoever commits an offence under sub-section (1) and in the course of such commission causes 
any hurt to a person which causes that person to be in permanent disability or in persistent vegetative 
state, shall be punished with rigorous imprisonment for a term which shall not be less than ten years but 
which may extend to imprisonment for life, which shall mean imprisonment for the remainder of that 
person’s natural life. 
(4) When a group of five or more persons acting in concert, causes grievous hurt to a person on the 
ground of his race, caste or community, sex, place of birth, language, personal belief or any other similar 
ground, each member of such group shall be guilty of the offence of causing grievous hurt, and shall be 
punished with imprisonment of either description for a term which may extend to seven years, and shall"
BNS_2023_s118,BNS_2023,BNS_2023_CH_VI,118,Voluntarily causing hurt or grievous hurt by dangerous weapons or means,"Voluntarily causing hurt or grievous hurt by dangerous weapons or means.—(1) Whoever, 
except in the case provided for by sub-section (1) of section 122, voluntarily causes hurt by means of any 
instrument for shooting, stabbing or cutting, or any instrument which, used as a weapon of offence, is

likely to cause death, or by means of fire or any heated substance, or by means of any poison or any 
corrosive substance, or by means of any explosive substance, or by means of any substance which it is 
deleterious to the human body to inhale, to swallow, or to receive into the blood, or by means of any 
animal, shall be punished with imprisonment of either description for a term which may extend to three 
years, or with fine which may extend to twenty thousand rupees, or with both. 
(2) Whoever, except in the case provided for by sub-section (2) of section 122, voluntarily causes 
grievous hurt by any means referred to in sub-section (1), shall be punished with imprisonment for life, or 
with imprisonment of either description for a term which shall not be less than one year but which may 
extend to ten years, and shall also be liable to fine."
BNS_2023_s119,BNS_2023,BNS_2023_CH_VI,119,"Voluntarily causing hurt or grievous hurt to extort property, or to constrain to an illegal","Voluntarily causing hurt or grievous hurt to extort property, or to constrain to an illegal 
act.—(1) Whoever voluntarily causes hurt for the purpose of extorting from the sufferer, or from any 
person interested in the sufferer, any property or valuable security, or of constraining the sufferer or any 
person interested in such sufferer to do anything which is illegal or which may facilitate the commission 
of an offence, shall be punished with imprisonment of either description for a term which may extend to 
(2) Whoever voluntarily causes grievous hurt for any purpose referred to in sub-section (1), shall be 
punished with imprisonment for life, or imprisonment of either description for a term which may extend 
to ten years, and shall also be liable to fine."
BNS_2023_s120,BNS_2023,BNS_2023_CH_VI,120,"Voluntarily causing hurt or grievous hurt to extort confession, or to compel restoration of","Voluntarily causing hurt or grievous hurt to extort confession, or to compel restoration of 
property.—(1) Whoever voluntarily causes hurt for the purpose of extorting from the sufferer or from 
any person interested in the sufferer, any confession or any information which may lead to the detection 
of an offence or misconduct, or for the purpose of constraining the sufferer or any person interested in the 
sufferer to restore or to cause the restoration of any property or valuable security or to satisfy any claim 
or demand, or to give information which may lead to the restoration of any property or valuable security, 
shall be punished with imprisonment of either description for a term which may extend to seven years, 
(a) A, a police officer, tortures Z in order to induce Z to confess that he committed a crime. A is 
guilty of an offence under this section. 
(b) A, a police officer, tortures B to induce him to point out where certain stolen property is 
deposited. A is guilty of an offence under this section. 
(c) A, a revenue officer, tortures Z in order to compel him to pay certain arrears of revenue due from 
Z. A is guilty of an offence under this section. 
(2) Whoever voluntarily causes grievous hurt for any purpose referred to in sub-section (1), shall be"
BNS_2023_s121,BNS_2023,BNS_2023_CH_VI,121,Voluntarily causing hurt or grievous hurt to deter public servant from his duty,"Voluntarily causing hurt or grievous hurt to deter public servant from his duty.—(1) 
Whoever voluntarily causes hurt to any person being a public servant in the discharge of his duty as such 
public servant, or with intent to prevent or deter that person or any other public servant from discharging 
his duty as such public servant or in consequence of anything done or attempted to be done by that person 
in the lawful discharge of his duty as such public servant, shall be punished with imprisonment of either 
description for a term which may extend to five years, or with fine, or with both. 
(2) Whoever voluntarily causes grievous hurt to any person being a public servant in the discharge of 
his duty as such public servant, or with intent to prevent or deter that person or any other public servant 
from discharging his duty as such public servant or in consequence of anything done or attempted to be 
done by that person in the lawful discharge of his duty as such public servant, shall be punished with 
imprisonment of either description for a term which shall not be less than one year but which may extend 
to ten years, and shall also be liable to fine."
BNS_2023_s122,BNS_2023,BNS_2023_CH_VI,122,Voluntarily causing hurt or grievous hurt on provocation,"Voluntarily causing hurt or grievous hurt on provocation.—(1) Whoever voluntarily causes 
hurt on grave and sudden provocation, if he neither intends nor knows himself to be likely to cause hurt 
to any person other than the person who gave the provocation, shall be punished with imprisonment of 
either description for a term which may extend to one month, or with fine which may extend to five 
(2) Whoever voluntarily causes grievous hurt on grave and sudden provocation, if he neither intends 
nor knows himself to be likely to cause grievous hurt to any person other than the person who gave the 
provocation, shall be punished with imprisonment of either description for a term which may extend to 
five years, or with fine which may extend to ten thousand rupees, or with both. 
Explanation.—This section is subject to the same proviso as Exception 1 of section 101."
BNS_2023_s123,BNS_2023,BNS_2023_CH_VI,123,"Causing hurt by means of poison, etc., with intent to commit an offence","Causing hurt by means of poison, etc., with intent to commit an offence.—Whoever 
administers to or causes to be taken by any person any poison or any stupefying, intoxicating or 
unwholesome drug, or other thing with intent to cause hurt to such person, or with intent to commit or to 
facilitate the commission of an offence or knowing it to be likely that he will thereby cause hurt, shall be"
BNS_2023_s124,BNS_2023,BNS_2023_CH_VI,124,"Voluntarily causing grievous hurt by use of acid, etc","Voluntarily causing grievous hurt by use of acid, etc.—(1) Whoever causes permanent or 
partial damage or deformity to, or burns or maims or disfigures or disables, any part or parts of the body 
of a person or causes grievous hurt by throwing acid on or by administering acid to that person, or by 
using any other means with the intention of causing or with the knowledge that he is likely to cause such 
injury or hurt or causes a person to be in a permanent vegetative state shall be punished with 
imprisonment of either description for a term which shall not be less than ten years but which may extend 
to imprisonment for life, and with fine: 
Provided that such fine shall be just and reasonable to meet the medical expenses of the treatment of 
the victim: 
(2) Whoever throws or attempts to throw acid on any person or attempts to administer acid to any 
person, or attempts to use any other means, with the intention of causing permanent or partial damage or 
deformity or burns or maiming or disfigurement or disability or grievous hurt to that person, shall be 
punished with imprisonment of either description for a term which shall not be less than five years but 
Explanation 1.—For the purposes of this section, “acid” includes any substance which has acidic or 
corrosive character or burning nature, that is capable of causing bodily injury leading to scars or 
disfigurement or temporary or permanent disability. 
Explanation 2.—For the purposes of this section, permanent or partial damage or deformity or 
permanent vegetative state shall not be required to be irreversible."
BNS_2023_s125,BNS_2023,BNS_2023_CH_VI,125,Act endangering life or personal safety of others,"Act endangering life or personal safety of others.—Whoever does any act so rashly or 
negligently as to endanger human life or the personal safety of others, shall be punished with 
imprisonment of either description for a term which may extend to three months or with fine which may 
extend to two thousand five hundred rupees, or with both, but— 
(a) where hurt is caused, shall be punished with imprisonment of either description for a term 
which may extend to six months, or with fine which may extend to five thousand rupees, or with 
both; 
(b) where grievous hurt is caused, shall be punished with imprisonment of either description for a 
term which may extend to three years, or with fine which may extend to ten thousand rupees, or with

Of wrongful restraint and wrongful confinement"
BNS_2023_s126,BNS_2023,BNS_2023_CH_VI,126,Wrongful restraint,"Wrongful restraint.—(1) Whoever voluntarily obstructs any person so as to prevent that person 
from proceeding in any direction in which that person has a right to proceed, is said wrongfully to restrain 
that person. 
Exception.—The obstruction of a private way over land or water which a person in good faith 
believes himself to have a lawful right to obstruct, is not an offence within the meaning of this section. 
A obstructs a path along which Z has a right to pass, A not believing in good faith that he has a right 
to stop the path. Z is thereby prevented from passing. A wrongfully restrains Z. 
(2) Whoever wrongfully restrains any person shall be punished with simple imprisonment for a term 
which may extend to one month, or with fine which may extend to five thousand rupees, or with both."
BNS_2023_s127,BNS_2023,BNS_2023_CH_VI,127,Wrongful confinement,"Wrongful confinement.—(1) Whoever wrongfully restrains any person in such a manner as to 
prevent that person from proceedings beyond certain circumscribing limits, is said “wrongfully to 
confine” that person. 
(a) A causes Z to go within a walled space, and locks Z in. Z is thus prevented from proceeding in 
any direction beyond the circumscribing line of wall. A wrongfully confines Z. 
(b) A places men with firearms at the outlets of a building, and tells Z that they will fire at Z if Z 
attempts to leave the building. A wrongfully confines Z. 
(2) Whoever wrongfully confines any person shall be punished with imprisonment of either 
description for a term which may extend to one year, or with fine which may extend to five thousand 
(3) Whoever wrongfully confines any person for three days, or more, shall be punished with 
imprisonment of either description for a term which may extend to three years, or with fine which may 
extend to ten thousand rupees, or with both. 
(4) Whoever wrongfully confines any person for ten days or more, shall be punished with 
imprisonment of either description for a term which may extend to five years, and shall also be liable to 
fine which shall not be less than ten thousand rupees. 
(5) Whoever keeps any person in wrongful confinement, knowing that a writ for the liberation of that 
person has been duly issued, shall be punished with imprisonment of either description for a term which 
may extend to two years in addition to any term of imprisonment to which he may be liable under any 
other section of this Chapter and shall also be liable to fine. 
(6) Whoever wrongfully confines any person in such manner as to indicate an intention that the 
confinement of such person may not be known to any person interested in the person so confined, or to 
any public servant, or that the place of such confinement may not be known to or discovered by any such 
person or public servant as hereinbefore mentioned, shall be punished with imprisonment of either 
description for a term which may extend to three years in addition to any other punishment to which he 
may be liable for such wrongful confinement and shall also be liable to fine. 
(7) Whoever wrongfully confines any person for the purpose of extorting from the person confined, 
or from any person interested in the person confined, any property or valuable security or of constraining 
the person confined or any person interested in such person to do anything illegal or to give any 
information which may facilitate the commission of an offence, shall be punished with imprisonment of 
either description for a term which may extend to three years, and shall also be liable to fine. 
(8) Whoever wrongfully confines any person for the purpose of extorting from the person confined or 
any person interested in the person confined any confession or any information which may lead to the 
detection of an offence or misconduct, or for the purpose of constraining the person confined or any 
person interested in the person confined to restore or to cause the restoration of any property or valuable

security or to satisfy any claim or demand, or to give information which may lead to the restoration of 
any property or valuable security, shall be punished with imprisonment of either description for a term 
which may extend to three years, and shall also be liable to fine. 
Of criminal force and assault"
BNS_2023_s128,BNS_2023,BNS_2023_CH_VI,128,Force,"Force.—A person is said to use force to another if he causes motion, change of motion, or 
cessation of motion to that other, or if he causes to any substance such motion, or change of motion, or 
cessation of motion as brings that substance into contact with any part of that other’s body, or with 
anything which that other is wearing or carrying, or with anything so situated that such contact affects 
that other’s sense of feeling: 
Provided that the person causing the motion, or change of motion, or cessation of motion, causes that 
motion, change of motion, or cessation of motion in one of the following three ways, namely:— 
(a) by his own bodily power; 
(b) by disposing any substance in such a manner that the motion or change or cessation of motion 
takes place without any further act on his part, or on the part of any other person; 
(c) by inducing any animal to move, to change its motion, or to cease to move."
BNS_2023_s129,BNS_2023,BNS_2023_CH_VI,129,Criminal force,"Criminal force.—Whoever intentionally uses force to any person, without that person’s 
consent, in order to the committing of any offence, or intending by the use of such force to cause, or 
knowing it to be likely that by the use of such force he will cause injury, fear or annoyance to the person 
to whom the force is used, is said to use criminal force to that other. 
(a) Z is sitting in a moored boat on a river. A unfastens the moorings, and thus intentionally causes 
the boat to drift down the stream. Here A intentionally causes motion to Z, and he does this by disposing 
substances in such a manner that the motion is produced without any other action on any person’s part. A 
has therefore intentionally used force to Z; and if he has done so without Z’s consent, in order to the 
committing of any offence, or intending or knowing it to be likely that this use of force will cause injury, 
fear or annoyance to Z, A has used criminal force to Z. 
(b) Z is riding in a chariot. A lashes Z’s horses, and thereby causes them to quicken their pace. Here 
A has caused change of motion to Z by inducing the animals to change their motion. A has therefore used 
force to Z; and if A has done this without Z’s consent, intending or knowing it to be likely that he may 
thereby injure, frighten or annoy Z, A has used criminal force to Z. 
(c) Z is riding in a palanquin. A, intending to rob Z, seizes the pole and stops the palanquin. Here A 
has caused cessation of motion to Z, and he has done this by his own bodily power. A has therefore used 
force to Z; and as A has acted thus intentionally, without Z’s consent, in order to the commission of an 
offence. A has used criminal force to Z. 
(d) A intentionally pushes against Z in the street. Here A has by his own bodily power moved his 
own person so as to bring it into contact with Z. He has therefore intentionally used force to Z; and if he 
has done so without Z’s consent, intending or knowing it to be likely that he may thereby injure, frighten 
or annoy Z, he has used criminal force to Z. 
(e) A throws a stone, intending or knowing it to be likely that the stone will be thus brought into 
contact with Z, or with Z’s clothes, or with something carried by Z, or that it will strike water and dash up 
the water against Z’s clothes or something carried by Z. Here, if the throwing of the stone produce the 
effect of causing any substance to come into contact with Z, or Z’s clothes, A has used force to Z, and if 
he did so without Z’s consent, intending thereby to injure, frighten or annoy Z, he has used criminal force 
to Z. 
(f) A intentionally pulls up a woman’s veil. Here A intentionally uses force to her, and if he does so 
without her consent intending or knowing it to be likely that he may thereby injure, frighten or annoy her, 
he has used criminal force to her.

(g) Z is bathing. A pours into the bath water which he knows to be boiling. Here A intentionally by 
his own bodily power causes such motion in the boiling water as brings that water into contact with Z, or 
with other water so situated that such contact must affect Z’s sense of feeling; A has therefore 
intentionally used force to Z; and if he has done this without Z’s consent intending or knowing it to be 
likely that he may thereby cause injury, fear or annoyance to Z, A has used criminal force. 
(h) A incites a dog to spring upon Z, without Z’s consent. Here, if A intends to cause injury, fear or 
annoyance to Z, he uses criminal force to Z."
BNS_2023_s130,BNS_2023,BNS_2023_CH_VI,130,Assault,"Assault.—Whoever makes any gesture, or any preparation intending or knowing it to be likely 
that such gesture or preparation will cause any person present to apprehend that he who makes that 
gesture or preparation is about to use criminal force to that person, is said to commit an assault. 
Explanation.—Mere words do not amount to an assault. But the words which a person uses may give 
to his gestures or preparation such a meaning as may make those gestures or preparations amount to an 
assault. 
(a) A shakes his fist at Z, intending or knowing it to be likely that he may thereby cause Z to believe 
that A is about to strike Z. A has committed an assault. 
(b) A begins to unloose the muzzle of a ferocious dog, intending or knowing it to be likely that he may 
thereby cause Z to believe that he is about to cause the dog to attack Z. A has committed an assault upon 
Z. 
(c) A takes up a stick, saying to Z, “I will give you a beating”. Here, though the words used by A 
could in no case amount to an assault, and though the mere gesture, unaccompanied by any other 
circumstances, might not amount to an assault, the gesture explained by the words may amount to an 
assault."
BNS_2023_s131,BNS_2023,BNS_2023_CH_VI,131,Punishment for assault or criminal force otherwise than on grave provocation,"Punishment for assault or criminal force otherwise than on grave provocation.—Whoever 
assaults or uses criminal force to any person otherwise than on grave and sudden provocation given by 
that person, shall be punished with imprisonment of either description for a term which may extend to 
three months, or with fine which may extend to one thousand rupees, or with both. 
Explanation 1.—Grave and sudden provocation will not mitigate the punishment for an offence under 
this section,— 
(a) if the provocation is sought or voluntarily provoked by the offender as an excuse for the 
offence; or 
(b) if the provocation is given by anything done in obedience to the law, or by a public servant, in 
the lawful exercise of the powers of such public servant; or 
(c) if the provocation is given by anything done in the lawful exercise of the right of private 
defence. 
Explanation 2.—Whether the provocation was grave and sudden enough to mitigate the offence, is a 
question of fact."
BNS_2023_s132,BNS_2023,BNS_2023_CH_VI,132,Assault or criminal force to deter public servant from discharge of his duty,"Assault or criminal force to deter public servant from discharge of his duty.—Whoever 
assaults or uses criminal force to any person being a public servant in the execution of his duty as such 
public servant, or with intent to prevent or deter that person from discharging his duty as such public 
servant, or in consequence of anything done or attempted to be done by such person in the lawful 
discharge of his duty as such public servant, shall be punished with imprisonment of either description for 
a term which may extend to two years, or with fine, or with both."
BNS_2023_s133,BNS_2023,BNS_2023_CH_VI,133,"Assault or criminal force with intent to dishonour person, otherwise than on grave","Assault or criminal force with intent to dishonour person, otherwise than on grave 
provocation.—Whoever assaults or uses criminal force to any person, intending thereby to dishonour 
that person, otherwise than on grave and sudden provocation given by that person, shall be punished with"
BNS_2023_s134,BNS_2023,BNS_2023_CH_VI,134,Assault or criminal force in attempt to commit theft of property carried by a person,"Assault or criminal force in attempt to commit theft of property carried by a person.—
Whoever assaults or uses criminal force to any person, in attempting to commit theft on any property 
which that person is then wearing or carrying, shall be punished with imprisonment of either description 
for a term which may extend to two years, or with fine, or with both."
BNS_2023_s135,BNS_2023,BNS_2023_CH_VI,135,Assault or criminal force in attempt to wrongfully confine a person,"Assault or criminal force in attempt to wrongfully confine a person.—Whoever assaults or 
uses criminal force to any person, in attempting wrongfully to confine that person, shall be punished with 
imprisonment of either description for a term which may extend to one year, or with fine which may"
BNS_2023_s136,BNS_2023,BNS_2023_CH_VI,136,Assault or criminal force on grave provocation,"Assault or criminal force on grave provocation.—Whoever assaults or uses criminal force to 
any person on grave and sudden provocation given by that person, shall be punished with simple 
imprisonment for a term which may extend to one month, or with fine which may extend to one thousand 
Explanation.—This section is subject to the same Explanation as section 131. 
Of kidnapping, abduction, slavery and forced labour"
BNS_2023_s137,BNS_2023,BNS_2023_CH_VI,137,Kidnapping,"Kidnapping.—(1) Kidnapping is of two kinds: kidnapping from India, and kidnapping from 
lawful guardianship— 
(a) whoever conveys any person beyond the limits of India without the consent of that person, or 
of some person legally authorised to consent on behalf of that person, is said to kidnap that person 
from India; 
(b) whoever takes or entices any child or any person of unsound mind, out of the keeping of the 
lawful guardian of such child or person of unsound mind, without the consent of such guardian, is 
said to kidnap such child or person from lawful guardianship. 
Explanation.—The words “lawful guardian” in this clause include any person lawfully entrusted 
with the care or custody of such child or other person. 
Exception.—This clause does not extend to the act of any person who in good faith believes 
himself to be the father of an illegitimate child, or who in good faith believes himself to be entitled to 
the lawful custody of such child, unless such act is committed for an immoral or unlawful purpose. 
(2) Whoever kidnaps any person from India or from lawful guardianship shall be punished with"
BNS_2023_s138,BNS_2023,BNS_2023_CH_VI,138,Abduction,"Abduction.—Whoever by force compels, or by any deceitful means induces, any person to go 
from any place, is said to abduct that person."
BNS_2023_s139,BNS_2023,BNS_2023_CH_VI,139,Kidnapping or maiming a child for purposes of begging,"Kidnapping or maiming a child for purposes of begging.—(1) Whoever kidnaps any child or, 
not being the lawful guardian of such child, obtains the custody of the child, in order that such child may 
be employed or used for the purposes of begging shall be punishable with rigorous imprisonment for a 
term which shall not be less than ten years but which may extend to imprisonment for life, and shall also 
(2) Whoever maims any child in order that such child may be employed or used for the purposes of 
begging shall be punishable with imprisonment which shall not be less than twenty years, but which may 
extend to life which shall mean imprisonment for the remainder of that person’s natural life, and with 
(3) Where any person, not being the lawful guardian of a child employs or uses such child for the 
purposes of begging, it shall be presumed, unless the contrary is proved, that he kidnapped or otherwise 
obtained the custody of such child in order that such child might be employed or used for the purposes of 
begging. 
(4) In this section “begging” means—

(f) by inducement, including the giving or receiving of payments or benefits, in order to achieve 
the consent of any person having control over the person recruited, transported, harboured, 
transferred or received, 
commits the offence of trafficking. 
Explanation 1.—The expression “exploitation” shall include any act of physical exploitation or 
any form of sexual exploitation, slavery or practices similar to slavery, servitude, beggary or forced 
removal of organs. 
Explanation 2.—The consent of the victim is immaterial in determination of the offence of 
trafficking. 
(2) Whoever commits the offence of trafficking shall be punished with rigorous imprisonment for a 
term which shall not be less than seven years, but which may extend to ten years, and shall also be liable 
(3) Where the offence involves the trafficking of more than one person, it shall be punishable with 
rigorous imprisonment for a term which shall not be less than ten years but which may extend to 
(4) Where the offence involves the trafficking of a child, it shall be punishable with rigorous 
imprisonment for a term which shall not be less than ten years, but which may extend to imprisonment 
for life, and shall also be liable to fine. 
(5) Where the offence involves the trafficking of more than one child, it shall be punishable with 
rigorous imprisonment for a term which shall not be less than fourteen years, but which may extend to 
(6) If a person is convicted of the offence of trafficking of a child on more than one occasion, then 
such person shall be punished with imprisonment for life, which shall mean imprisonment for the 
remainder of that person’s natural life, and shall also be liable to fine. 
(7) When a public servant or a police officer is involved in the trafficking of any person then, such 
public servant or police officer shall be punished with imprisonment for life, which shall mean 
imprisonment for the remainder of that person’s natural life, and shall also be liable to fine."
BNS_2023_s144,BNS_2023,BNS_2023_CH_VI,144,Exploitation of a trafficked person,"Exploitation of a trafficked person.—(1) Whoever, knowingly or having reason to believe that 
a child has been trafficked, engages such child for sexual exploitation in any manner, shall be punished 
with rigorous imprisonment for a term which shall not be less than five years, but which may extend to 
(2) Whoever, knowingly or having reason to believe that a person has been trafficked, engages such 
person for sexual exploitation in any manner, shall be punished with rigorous imprisonment for a term 
which shall not be less than three years, but which may extend to seven years, and shall also be liable to"
BNS_2023_s145,BNS_2023,BNS_2023_CH_VI,145,Habitual dealing in slaves,"Habitual dealing in slaves.—Whoever habitually imports, exports, removes, buys, sells, traffics 
or deals in slaves, shall be punished with imprisonment for life, or with imprisonment of either 
description for a term not exceeding ten years, and shall also be liable to fine."
BNS_2023_s146,BNS_2023,BNS_2023_CH_VI,146,Unlawful compulsory labour,"Unlawful compulsory labour.—Whoever unlawfully compels any person to labour against the 
will of that person, shall be punished with imprisonment of either description for a term which may 
extend to one year, or with fine, or with both. 
CHAPTER VII 
OF OFFENCES AGAINST THE STATE"
BNS_2023_s147,BNS_2023,BNS_2023_CH_VII,147,"Waging, or attempting to wage war, or abetting waging of war, against Government of","Waging, or attempting to wage war, or abetting waging of war, against Government of 
India.—Whoever wages war against the Government of India, or attempts to wage such war, or abets the 
waging of such war, shall be punished with death, or imprisonment for life and shall also be liable to fine.

A joins an insurrection against the Government of India. A has committed the offence defined in this"
BNS_2023_s148,BNS_2023,BNS_2023_CH_VII,148,Conspiracy to commit offences punishable by section 147,"Conspiracy to commit offences punishable by section 147.—Whoever within or without and 
beyond India conspires to commit any of the offences punishable by section 147, or conspires to 
overawe, by means of criminal force or the show of criminal force, the Central Government or any State 
Government, shall be punished with imprisonment for life, or with imprisonment of either description 
which may extend to ten years, and shall also be liable to fine. 
Explanation.—To constitute a conspiracy under this section, it is not necessary that any act or illegal 
omission shall take place in pursuance thereof."
BNS_2023_s149,BNS_2023,BNS_2023_CH_VII,149,"Collecting arms, etc., with intention of waging war against Government of India","Collecting arms, etc., with intention of waging war against Government of India.—
Whoever collects men, arms or ammunition or otherwise prepares to wage war with the intention of 
either waging or being prepared to wage war against the Government of India, shall be punished with 
imprisonment for life or imprisonment of either description for a term not exceeding ten years, and shall"
BNS_2023_s150,BNS_2023,BNS_2023_CH_VII,150,Concealing with intent to facilitate design to wage war,"Concealing with intent to facilitate design to wage war.—Whoever by any act, or by any 
illegal omission, conceals the existence of a design to wage war against the Government of India, 
intending by such concealment to facilitate, or knowing it to be likely that such concealment will 
facilitate, the waging of such war, shall be punished with imprisonment of either description for a term 
which may extend to ten years, and shall also be liable to fine."
BNS_2023_s151,BNS_2023,BNS_2023_CH_VII,151,"Assaulting President, Governor, etc., with intent to compel or restrain exercise of any","Assaulting President, Governor, etc., with intent to compel or restrain exercise of any 
lawful power.—Whoever, with the intention of inducing or compelling the President of India, or 
Governor of any State, to exercise or refrain from exercising in any manner any of the lawful powers of 
such President or Governor, assaults or wrongfully restrains, or attempts wrongfully to restrain, or 
overawes, by means of criminal force or the show of criminal force, or attempts so to overawe, such 
President or Governor, shall be punished with imprisonment of either description for a term which may"
BNS_2023_s152,BNS_2023,BNS_2023_CH_VII,152,"Act endangering sovereignty, unity and integrity of India","Act endangering sovereignty, unity and integrity of India.—Whoever, purposely or 
knowingly, by words, either spoken or written, or by signs, or by visible representation, or by electronic 
communication or by use of financial mean, or otherwise, excites or attempts to excite, secession or 
armed rebellion or subversive activities, or encourages feelings of separatist activities or endangers 
sovereignty or unity and integrity of India; or indulges in or commits any such act shall be punished with 
imprisonment for life or with imprisonment which may extend to seven years, and shall also be liable to 
Explanation.—Comments expressing disapprobation of the measures, or administrative or other 
action of the Government with a view to obtain their alteration by lawful means without exciting or 
attempting to excite the activities referred to in this section do not constitute an offence under this"
BNS_2023_s153,BNS_2023,BNS_2023_CH_VII,153,Waging war against Government of any foreign State at peace with Government of,"Waging war against Government of any foreign State at peace with Government of 
India.—Whoever wages war against the Government of any foreign State at peace with the Government 
of India or attempts to wage such war, or abets the waging of such war, shall be punished with 
imprisonment for life, to which fine may be added, or with imprisonment of either description for a term 
which may extend to seven years, to which fine may be added, or with fine."
BNS_2023_s154,BNS_2023,BNS_2023_CH_VII,154,Committing depredation on territories of foreign State at peace with Government of,"Committing depredation on territories of foreign State at peace with Government of 
India.—Whoever commits depredation, or makes preparations to commit depredation, on the territories 
of any foreign State at peace with the Government of India, shall be punished with imprisonment of 
either description for a term which may extend to seven years, and shall also be liable to fine and to 
forfeiture of any property used or intended to be used in committing such depredation, or acquired by 
such depredation."
BNS_2023_s164,BNS_2023,BNS_2023_CH_VII,164,Harbouring deserter,"Harbouring deserter.—Whoever, except as hereinafter excepted, knowing or having reason to 
believe that an officer, soldier, sailor or airman, in the Army, Navy or Air Force of the Government of 
India, has deserted, harbours such officer, soldier, sailor or airman, shall be punished with imprisonment 
of either description for a term which may extend to two years, or with fine or with both. 
Exception.—This provision does not extend to the case in which the harbour is given by the spouse of 
the deserter."
BNS_2023_s165,BNS_2023,BNS_2023_CH_VII,165,Deserter concealed on board merchant vessel through negligence of master,"Deserter concealed on board merchant vessel through negligence of master.—The master or 
person in charge of a merchant vessel, on board of which any deserter from the Army, Navy or Air Force 
of the Government of India is concealed, shall, though ignorant of such concealment, be liable to a 
penalty not exceeding three thousand rupees, if he might have known of such concealment but for some 
neglect of his duty as such master or person in charge, or but for some want of discipline on board of the 
vessel."
BNS_2023_s166,BNS_2023,BNS_2023_CH_VII,166,"Abetment of act of insubordination by soldier, sailor or airman","Abetment of act of insubordination by soldier, sailor or airman.—Whoever abets what he 
knows to be an act of insubordination by an officer, soldier, sailor or airman, in the Army, Navy or Air 
Force, of the Government of India, shall, if such act of insubordination be committed in consequence of 
that abetment, be punished with imprisonment of either description for a term which may extend to two 
years, or with fine, or with both."
BNS_2023_s167,BNS_2023,BNS_2023_CH_VII,167,Persons subject to certain Acts,"Persons subject to certain Acts.—No person subject to the Air Force Act, 1950 (45 of 1950), 
the Army Act, 1950 (46 of 1950) and the Navy Act, 1957 (62 of 1957), or shall be subject to punishment 
under this Sanhita for any of the offences defined in this Chapter."
BNS_2023_s168,BNS_2023,BNS_2023_CH_VII,168,"Wearing garb or carrying token used by soldier, sailor or airman","Wearing garb or carrying token used by soldier, sailor or airman.—Whoever, not being a 
soldier, sailor or airman in the Army, Naval or Air service of the Government of India, wears any garb or 
carries any token resembling any garb or token used by such a soldier, sailor or airman with the intention 
that it may be believed that he is such a soldier, sailor or airman, shall be punished with imprisonment of 
either description for a term which may extend to three months, or with fine which may extend to two 
CHAPTER IX 
OF OFFENCES RELATING TO ELECTIONS"
BNS_2023_s169,BNS_2023,BNS_2023_CH_IX,169,"Candidate, electoral right defined","Candidate, electoral right defined.—For the purposes of this Chapter— 
(a) “candidate” means a person who has been nominated as a candidate at any election; 
(b) “electoral right” means the right of a person to stand, or not to stand as, or to withdraw from 
being, a candidate or to vote or refrain from voting at an election."
BNS_2023_s170,BNS_2023,BNS_2023_CH_IX,170,Bribery,"Bribery.—(1) Whoever— 
(i) gives a gratification to any person with the object of inducing him or any other person to 
exercise any electoral right or of rewarding any person for having exercised any such right; or 
(ii) accepts either for himself or for any other person any gratification as a reward for exercising 
any such right or for inducing or attempting to induce any other person to exercise any such right, 
commits the offence of bribery: 
Provided that a declaration of public policy or a promise of public action shall not be an offence 
under this section. 
(2) A person who offers, or agrees to give, or offers or attempts to procure, a gratification shall be 
deemed to give a gratification. 
(3) A person who obtains or agrees to accept or attempts to obtain a gratification shall be deemed to 
accept a gratification, and a person who accepts a gratification as a motive for doing what he does not 
intend to do, or as a reward for doing what he has not done, shall be deemed to have accepted the 
gratification as a reward."
BNS_2023_s171,BNS_2023,BNS_2023_CH_IX,171,Undue influence at elections,"Undue influence at elections.—(1) Whoever voluntarily interferes or attempts to interfere with 
the free exercise of any electoral right commits the offence of undue influence at an election. 
(2) Without prejudice to the generality of the provisions of sub-section (1), whoever— 
(a) threatens any candidate or voter, or any person in whom a candidate or voter is interested, 
with injury of any kind; or 
(b) induces or attempts to induce a candidate or voter to believe that he or any person in whom he 
is interested will become or will be rendered an object of Divine displeasure or of spiritual censure, 
shall be deemed to interfere with the free exercise of the electoral right of such candidate or voter, within 
the meaning of sub-section (1). 
(3) A declaration of public policy or a promise of public action or the mere exercise or a legal right 
without intent to interfere with an electoral right, shall not be deemed to be interference within the 
meaning of this section."
BNS_2023_s172,BNS_2023,BNS_2023_CH_IX,172,Personation at elections,"Personation at elections.—Whoever at an election applies for a voting paper on votes in the 
name of any other person, whether living or dead, or in a fictitious name, or who having voted once at 
such election applies at the same election for a voting paper in his own name, and whoever abets, 
procures or attempts to procure the voting by any person in any such way, commits the offence of 
personation at an election: 
Provided that nothing in this section shall apply to a person who has been authorised to vote as proxy 
for an elector under any law for the time being in force in so far as he votes as a proxy for such elector."
BNS_2023_s173,BNS_2023,BNS_2023_CH_IX,173,Punishment for bribery,"Punishment for bribery.—Whoever commits the offence of bribery shall be punished with 
imprisonment of either description for a term which may extend to one year, or with fine, or with both: 
Provided that bribery by treating shall be punished with fine only. 
Explanation.—“Treating” means that form of bribery where the gratification consists in food, drink, 
entertainment, or provision."
BNS_2023_s174,BNS_2023,BNS_2023_CH_IX,174,Punishment for undue influence or personation at an election,"Punishment for undue influence or personation at an election.—Whoever commits the 
offence of undue influence or personation at an election shall be punished with imprisonment of either 
description for a term which may extend to one year or with fine, or with both."
BNS_2023_s175,BNS_2023,BNS_2023_CH_IX,175,False statement in connection with an election,"False statement in connection with an election.—Whoever with intent to affect the result of 
an election makes or publishes any statement purporting to be a statement of fact which is false and 
which he either knows or believes to be false or does not believe to be true, in relation to the personal 
character or conduct of any candidate shall be punished with fine."
BNS_2023_s176,BNS_2023,BNS_2023_CH_IX,176,Illegal payments in connection with an election,"Illegal payments in connection with an election.—Whoever without the general or special 
authority in writing of a candidate incurs or authorises expenses on account of the holding of any public 
meeting, or upon any advertisement, circular or publication, or in any other way whatsoever for the 
purpose of promoting or procuring the election of such candidate, shall be punished with fine which may 
extend to ten thousand rupees: 
Provided that if any person having incurred any such expenses not exceeding the amount of ten 
rupees without authority obtains within ten days from the date on which such expenses were incurred the 
approval in writing of the candidate, he shall be deemed to have incurred such expenses with the 
authority of the candidate."
BNS_2023_s177,BNS_2023,BNS_2023_CH_IX,177,Failure to keep election accounts,"Failure to keep election accounts.—Whoever being required by any law for the time being in 
force or any rule having the force of law to keep accounts of expenses incurred at or in connection with 
an election fails to keep such accounts shall be punished with fine which may extend to five thousand 
rupees.

CHAPTER X 
OF OFFENCES RELATING TO COIN, CURRENCY-NOTES, BANK-NOTES, AND GOVERNMENT STAMPS"
BNS_2023_s178,BNS_2023,BNS_2023_CH_X,178,"Counterfeiting coin, Government stamps, currency-notes or bank-notes","Counterfeiting coin, Government stamps, currency-notes or bank-notes.—Whoever 
counterfeits, or knowingly performs any part of the process of counterfeiting, any coin, stamp issued by 
Government for the purpose of revenue, currency-note or bank-note, shall be punished with 
imprisonment for life, or with imprisonment of either description for a term which may extend to ten 
Explanation.—For the purposes of this Chapter,— 
(1) the expression “bank-note” means a promissory note or engagement for the payment of 
money to bearer on demand issued by any person carrying on the business of banking in any part of 
the world, or issued by or under the authority of any State or Sovereign Power, and intended to be 
used as equivalent to, or as a substitute for money; 
(2) “coin” shall have the same meaning as assigned to it in section 2 of the Coinage Act, 2011 
(11 of 2011) and includes metal used for the time being as money and is stamped and issued by or 
under the authority of any State or Sovereign Power intended to be so used; 
(3) a person commits the offence of “counterfeiting Government stamp” who counterfeits by 
causing a genuine stamp of one denomination to appear like a genuine stamp of a different 
denomination; 
(4) a person commits the offence of counterfeiting coin who intending to practise deception, or 
knowing it to be likely that deception will thereby be practised, causes a genuine coin to appear like a 
different coin; and 
(5) the offence of “counterfeiting coin” includes diminishing the weight or alteration of the 
composition, or alteration of the appearance of the coin."
BNS_2023_s179,BNS_2023,BNS_2023_CH_X,179,"Using as genuine, forged or counterfeit coin, Government stamp, currency-notes or banknotes","Using as genuine, forged or counterfeit coin, Government stamp, currency-notes or banknotes.—Whoever imports or exports, or sells or delivers to, or buys or receives from, any other person, or 
otherwise traffics or uses as genuine, any forged or counterfeit coin, stamp, currency-note or bank-note, 
knowing or having reason to believe the same to be forged or counterfeit, shall be punished with 
imprisonment for life, or with imprisonment of either description for a term which may extend to ten"
BNS_2023_s180,BNS_2023,BNS_2023_CH_X,180,"Possession of forged or counterfeit coin, Government stamp, currency-notes or banknotes","Possession of forged or counterfeit coin, Government stamp, currency-notes or banknotes.—Whoever has in his possession any forged or counterfeit coin, stamp, currency-note or bank-note, 
knowing or having reason to believe the same to be forged or counterfeit and intending to use the same as 
genuine or that it may be used as genuine, shall be punished with imprisonment of either description for a 
term which may extend to seven years, or with fine, or with both. 
Explanation.—If a person establishes the possession of the forged or counterfeit coin, stamp, 
currency-note or bank-note to be from a lawful source, it shall not constitute an offence under this"
BNS_2023_s181,BNS_2023,BNS_2023_CH_X,181,"Making or possessing instruments or materials for forging or counterfeiting coin,","Making or possessing instruments or materials for forging or counterfeiting coin, 
Government stamp, currency-notes or bank-notes.—Whoever makes or mends, or performs any part 
of the process of making or mending, or buys or sells or disposes of, or has in his possession, any 
machinery, die, or instrument or material for the purpose of being used, or knowing or having reason to 
believe that it is intended to be used, for forging or counterfeiting any coin, stamp issued by Government 
for the purpose of revenue, currency-note or bank-note, shall be punished with imprisonment for life, or"
BNS_2023_s182,BNS_2023,BNS_2023_CH_X,182,Making or using documents resembling currency-notes or bank-notes,"Making or using documents resembling currency-notes or bank-notes.—(1) Whoever 
makes, or causes to be made, or uses for any purpose whatsoever, or delivers to any person, any 
document purporting to be, or in any way resembling, or so nearly resembling as to be calculated to

a different weight or composition from the weight or composition fixed by law, shall be punished with"
BNS_2023_s188,BNS_2023,BNS_2023_CH_X,188,Unlawfully taking coining instrument from mint,"Unlawfully taking coining instrument from mint.—Whoever, without lawful authority, takes 
out of any mint, lawfully established in India, any coining tool or instrument, shall be punished with 
CHAPTER XI 
OF OFFENCES AGAINST THE PUBLIC TRANQUILLITY"
BNS_2023_s189,BNS_2023,BNS_2023_CH_XI,189,Unlawful assembly,"Unlawful assembly.—(1) An assembly of five or more persons is designated an “unlawful 
assembly”, if the common object of the persons composing that assembly is— 
(a) to overawe by criminal force, or show of criminal force, the Central Government or any State 
Government or Parliament or the Legislature of any State, or any public servant in the exercise of the 
lawful power of such public servant; or 
(b) to resist the execution of any law, or of any legal process; or 
(c) to commit any mischief or criminal trespass, or other offence; or 
(d) by means of criminal force, or show of criminal force, to any person, to take or obtain 
possession of any property, or to deprive any person of the enjoyment of a right of way, or of the use 
of water or other incorporeal right of which he is in possession or enjoyment, or to enforce any right 
or supposed right; or 
(e) by means of criminal force, or show of criminal force, to compel any person to do what he is 
not legally bound to do, or to omit to do what he is legally entitled to do. 
Explanation.—An assembly which was not unlawful when it assembled, may subsequently become 
an unlawful assembly. 
(2) Whoever, being aware of facts which render any assembly an unlawful assembly, intentionally 
joins that assembly, or continues in it, is said to be a member of an unlawful assembly and such member 
shall be punished with imprisonment of either description for a term which may extend to six months, or 
(3) Whoever joins or continues in an unlawful assembly, knowing that such unlawful assembly has 
been commanded in the manner prescribed by law to disperse, shall be punished with imprisonment of 
(4) Whoever, being armed with any deadly weapon, or with anything which, used as a weapon of 
offence, is likely to cause death, is a member of an unlawful assembly, shall be punished with 
(5) Whoever knowingly joins or continues in any assembly of five or more persons likely to cause a 
disturbance of the public peace, after such assembly has been lawfully commanded to disperse, shall be 
punished with imprisonment of either description for a term which may extend to six months, or with 
Explanation.—If the assembly is an unlawful assembly within the meaning of sub-section (1), the 
offender shall be punishable under sub-section (3). 
(6) Whoever hires or engages, or employs, or promotes, or connives at the hiring, engagement or 
employment of any person to join or become a member of any unlawful assembly, shall be punishable as 
a member of such unlawful assembly, and for any offence which may be committed by any such person 
as a member of such unlawful assembly in pursuance of such hiring, engagement or employment, in the 
same manner as if he had been a member of such unlawful assembly, or himself had committed such

(7) Whoever harbours, receives or assembles, in any house or premises in his occupation or charge, 
or under his control any persons knowing that such persons have been hired, engaged or employed, or are 
about to be hired, engaged or employed, to join or become members of an unlawful assembly, shall be 
punished with imprisonment of either description for a term which may extend to six months, or with 
(8) Whoever is engaged, or hired, or offers or attempts to be hired or engaged, to do or assist in doing 
any of the acts specified in sub-section (1), shall be punished with imprisonment of either description for 
a term which may extend to six months, or with fine, or with both. 
(9) Whoever, being so engaged or hired as referred to in sub-section (8), goes armed, or engages or 
offers to go armed, with any deadly weapon or with anything which used as a weapon of offence is likely 
to cause death, shall be punished with imprisonment of either description for a term which may extend to"
BNS_2023_s190,BNS_2023,BNS_2023_CH_XI,190,Every member of unlawful assembly guilty of offence committed in prosecution of,"Every member of unlawful assembly guilty of offence committed in prosecution of 
common object.—If an offence is committed by any member of an unlawful assembly in prosecution of 
the common object of that assembly, or such as the members of that assembly knew to be likely to be 
committed in prosecution of that object, every person who, at the time of the committing of that offence, 
is a member of the same assembly, is guilty of that offence."
BNS_2023_s191,BNS_2023,BNS_2023_CH_XI,191,Rioting,"Rioting.—(1) Whenever force or violence is used by an unlawful assembly, or by any member 
thereof, in prosecution of the common object of such assembly, every member of such assembly is guilty 
of the offence of rioting. 
(2) Whoever is guilty of rioting, shall be punished with imprisonment of either description for a term 
(3) Whoever is guilty of rioting, being armed with a deadly weapon or with anything which, used as a 
weapon of offence, is likely to cause death, shall be punished with imprisonment of either description for 
a term which may extend to five years, or with fine, or with both."
BNS_2023_s192,BNS_2023,BNS_2023_CH_XI,192,Wantonly giving provocation with intent to cause riot-if rioting be committed; if not,"Wantonly giving provocation with intent to cause riot-if rioting be committed; if not 
committed.—Whoever malignantly, or wantonly by doing anything which is illegal, gives provocation to 
any person intending or knowing it to be likely that such provocation will cause the offence of rioting to 
be committed, shall, if the offence of rioting be committed in consequence of such provocation, be 
punished with imprisonment of either description for a term which may extend to one year, or with fine, 
or with both; and if the offence of rioting be not committed, with imprisonment of either description for a 
term which may extend to six months, or with fine, or with both."
BNS_2023_s193,BNS_2023,BNS_2023_CH_XI,193,"Liability of owner, occupier, etc., of land on which an unlawful assembly or riot takes","Liability of owner, occupier, etc., of land on which an unlawful assembly or riot takes 
place.—(1) Whenever any unlawful assembly or riot takes place, the owner or occupier of the land upon 
which such unlawful assembly is held, or such riot is committed, and any person having or claiming an 
interest in such land, shall be punishable with fine not exceeding one thousand rupees, if he or his agent 
or manager, knowing that such offence is being or has been committed, or having reason to believe it is 
likely to be committed, do not give the earliest notice thereof in his or their power to the officer in charge 
at the nearest police station, and do not, in the case of his or their having reason to believe that it was 
about to be committed, use all lawful means in his or their power to prevent it and, in the event of its 
taking place, do not use all lawful means in his or their power to disperse or suppress the riot or unlawful 
assembly. 
(2) Whenever a riot is committed for the benefit or on behalf of any person who is the owner or 
occupier of any land respecting which such riot takes place or who claims any interest in such land, or in 
the subject of any dispute which gave rise to the riot, or who has accepted or derived any benefit 
therefrom, such person shall be punishable with fine, if he or his agent or manager, having reason to 
believe that such riot was likely to be committed or that the unlawful assembly by which such riot was 
committed was likely to be held, shall not respectively use all lawful means in his or their power to 
prevent such assembly or riot from taking place, and for suppressing and dispersing the same.

(3) Whenever a riot is committed for the benefit or on behalf of any person who is the owner or 
occupier of any land respecting which such riot takes place, or who claims any interest in such land, or in 
the subject of any dispute which gave rise to the riot, or who has accepted or derived any benefit 
therefrom, the agent or manager of such person shall be punishable with fine, if such agent or manager, 
having reason to believe that such riot was likely to be committed, or that the unlawful assembly by 
which such riot was committed was likely to be held, shall not use all lawful means in his power to 
prevent such riot or assembly from taking place and for suppressing and dispersing the same."
BNS_2023_s194,BNS_2023,BNS_2023_CH_XI,194,Affray,"Affray.—(1) When two or more persons, by fighting in a public place, disturb the public peace, 
they are said to commit an affray. 
(2) Whoever commits an affray, shall be punished with imprisonment of either description for a term 
which may extend to one month, or with fine which may extend to one thousand rupees, or with both."
BNS_2023_s195,BNS_2023,BNS_2023_CH_XI,195,"Assaulting or obstructing public servant when suppressing riot, etc","Assaulting or obstructing public servant when suppressing riot, etc.—(1) Whoever assaults 
or obstructs any public servant or uses criminal force on any public servant in the discharge of his duty as 
such public servant in endeavouring to disperse an unlawful assembly, or to suppress a riot or affray, 
shall be punished with imprisonment of either description for a term which may extend to three years, or 
with fine which shall not be less than twenty-five thousand rupees, or with both. 
(2) Whoever threatens to assault or attempts to obstruct any public servant or threatens or attempts to 
use criminal force to any public servant in the discharge of his duty as such public servant in 
endeavouring to disperse an unlawful assembly, or to suppress a riot or affray, shall be punished with 
imprisonment of either description for a term which may extend to one year, or with fine, or with both."
BNS_2023_s196,BNS_2023,BNS_2023_CH_XI,196,"Promoting enmity between different groups on grounds of religion, race, place of birth,","Promoting enmity between different groups on grounds of religion, race, place of birth, 
residence, language, etc., and doing acts prejudicial to maintenance of harmony.—(1) Whoever— 
(a) by words, either spoken or written, or by signs or by visible representations or through 
electronic communication or otherwise, promotes or attempts to promote, on grounds of religion, 
race, place of birth, residence, language, caste or community or any other ground whatsoever, 
disharmony or feelings of enmity, hatred or ill-will between different religious, racial, language or 
regional groups or castes or communities; or 
(b) commits any act which is prejudicial to the maintenance of harmony between different 
religious, racial, language or regional groups or castes or communities, and which disturbs or is likely 
to disturb the public tranquillity; or 
(c) organises any exercise, movement, drill or other similar activity intending that the participants 
in such activity shall use or be trained to use criminal force or violence or knowing it to be likely that 
the participants in such activity will use or be trained to use criminal force or violence, or participates 
in such activity intending to use or be trained to use criminal force or violence or knowing it to be 
likely that the participants in such activity will use or be trained to use criminal force or violence, 
against any religious, racial, language or regional group or caste or community and such activity for 
any reason whatsoever causes or is likely to cause fear or alarm or a feeling of insecurity amongst 
members of such religious, racial, language or regional group or caste or community, 
shall be punished with imprisonment which may extend to three years, or with fine, or with both. 
(2) Whoever commits an offence specified in sub-section (1) in any place of worship or in any 
assembly engaged in the performance of religious worship or religious ceremonies, shall be punished 
with imprisonment which may extend to five years and shall also be liable to fine."
BNS_2023_s197,BNS_2023,BNS_2023_CH_XI,197,"Imputations, assertions prejudicial to national integration","Imputations, assertions prejudicial to national integration.—(1) Whoever, by words either 
spoken or written or by signs or by visible representations or through electronic communication or 
otherwise,— 
(a) makes or publishes any imputation that any class of persons cannot, by reason of their being 
members of any religious, racial, language or regional group or caste or community, bear true faith 
and allegiance to the Constitution of India as by law established or uphold the sovereignty and 
integrity of India; or

(b) asserts, counsels, advises, propagates or publishes that any class of persons shall, by reason of 
their being members of any religious, racial, language or regional group or caste or community, be 
denied, or deprived of their rights as citizens of India; or 
(c) makes or publishes any assertion, counsel, plea or appeal concerning the obligation of any 
class of persons, by reason of their being members of any religious, racial, language or regional 
group or caste or community, and such assertion, counsel, plea or appeal causes or is likely to cause 
disharmony or feelings of enmity or hatred or ill-will between such members and other persons; or 
(d) makes or publishes false or misleading information, jeopardising the sovereignty, unity and 
integrity or security of India, 
shall be punished with imprisonment which may extend to three years, or with fine, or with both. 
(2) Whoever commits an offence specified in sub-section (1) in any place of worship or in any 
assembly engaged in the performance of religious worship or religious ceremonies, shall be punished 
with imprisonment which may extend to five years and shall also be liable to fine. 

CHAPTER XII 
OF OFFENCES BY OR RELATING TO PUBLIC SERVANTS"
BNS_2023_s198,BNS_2023,BNS_2023_CH_XII,198,"Public servant disobeying law, with intent to cause injury to any person","Public servant disobeying law, with intent to cause injury to any person.—Whoever, being a 
public servant, knowingly disobeys any direction of the law as to the way in which he is to conduct 
himself as such public servant, intending to cause, or knowing it to be likely that he will by such 
disobedience, cause injury to any person, shall be punished with simple imprisonment for a term which 
may extend to one year, or with fine, or with both. 
A, being an officer directed by law to take property in execution, in order to satisfy a decree 
pronounced in Z’s favour by a Court, knowingly disobeys that direction of law, with the knowledge that 
he is likely thereby to cause injury to Z. A has committed the offence defined in this section."
BNS_2023_s199,BNS_2023,BNS_2023_CH_XII,199,Public servant disobeying direction under law,"Public servant disobeying direction under law.—Whoever, being a public servant,— 
(a) knowingly disobeys any direction of the law which prohibits him from requiring the 
attendance at any place of any person for the purpose of investigation into an offence or any other 
matter; or 
(b) knowingly disobeys, to the prejudice of any person, any other direction of the law regulating 
the manner in which he shall conduct such investigation; or 
(c) fails to record any information given to him under sub-section (1) of section 173 of the 
Bharatiya Nagarik Suraksha Sanhita, 2023 in relation to cognizable offence punishable under 
section 64, section 65, section 66, section 67, section 68, section 70, section 71, section 74, 
section 76, section 77, section 79, section 124, section 143 or section 144, 
shall be punished with rigorous imprisonment for a term which shall not be less than six months but 
which may extend to two years, and shall also be liable to fine."
BNS_2023_s200,BNS_2023,BNS_2023_CH_XII,200,Punishment for non-treatment of victim,"Punishment for non-treatment of victim.—Whoever, being in charge of a hospital, public or 
private, whether run by the Central Government, the State Government, local bodies or any other person, 
contravenes the provisions of section 397 of the Bharatiya Nagarik Suraksha Sanhita, 2023, shall be 
punished with imprisonment for a term which may extend to one year, or with fine, or with both."
BNS_2023_s201,BNS_2023,BNS_2023_CH_XII,201,Public servant framing an incorrect document with intent to cause injury,"Public servant framing an incorrect document with intent to cause injury.—Whoever, 
being a public servant, and being, as such public servant, charged with the preparation or translation of 
any document or electronic record, frames, prepares or translates that document or electronic record in a 
manner which he knows or believes to be incorrect, intending thereby to cause or knowing it to be likely 
that he may thereby cause injury to any person, shall be punished with imprisonment of either description 
for a term which may extend to three years, or with fine, or with both."
BNS_2023_s202,BNS_2023,BNS_2023_CH_XII,202,Public servant unlawfully engaging in trade,"Public servant unlawfully engaging in trade.—Whoever, being a public servant, and being 
legally bound as such public servant not to engage in trade, engages in trade, shall be punished with 
simple imprisonment for a term which may extend to one year, or with fine, or with both or with 
community service."
BNS_2023_s203,BNS_2023,BNS_2023_CH_XII,203,Public servant unlawfully buying or bidding for property,"Public servant unlawfully buying or bidding for property.—Whoever, being a public 
servant, and being legally bound as such public servant, not to purchase or bid for certain property, 
purchases or bids for that property, either in his own name or in the name of another, or jointly, or in 
shares with others, shall be punished with simple imprisonment for a term which may extend to two 
years, or with fine, or with both; and the property, if purchased, shall be confiscated."
BNS_2023_s204,BNS_2023,BNS_2023_CH_XII,204,Personating a public servant,"Personating a public servant.—Whoever pretends to hold any particular office as a public 
servant, knowing that he does not hold such office or falsely personates any other person holding such 
office, and in such assumed character does or attempts to do any act under colour of such office, shall be 
punished with imprisonment of either description for a term which shall not be less than six months but 
which may extend to three years and with fine."
BNS_2023_s205,BNS_2023,BNS_2023_CH_XII,205,Wearing garb or carrying token used by public servant with fraudulent intent,"Wearing garb or carrying token used by public servant with fraudulent intent.—Whoever, 
not belonging to a certain class of public servants, wears any garb or carries any token resembling any 
garb or token used by that class of public servants, with the intention that it may be believed, or with the 
knowledge that it is likely to be believed, that he belongs to that class of public servants, shall be 
punished with imprisonment of either description for a term which may extend to three months, or with 
fine which may extend to five thousand rupees, or with both. 
CHAPTER XIII 
OF CONTEMPTS OF THE LAWFUL AUTHORITY OF PUBLIC SERVANTS"
BNS_2023_s206,BNS_2023,BNS_2023_CH_XIII,206,Absconding to avoid service of summons or other proceeding,"Absconding to avoid service of summons or other proceeding.—Whoever absconds in order 
to avoid being served with a summons, notice or order proceeding from any public servant legally 
competent, as such public servant, to issue such summons, notice or order,— 
(b) where such summons or notice or order is to attend in person or by agent, or to produce a 
document or an electronic record in a Court shall be punished with simple imprisonment for a term 
which may extend to six months, or with fine which may extend to ten thousand rupees, or with both."
BNS_2023_s207,BNS_2023,BNS_2023_CH_XIII,207,"Preventing service of summons or other proceeding, or preventing publication thereof","Preventing service of summons or other proceeding, or preventing publication thereof.—
Whoever in any manner intentionally prevents the serving on himself, or on any other person, of any 
summons, notice or order proceeding from any public servant legally competent, as such public servant, 
to issue such summons, notice or order, or intentionally prevents the lawful affixing to any place of any 
such summons, notice or order or intentionally removes any such summons, notice or order from any 
place to which it is lawfully affixed or intentionally prevents the lawful making of any proclamation, 
under the authority of any public servant legally competent, as such public servant, to direct such 
proclamation to be made,— 
(b) where the summons, notice, order or proclamation is to attend in person or by agent, or to 
produce a document or electronic record in a Court, with simple imprisonment for a term which may 
extend to six months, or with fine which may extend to ten thousand rupees, or with both."
BNS_2023_s208,BNS_2023,BNS_2023_CH_XIII,208,Non-attendance in obedience to an order from public servant,"Non-attendance in obedience to an order from public servant.—Whoever, being legally 
bound to attend in person or by an agent at a certain place and time in obedience to a summons, notice, 
order, or proclamation proceeding from any public servant legally competent, as such public servant, to 
issue the same, intentionally omits to attend at that place or time or departs from the place where he is 
bound to attend before the time at which it is lawful for him to depart,—

(b) where the summons, notice, order or proclamation is to attend in person or by agent in a 
Court with simple imprisonment for a term which may extend to six months, or with fine which may 
extend to ten thousand rupees, or with both. 
(a) A, being legally bound to appear before a High Court, in obedience to a subpoena issuing 
from that Court, intentionally omits to appear. A has committed the offence defined in this section. 
(b) A, being legally bound to appear before a District Judge, as a witness, in obedience to a 
summons issued by that District Judge intentionally omits to appear. A has committed the offence 
defined in this section."
BNS_2023_s209,BNS_2023,BNS_2023_CH_XIII,209,Non-appearance in response to a proclamation under section 84 of Bharatiya Nagarik,"Non-appearance in response to a proclamation under section 84 of Bharatiya Nagarik 
Suraksha Sanhita, 2023.—Whoever fails to appear at the specified place and the specified time as 
required by a proclamation published under sub-section (1) of section 84 of the Bharatiya Nagarik 
Suraksha Sanhita, 2023, shall be punished with imprisonment for a term which may extend to three years, 
or with fine, or with both, or with community service, and where a declaration has been made under 
sub-section (4) of that section pronouncing him as a proclaimed offender, he shall be punished with 
imprisonment for a term which may extend to seven years and shall also be liable to fine."
BNS_2023_s210,BNS_2023,BNS_2023_CH_XIII,210,Omission to produce document or electronic record to public servant by person legally,"Omission to produce document or electronic record to public servant by person legally 
bound to produce it.—Whoever, being legally bound to produce or deliver up any document or 
electronic record to any public servant, as such, intentionally omits so to produce or deliver up the 
same,— 
(b) and where the document or electronic record is to be produced or delivered up to a Court with 
simple imprisonment for a term which may extend to six months, or with fine which may extend to 
ten thousand rupees, or with both. 
A, being legally bound to produce a document before a District Court, intentionally omits to produce 
the same. A has committed the offence defined in this section."
BNS_2023_s211,BNS_2023,BNS_2023_CH_XIII,211,Omission to give notice or information to public servant by person legally bound to give,"Omission to give notice or information to public servant by person legally bound to give 
it.—Whoever, being legally bound to give any notice or to furnish information on any subject to any 
public servant, as such, intentionally omits to give such notice or to furnish such information in the 
manner and at the time required by law,— 
(b) where the notice or information required to be given respects the commission of an offence, 
or is required for the purpose of preventing the commission of an offence, or in order to the 
apprehension of an offender, with simple imprisonment for a term which may extend to six months, 
or with fine which may extend to ten thousand rupees, or with both; 
(c) where the notice or information required to be given is required by an order passed 
under section 394 of the Bharatiya Nagarik Suraksha Sanhita, 2023 with imprisonment of either 
description for a term which may extend to six months, or with fine which may extend to one"
BNS_2023_s212,BNS_2023,BNS_2023_CH_XIII,212,Furnishing false information,"Furnishing false information.—Whoever, being legally bound to furnish information on any 
subject to any public servant, as such, furnishes, as true, information on the subject which he knows or 
has reason to believe to be false,—

(b) to use the lawful power of such public servant to the injury or annoyance of any person, 
shall be punished with imprisonment of either description for a term which may extend to one year, or 
with fine which may extend to ten thousand rupees, or with both. 
(a) A informs a Magistrate that Z, a police officer, subordinate to such Magistrate, has been 
guilty of neglect of duty or misconduct, knowing such information to be false, and knowing it to be 
likely that the information will cause the Magistrate to dismiss Z. A has committed the offence 
defined in this section. 
(b) A falsely informs a public servant that Z has contraband salt in a secret place, knowing such 
information to be false, and knowing that it is likely that the consequence of the information will be a 
search of Z’s premises, attended with annoyance to Z. A has committed the offence defined in this 
(c) A falsely informs a policeman that he has been assaulted and robbed in the neighbourhood of 
a particular village. He does not mention the name of any person as one of his assailants, but knows it 
to be likely that in consequence of this information the police will make enquiries and institute 
searches in the village to the annoyance of the villagers or some of them. A has committed an offence 
under this section."
BNS_2023_s218,BNS_2023,BNS_2023_CH_XIII,218,Resistance to taking of property by lawful authority of a public servant,"Resistance to taking of property by lawful authority of a public servant.—Whoever offers 
any resistance to the taking of any property by the lawful authority of any public servant, knowing or 
having reason to believe that he is such public servant, shall be punished with imprisonment of either 
description for a term which may extend to six months, or with fine which may extend to ten thousand"
BNS_2023_s219,BNS_2023,BNS_2023_CH_XIII,219,Obstructing sale of property offered for sale by authority of public servant,"Obstructing sale of property offered for sale by authority of public servant.—Whoever 
intentionally obstructs any sale of property offered for sale by the lawful authority of any public servant, 
as such, shall be punished with imprisonment of either description for a term which may extend to one 
month, or with fine which may extend to five thousand rupees, or with both."
BNS_2023_s220,BNS_2023,BNS_2023_CH_XIII,220,Illegal purchase or bid for property offered for sale by authority of public servant,"Illegal purchase or bid for property offered for sale by authority of public servant.—
Whoever, at any sale of property held by the lawful authority of a public servant, as such, purchases or 
bids for any property on account of any person, whether himself or any other, whom he knows to be 
under a legal incapacity to purchase that property at that sale, or bids for such property not intending to 
perform the obligations under which he lays himself by such bidding, shall be punished with 
imprisonment of either description for a term which may extend to one month, or with fine which may 
extend to two hundred rupees, or with both."
BNS_2023_s221,BNS_2023,BNS_2023_CH_XIII,221,Obstructing public servant in discharge of public functions,"Obstructing public servant in discharge of public functions.—Whoever voluntarily obstructs 
any public servant in the discharge of his public functions, shall be punished with imprisonment of either 
description for a term which may extend to three months, or with fine which may extend to two thousand 
and five hundred rupees, or with both."
BNS_2023_s222,BNS_2023,BNS_2023_CH_XIII,222,Omission to assist public servant when bound by law to give assistance,"Omission to assist public servant when bound by law to give assistance.—Whoever, being 
bound by law to render or furnish assistance to any public servant in the execution of his public duty, 
intentionally omits to give such assistance,— 
with fine which may extend to two thousand and five hundred rupees, or with both; 
(b) and where such assistance be demanded of him by a public servant legally competent to make 
such demand for the purposes of executing any process lawfully issued by a Court or of preventing 
the commission of an offence, or suppressing a riot, or affray, or of apprehending a person charged 
with or guilty of an offence, or of having escaped from lawful custody, shall be punished with simple 
imprisonment for a term which may extend to six months, or with fine which may extend to five"
BNS_2023_s223,BNS_2023,BNS_2023_CH_XIII,223,Disobedience to order duly promulgated by public servant,"Disobedience to order duly promulgated by public servant.—Whoever, knowing that, by an 
order promulgated by a public servant lawfully empowered to promulgate such order, he is directed to 
abstain from a certain act, or to take certain order with certain property in his possession or under his 
management, disobeys such direction,— 
(a) shall, if such disobedience causes or tends to cause obstruction, annoyance or injury, or risk 
of obstruction, annoyance or injury, to any person lawfully employed, be punished with simple 
imprisonment for a term which may extend to six months, or with fine which may extend to two 
thousand and five hundred rupees, or with both; 
(b) and where such disobedience causes or tends to cause danger to human life, health or safety, 
or causes or tends to cause a riot or affray, shall be punished with imprisonment of either description 
for a term which may extend to one year, or with fine which may extend to five thousand rupees, or 
Explanation.—It is not necessary that the offender should intend to produce harm, or contemplate his 
disobedience as likely to produce harm. It is sufficient that he knows of the order which he disobeys, and 
that his disobedience produces, or is likely to produce, harm. 
An order is promulgated by a public servant lawfully empowered to promulgate such order, directing 
that a religious procession shall not pass down a certain street. A knowingly disobeys the order, and 
thereby causes danger of riot. A has committed the offence defined in this section."
BNS_2023_s224,BNS_2023,BNS_2023_CH_XIII,224,Threat of injury to public servant,"Threat of injury to public servant.—Whoever holds out any threat of injury to any public 
servant, or to any person in whom he believes that public servant to be interested, for the purpose of 
inducing that public servant to do any act, or to forbear or delay to do any act, connected with the 
exercise of the public functions of such public servant, shall be punished with imprisonment of either 
description for a term which may extend to two years, or with fine, or with both."
BNS_2023_s225,BNS_2023,BNS_2023_CH_XIII,225,Threat of injury to induce person to refrain from applying for protection to public,"Threat of injury to induce person to refrain from applying for protection to public 
servant.—Whoever holds out any threat of injury to any person for the purpose of inducing that person 
to refrain or desist from making a legal application for protection against any injury to any public servant 
legally empowered as such to give such protection, or to cause such protection to be given, shall be 
punished with imprisonment of either description for a term which may extend to one year, or with fine,"
BNS_2023_s226,BNS_2023,BNS_2023_CH_XIII,226,Attempt to commit suicide to compel or restrain exercise of lawful power,"Attempt to commit suicide to compel or restrain exercise of lawful power.—Whoever 
attempts to commit suicide with the intent to compel or restrain any public servant from discharging his 
official duty shall be punished with simple imprisonment for a term which may extend to one year, or 
with fine, or with both, or with community service. 

CHAPTER XIV 
OF FALSE EVIDENCE AND OFFENCES AGAINST PUBLIC JUSTICE"
BNS_2023_s227,BNS_2023,BNS_2023_CH_XIV,227,Giving false evidence,"Giving false evidence.—Whoever, being legally bound by an oath or by an express provision of 
law to state the truth, or being bound by law to make a declaration upon any subject, makes any statement 
which is false, and which he either knows or believes to be false or does not believe to be true, is said to 
give false evidence. 
Explanation 1.—A statement is within the meaning of this section, whether it is made verbally or 
otherwise. 
Explanation 2.—A false statement as to the belief of the person attesting is within the meaning of this 
section, and a person may be guilty of giving false evidence by stating that he believes a thing which he 
does not believe, as well as by stating that he knows a thing which he does not know.

(a) A, in support of a just claim which B has against Z for one thousand rupees, falsely swears on a 
trial that he heard Z admit the justice of B’s claim. A has given false evidence. 
(b) A, being bound by an oath to state the truth, states that he believes a certain signature to be the 
handwriting of Z, when he does not believe it to be the handwriting of Z. Here A states that which he 
knows to be false, and therefore gives false evidence. 
(c) A, knowing the general character of Z’s handwriting, states that he believes a certain signature to 
be the handwriting of Z; A in good faith believing it to be so. Here A’s statement is merely as to his 
belief, and is true as to his belief, and therefore, although the signature may not be the handwriting of Z, 
A has not given false evidence. 
(d) A, being bound by an oath to state the truth, states that he knows that Z was at a particular place 
on a particular day, not knowing anything upon the subject. A gives false evidence whether Z was at that 
place on the day named or not. 
(e) A, an interpreter or translator, gives or certifies as a true interpretation or translation of a 
statement or document which he is bound by oath to interpret or translate truly, that which is not and 
which he does not believe to be a true interpretation or translation. A has given false evidence."
BNS_2023_s228,BNS_2023,BNS_2023_CH_XIV,228,Fabricating false evidence,"Fabricating false evidence.—Whoever causes any circumstance to exist or makes any false 
entry in any book or record, or electronic record or makes any document or electronic record containing a 
false statement, intending that such circumstance, false entry or false statement may appear in evidence in 
a judicial proceeding, or in a proceeding taken by law before a public servant as such, or before an 
arbitrator, and that such circumstance, false entry or false statement, so appearing in evidence, may cause 
any person who in such proceeding is to form an opinion upon the evidence, to entertain an erroneous 
opinion touching any point material to the result of such proceeding is said “to fabricate false evidence”. 
(a) A puts jewels into a box belonging to Z, with the intention that they may be found in that box, and 
that this circumstance may cause Z to be convicted of theft. A has fabricated false evidence. 
(b) A makes a false entry in his shop-book for the purpose of using it as corroborative evidence in a 
Court. A has fabricated false evidence. 
(c) A, with the intention of causing Z to be convicted of a criminal conspiracy, writes a letter in 
imitation of Z’s handwriting, purporting to be addressed to an accomplice in such criminal conspiracy, 
and puts the letter in a place which he knows that the officers of the police are likely to search. A has 
fabricated false evidence."
BNS_2023_s229,BNS_2023,BNS_2023_CH_XIV,229,Punishment for false evidence,"Punishment for false evidence.—(1) Whoever intentionally gives false evidence in any stage 
of a judicial proceeding, or fabricates false evidence for the purpose of being used in any stage of a 
judicial proceeding, shall be punished with imprisonment of either description for a term which may 
extend to seven years, and shall also be liable to fine which may extend to ten thousand rupees. 
(2) Whoever intentionally gives or fabricates false evidence in any case other than that referred to in 
sub-section (1), shall be punished with imprisonment of either description for a term which may extend to 
three years, and shall also be liable to fine which may extend to five thousand rupees. 
Explanation 1.—A trial before a Court-martial is a judicial proceeding. 
Explanation 2.—An investigation directed by law preliminary to a proceeding before a Court, is a 
stage of a judicial proceeding, though that investigation may not take place before a Court. 
A, in an enquiry before a Magistrate for the purpose of ascertaining whether Z ought to be committed 
for trial, makes on oath a statement which he knows to be false. As this enquiry is a stage of a judicial 
proceeding, A has given false evidence.

Explanation 3.—An investigation directed by a Court according to law, and conducted under the 
authority of a Court, is a stage of a judicial proceeding, though that investigation may not take place 
before a Court. 

A, in an enquiry before an officer deputed by a Court to ascertain on the spot the boundaries of land, 
makes on oath a statement which he knows to be false. As this enquiry is a stage of a judicial proceeding, 
A has given false evidence."
BNS_2023_s230,BNS_2023,BNS_2023_CH_XIV,230,Giving or fabricating false evidence with intent to procure conviction of capital offence,"Giving or fabricating false evidence with intent to procure conviction of capital offence.—
(1) Whoever gives or fabricates false evidence, intending thereby to cause, or knowing it to be likely that 
he will thereby cause, any person to be convicted of an offence which is capital by the law for the time 
being in force in India shall be punished with imprisonment for life, or with rigorous imprisonment for a 
term which may extend to ten years, and shall also be liable to fine which may extend to fifty thousand 
rupees. 
(2) If an innocent person be convicted and executed in consequence of false evidence referred to in 
sub-section (1), the person who gives such false evidence shall be punished either with death or the 
punishment specified in sub-section (1)."
BNS_2023_s231,BNS_2023,BNS_2023_CH_XIV,231,Giving or fabricating false evidence with intent to procure conviction of offence punishable,"Giving or fabricating false evidence with intent to procure conviction of offence punishable 
with imprisonment for life or imprisonment.—Whoever gives or fabricates false evidence intending 
thereby to cause, or knowing it to be likely that he will thereby cause, any person to be convicted of an 
offence which by the law for the time being in force in India is not capital, but punishable with 
imprisonment for life, or imprisonment for a term of seven years or upwards, shall be punished as a 
person convicted of that offence would be liable to be punished. 
A gives false evidence before a Court, intending thereby to cause Z to be convicted of a dacoity. The 
punishment of dacoity is imprisonment for life, or rigorous imprisonment for a term which may extend to 
ten years, with or without fine. A, therefore, is liable to imprisonment for life or imprisonment, with or 
without fine."
BNS_2023_s232,BNS_2023,BNS_2023_CH_XIV,232,Threatening any person to give false evidence,"Threatening any person to give false evidence.—(1) Whoever threatens another with any 
injury to his person, reputation or property or to the person or reputation of any one in whom that person 
is interested, with intent to cause that person to give false evidence shall be punished with imprisonment 
of either description for a term which may extend to seven years, or with fine, or with both. 
(2) If innocent person is convicted and sentenced in consequence of false evidence referred to in 
sub-section (1), with death or imprisonment for more than seven years, the person who threatens shall be 
punished with the same punishment and sentence in the same manner and to the same extent such 
innocent person is punished and sentenced."
BNS_2023_s233,BNS_2023,BNS_2023_CH_XIV,233,Using evidence known to be false,"Using evidence known to be false.—Whoever corruptly uses or attempts to use as true or 
genuine evidence any evidence which he knows to be false or fabricated, shall be punished in the same 
manner as if he gave or fabricated false evidence."
BNS_2023_s234,BNS_2023,BNS_2023_CH_XIV,234,Issuing or signing false certificate,"Issuing or signing false certificate.—Whoever issues or signs any certificate required by law to 
be given or signed, or relating to any fact of which such certificate is by law admissible in evidence, 
knowing or believing that such certificate is false in any material point, shall be punished in the same 
manner as if he gave false evidence."
BNS_2023_s235,BNS_2023,BNS_2023_CH_XIV,235,Using as true a certificate known to be false,"Using as true a certificate known to be false.—Whoever corruptly uses or attempts to use any 
such certificate as a true certificate, knowing the same to be false in any material point, shall be punished 
in the same manner as if he gave false evidence."
BNS_2023_s236,BNS_2023,BNS_2023_CH_XIV,236,False statement made in declaration which is by law receivable as evidence,"False statement made in declaration which is by law receivable as evidence.—Whoever, in 
any declaration made or subscribed by him, which declaration any Court or any public servant or other"
BNS_2023_s242,BNS_2023,BNS_2023_CH_XIV,242,False personation for purpose of act or proceeding in suit or prosecution,"False personation for purpose of act or proceeding in suit or prosecution.—Whoever falsely 
personates another, and in such assumed character makes any admission or statement, or confesses 
judgment, or causes any process to be issued or becomes bail or security, or does any other act in any suit 
or criminal prosecution, shall be punished with imprisonment of either description for a term which may 
extend to three years, or with fine, or with both."
BNS_2023_s243,BNS_2023,BNS_2023_CH_XIV,243,Fraudulent removal or concealment of property to prevent its seizure as forfeited or in,"Fraudulent removal or concealment of property to prevent its seizure as forfeited or in 
execution.—Whoever fraudulently removes, conceals, transfers or delivers to any person any property or 
any interest therein, intending thereby to prevent that property or interest therein from being taken as a 
forfeiture or in satisfaction of a fine, under a sentence which has been pronounced, or which he knows to 
be likely to be pronounced, by a Court or other competent authority, or from being taken in execution of a 
decree or order which has been made, or which he knows to be likely to be made by a Court in a civil 
suit, shall be punished with imprisonment of either description for a term which may extend to three 
years, or with fine which may extend to five thousand rupees, or with both."
BNS_2023_s244,BNS_2023,BNS_2023_CH_XIV,244,Fraudulent claim to property to prevent its seizure as forfeited or in execution,"Fraudulent claim to property to prevent its seizure as forfeited or in execution.—Whoever 
fraudulently accepts, receives or claims any property or any interest therein, knowing that he has no right 
or rightful claim to such property or interest, or practises any deception touching any right to any 
property or any interest therein, intending thereby to prevent that property or interest therein from being 
taken as a forfeiture or in satisfaction of a fine, under a sentence which has been pronounced, or which he 
knows to be likely to be pronounced by a Court or other competent authority, or from being taken in 
execution of a decree or order which has been made, or which he knows to be likely to be made by a 
Court in a civil suit, shall be punished with imprisonment of either description for a term which may"
BNS_2023_s245,BNS_2023,BNS_2023_CH_XIV,245,Fraudulently suffering decree for sum not due,"Fraudulently suffering decree for sum not due.—Whoever fraudulently causes or suffers a 
decree or order to be passed against him at the suit of any person for a sum not due or for a larger sum 
than is due to such person or for any property or interest in property to which such person is not entitled, 
or fraudulently causes or suffers a decree or order to be executed against him after it has been satisfied, or 
for anything in respect of which it has been satisfied, shall be punished with imprisonment of either 
description for a term which may extend to two years, or with fine, or with both. 
A institutes a suit against Z. Z, knowing that A is likely to obtain a decree against him, fraudulently 
suffers a judgment to pass against him for a larger amount at the suit of B, who has no just claim against 
him, in order that B, either on his own account or for the benefit of Z, may share in the proceeds of any 
sale of Z’s property which may be made under A’s decree. Z has committed an offence under this"
BNS_2023_s246,BNS_2023,BNS_2023_CH_XIV,246,Dishonestly making false claim in Court,"Dishonestly making false claim in Court.—Whoever fraudulently or dishonestly, or with 
intent to injure or annoy any person, makes in a Court any claim which he knows to be false, shall be 
punished with imprisonment of either description for a term which may extend to two years, and shall"
BNS_2023_s247,BNS_2023,BNS_2023_CH_XIV,247,Fraudulently obtaining decree for sum not due,"Fraudulently obtaining decree for sum not due.—Whoever fraudulently obtains a decree or 
order against any person for a sum not due, or for a larger sum than is due or for any property or interest 
in property to which he is not entitled, or fraudulently causes a decree or order to be executed against any 
person after it has been satisfied or for anything in respect of which it has been satisfied, or fraudulently 
suffers or permits any such act to be done in his name, shall be punished with imprisonment of either 
description for a term which may extend to two years, or with fine, or with both."
BNS_2023_s248,BNS_2023,BNS_2023_CH_XIV,248,False charge of offence made with intent to injure,"False charge of offence made with intent to injure.—Whoever, with intent to cause injury to 
any person, institutes or causes to be instituted any criminal proceeding against that person, or falsely 
charges any person with having committed an offence, knowing that there is no just or lawful ground for 
such proceeding or charge against that person,— 
(a) shall be punished with imprisonment of either description for a term which may extend to five 
years, or with fine which may extend to two lakh rupees, or with both;

(b) if the offence is punishable with imprisonment for life or with imprisonment which may 
(c) if the offence is punishable with imprisonment not extending to ten years, be punished with 
imprisonment of the description provided for the offence for a term which may extend to one-fourth 
part of the longest term of imprisonment provided for the offence, or with fine, or with both. 
Exception.—The provisions of this section and section 250 do not extend to any case in which the 
offence may lawfully be compounded."
BNS_2023_s252,BNS_2023,BNS_2023_CH_XIV,252,"Taking gift to help to recover stolen property, etc","Taking gift to help to recover stolen property, etc.—Whoever takes or agrees or consents to 
take any gratification under pretence or on account of helping any person to recover any movable 
property of which he shall have been deprived by any offence punishable under this Sanhita, shall, unless 
he uses all means in his power to cause the offender to be apprehended and convicted of the offence, be"
BNS_2023_s253,BNS_2023,BNS_2023_CH_XIV,253,Harbouring offender who has escaped from custody or whose apprehension has been,"Harbouring offender who has escaped from custody or whose apprehension has been 
ordered.—Whenever any person convicted of or charged with an offence, being in lawful custody for 
that offence, escapes from such custody, or whenever a public servant, in the exercise of the lawful 
powers of such public servant, orders a certain person to be apprehended for an offence, whoever, 
knowing of such escape or order for apprehension, harbours or conceals that person with the intention of 
preventing him from being apprehended, shall be punished in the manner following, namely:— 
(a) if the offence for which the person was in custody or is ordered to be apprehended is 
punishable with death, he shall be punished with imprisonment of either description for a term which 
may extend to seven years, and shall also be liable to fine; 
(b) if the offence is punishable with imprisonment for life or imprisonment for ten years, he shall 
be punished with imprisonment of either description for a term which may extend to three years, with 
or without fine; 
(c) if the offence is punishable with imprisonment which may extend to one year and not to ten 
years, he shall be punished with imprisonment of the description provided for the offence for a term 
which may extend to one-fourth part of the longest term of the imprisonment provided for such 
offence, or with fine, or with both. 
Explanation.—“Offence” in this section includes also any act or omission of which a person is 
alleged to have been guilty out of India, which, if he had been guilty of it in India, would have been 
punishable as an offence, and for which he is, under any law relating to extradition, or otherwise, liable to 
be apprehended or detained in custody in India, and every such act or omission shall, for the purposes of 
this section, be deemed to be punishable as if the accused person had been guilty of it in India. 
Exception.—The provisions of this section do not extend to the case in which the harbour or 
concealment is by the spouse of the person to be apprehended."
BNS_2023_s254,BNS_2023,BNS_2023_CH_XIV,254,Penalty for harbouring robbers or dacoits,"Penalty for harbouring robbers or dacoits.—Whoever, knowing or having reason to believe 
that any persons are about to commit or have recently committed robbery or dacoity, harbours them or 
any of them, with the intention of facilitating the commission of such robbery or dacoity, or of screening 
them or any of them from punishment, shall be punished with rigorous imprisonment for a term which 
may extend to seven years, and shall also be liable to fine. 
Explanation.—For the purposes of this section it is immaterial whether the robbery or dacoity is 
intended to be committed, or has been committed, within or without India. 
Exception.—The provisions of this section do not extend to the case in which the harbour is by the 
spouse of the offender. 
255.—Public servant disobeying direction of law with intent to save person from punishment or 
property from forfeiture.—Whoever, being a public servant, knowingly disobeys any direction of the 
law as to the way in which he is to conduct himself as such public servant, intending thereby to save, or

knowing it to be likely that he will thereby save, any person from legal punishment, or subject him to a 
less punishment than that to which he is liable, or with intent to save, or knowing that he is likely thereby 
to save, any property from forfeiture or any charge to which it is liable by law, shall be punished with"
BNS_2023_s256,BNS_2023,BNS_2023_CH_XIV,256,Public servant framing incorrect record or writing with intent to save person from,"Public servant framing incorrect record or writing with intent to save person from 
punishment or property from forfeiture.—Whoever, being a public servant, and being as such public 
servant, charged with the preparation of any record or other writing, frames that record or writing in a 
manner which he knows to be incorrect, with intent to cause, or knowing it to be likely that he will 
thereby cause, loss or injury to the public or to any person, or with intent thereby to save, or knowing it to 
be likely that he will thereby save, any person from legal punishment, or with intent to save, or knowing 
that he is likely thereby to save, any property from forfeiture or other charge to which it is liable by law, 
shall be punished with imprisonment of either description for a term which may extend to three years, or"
BNS_2023_s257,BNS_2023,BNS_2023_CH_XIV,257,"Public servant in judicial proceeding corruptly making report, etc., contrary to law","Public servant in judicial proceeding corruptly making report, etc., contrary to law.—
Whoever, being a public servant, corruptly or maliciously makes or pronounces in any stage of a judicial 
proceeding, any report, order, verdict, or decision which he knows to be contrary to law, shall be 
punished with imprisonment of either description for a term which may extend to seven years, or with"
BNS_2023_s258,BNS_2023,BNS_2023_CH_XIV,258,Commitment for trial or confinement by person having authority who knows that he is,"Commitment for trial or confinement by person having authority who knows that he is 
acting contrary to law.—Whoever, being in any office which gives him legal authority to commit 
persons for trial or to confinement, or to keep persons in confinement, corruptly or maliciously commits 
any person for trial or to confinement, or keeps any person in confinement, in the exercise of that 
authority knowing that in so doing he is acting contrary to law, shall be punished with imprisonment of 
either description for a term which may extend to seven years, or with fine, or with both."
BNS_2023_s259,BNS_2023,BNS_2023_CH_XIV,259,Intentional omission to apprehend on part of public servant bound to apprehend,"Intentional omission to apprehend on part of public servant bound to apprehend.—
Whoever, being a public servant, legally bound as such public servant to apprehend or to keep in 
confinement any person charged with or liable to be apprehended for an offence, intentionally omits to 
apprehend such person, or intentionally suffers such person to escape, or intentionally aids such person in 
escaping or attempting to escape from such confinement, shall be punished,— 
(a) with imprisonment of either description for a term which may extend to seven years, with or 
without fine, if the person in confinement, or who ought to have been apprehended, was charged 
with, or liable to be apprehended for, an offence punishable with death; or 
(b) with imprisonment of either description for a term which may extend to three years, with or 
without fine, if the person in confinement, or who ought to have been apprehended, was charged 
with, or liable to be apprehended for, an offence punishable with imprisonment for life or 
imprisonment for a term which may extend to ten years; or 
(c) with imprisonment of either description for a term which may extend to two years, with or 
without fine, if the person in confinement, or who ought to have been apprehended, was charged 
with, or liable to be apprehended for, an offence punishable with imprisonment for a term less than 
ten years."
BNS_2023_s260,BNS_2023,BNS_2023_CH_XIV,260,Intentional omission to apprehend on part of public servant bound to apprehend person,"Intentional omission to apprehend on part of public servant bound to apprehend person 
under sentence or lawfully committed.—Whoever, being a public servant, legally bound as such public 
servant to apprehend or to keep in confinement any person under sentence of a Court for any offence or 
lawfully committed to custody, intentionally omits to apprehend such person, or intentionally suffers such 
person to escape or intentionally aids such person in escaping or attempting to escape from such 
confinement, shall be punished,— 
(a) with imprisonment for life or with imprisonment of either description for a term which may 
extend to fourteen years, with or without fine, if the person in confinement, or who ought to have 
been apprehended, is under sentence of death; or

(b) with imprisonment of either description for a term which may extend to seven years, with or 
without fine, if the person in confinement or who ought to have been apprehended, is subject, by a 
sentence of a Court, or by virtue of a commutation of such sentence, to imprisonment for life or 
imprisonment for a term of ten years, or upwards; or 
(c) with imprisonment of either description for a term which may extend to three years, or with 
fine, or with both, if the person in confinement or who ought to have been apprehended, is subject by 
a sentence of a Court to imprisonment for a term not extending to ten years or if the person was 
lawfully committed to custody."
BNS_2023_s261,BNS_2023,BNS_2023_CH_XIV,261,Escape from confinement or custody negligently suffered by public servant,"Escape from confinement or custody negligently suffered by public servant.—Whoever, 
being a public servant legally bound as such public servant to keep in confinement any person charged 
with or convicted of any offence or lawfully committed to custody, negligently suffers such person to 
escape from confinement, shall be punished with simple imprisonment for a term which may extend to"
BNS_2023_s262,BNS_2023,BNS_2023_CH_XIV,262,Resistance or obstruction by a person to his lawful apprehension,"Resistance or obstruction by a person to his lawful apprehension.—Whoever intentionally 
offers any resistance or illegal obstruction to the lawful apprehension of himself for any offence with 
which he is charged or of which he has been convicted, or escapes or attempts to escape from any 
custody in which he is lawfully detained for any such offence, shall be punished with imprisonment of 
Explanation.—The punishment in this section is in addition to the punishment for which the person 
to be apprehended or detained in custody was liable for the offence with which he was charged, or of 
which he was convicted."
BNS_2023_s263,BNS_2023,BNS_2023_CH_XIV,263,Resistance or obstruction to lawful apprehension of another person,"Resistance or obstruction to lawful apprehension of another person.—Whoever, 
intentionally offers any resistance or illegal obstruction to the lawful apprehension of any other person for 
an offence, or rescues or attempts to rescue any other person from any custody in which that person is 
lawfully detained for an offence,— 
(a) shall be punished with imprisonment of either description for a term which may extend to two 
years, or with fine, or with both; or 
(b) if the person to be apprehended, or the person rescued or attempted to be rescued, is charged 
with or liable to be apprehended for an offence punishable with imprisonment for life or 
imprisonment for a term which may extend to ten years, shall be punished with imprisonment of 
either description for a term which may extend to three years, and shall also be liable to fine; or 
(c) if the person to be apprehended or rescued, or attempted to be rescued, is charged with or 
liable to be apprehended for an offence punishable with death, shall be punished with imprisonment 
of either description for a term which may extend to seven years, and shall also be liable to fine; or 
(d) if the person to be apprehended or rescued, or attempted to be rescued, is liable under the 
sentence of a Court or by virtue of a commutation of such a sentence, to imprisonment for life, or 
imprisonment for a term of ten years or upwards, shall be punished with imprisonment of either 
description for a term which may extend to seven years, and shall also be liable to fine; or 
(e) if the person to be apprehended or rescued, or attempted to be rescued, is under sentence of 
death, shall be punished with imprisonment for life or imprisonment of either description for a term 
not exceeding ten years, and shall also be liable to fine."
BNS_2023_s264,BNS_2023,BNS_2023_CH_XIV,264,"Omission to apprehend, or sufferance of escape, on part of public servant, in cases not","Omission to apprehend, or sufferance of escape, on part of public servant, in cases not 
otherwise provided for.—Whoever, being a public servant legally bound as such public servant to 
apprehend, or to keep in confinement, any person in any case not provided for in section 259, section 260 
or section 261, or in any other law for the time being in force, omits to apprehend that person or suffers 
him to escape from confinement, shall be punished— 
(a) if he does so intentionally, with imprisonment of either description for a term which may 
extend to three years, or with fine, or with both; and

(b) if he does so negligently, with simple imprisonment for a term which may extend to two 
years, or with fine, or with both."
BNS_2023_s265,BNS_2023,BNS_2023_CH_XIV,265,Resistance or obstruction to lawful apprehension or escape or rescue in cases not otherwise,"Resistance or obstruction to lawful apprehension or escape or rescue in cases not otherwise 
provided for.—Whoever, in any case not provided for in section 262 or section 263 or in any other law 
for the time being in force, intentionally offers any resistance or illegal obstruction to the lawful 
apprehension of himself or of any other person, or escapes or attempts to escape from any custody in 
which he is lawfully detained, or rescues or attempts to rescue any other person from any custody in 
which that person is lawfully detained, shall be punished with imprisonment of either description for a 
term which may extend to six months, or with fine, or with both."
BNS_2023_s266,BNS_2023,BNS_2023_CH_XIV,266,Violation of condition of remission of punishment,"Violation of condition of remission of punishment.—Whoever, having accepted any 
conditional remission of punishment, knowingly violates any condition on which such remission was 
granted, shall be punished with the punishment to which he was originally sentenced, if he has already 
suffered no part of that punishment, and if he has suffered any part of that punishment, then with so much 
of that punishment as he has not already suffered."
BNS_2023_s267,BNS_2023,BNS_2023_CH_XIV,267,Intentional insult or interruption to public servant sitting in judicial proceeding,"Intentional insult or interruption to public servant sitting in judicial proceeding.—
Whoever, intentionally offers any insult, or causes any interruption to any public servant, while such 
public servant is sitting in any stage of a judicial proceeding, shall be punished with simple imprisonment 
for a term which may extend to six months, or with fine which may extend to five thousand rupees, or"
BNS_2023_s268,BNS_2023,BNS_2023_CH_XIV,268,Personation of assessor,"Personation of assessor.—Whoever, by personation or otherwise, shall intentionally cause, or 
knowingly suffer himself to be returned, empanelled or sworn as an assessor in any case in which he 
knows that he is not entitled by law to be so returned, empanelled or sworn, or knowing himself to have 
been so returned, empanelled or sworn contrary to law, shall voluntarily serve as such assessor, shall be"
BNS_2023_s269,BNS_2023,BNS_2023_CH_XIV,269,Failure by person released on bail bond or bond to appear in Court,"Failure by person released on bail bond or bond to appear in Court.—Whoever, having 
been charged with an offence and released on bail bond or on bond, fails without sufficient cause (the 
burden of proving which shall lie upon him), to appear in Court in accordance with the terms of the bail 
or bond, shall be punished with imprisonment of either description for a term which may extend to one 
year, or with fine, or with both. 
Explanation.—The punishment under this section is— 
(a) in addition to the punishment to which the offender would be liable on a conviction for the 
offence with which he has been charged; and 
(b) without prejudice to the power of the Court to order forfeiture of the bond. 

CHAPTER XV 
OF OFFENCES AFFECTING THE PUBLIC HEALTH, SAFETY, CONVENIENCE, DECENCY AND MORALS"
BNS_2023_s270,BNS_2023,BNS_2023_CH_XV,270,Public nuisance,"Public nuisance.—A person is guilty of a public nuisance who does any act or is guilty of an 
illegal omission which causes any common injury, danger or annoyance to the public or to the people in 
general who dwell or occupy property in the vicinity, or which must necessarily cause injury, obstruction, 
danger or annoyance to persons who may have occasion to use any public right but a common nuisance is 
not excused on the ground that it causes some convenience or advantage."
BNS_2023_s271,BNS_2023,BNS_2023_CH_XV,271,Negligent act likely to spread infection of disease dangerous to life,"Negligent act likely to spread infection of disease dangerous to life.—Whoever unlawfully or 
negligently does any act which is, and which he knows or has reason to believe to be, likely to spread the 
infection of any disease dangerous to life, shall be punished with imprisonment of either description for a 
term which may extend to six months, or with fine, or with both."
BNS_2023_s272,BNS_2023,BNS_2023_CH_XV,272,Malignant act likely to spread infection of disease dangerous to life,"Malignant act likely to spread infection of disease dangerous to life.—Whoever malignantly 
does any act which is, and which he knows or has reason to believe to be, likely to spread the infection of

any disease dangerous to life, shall be punished with imprisonment of either description for a term which 
may extend to two years, or with fine, or with both."
BNS_2023_s273,BNS_2023,BNS_2023_CH_XV,273,Disobedience to quarantine rule,"Disobedience to quarantine rule.—Whoever knowingly disobeys any rule made by the 
Government for putting any mode of transport into a state of quarantine, or for regulating the intercourse 
of any such transport in a state of quarantine or for regulating the intercourse between places where an 
infectious disease prevails and other places, shall be punished with imprisonment of either description for 
a term which may extend to six months, or with fine, or with both."
BNS_2023_s274,BNS_2023,BNS_2023_CH_XV,274,Adulteration of food or drink intended for sale,"Adulteration of food or drink intended for sale.—Whoever adulterates any article of food or 
drink, so as to make such article noxious as food or drink, intending to sell such article as food or drink, 
or knowing it to be likely that the same will be sold as food or drink, shall be punished with"
BNS_2023_s275,BNS_2023,BNS_2023_CH_XV,275,Sale of noxious food or drink,"Sale of noxious food or drink.—Whoever sells, or offers or exposes for sale, as food or drink, 
any article which has been rendered or has become noxious, or is in a state unfit for food or drink, 
knowing or having reason to believe that the same is noxious as food or drink, shall be punished with"
BNS_2023_s276,BNS_2023,BNS_2023_CH_XV,276,Adulteration of drugs,"Adulteration of drugs.—Whoever adulterates any drug or medical preparation in such a 
manner as to lessen the efficacy or change the operation of such drug or medical preparation, or to make 
it noxious, intending that it shall be sold or used for, or knowing it to be likely that it will be sold or used 
for, any medicinal purpose, as if it had not undergone such adulteration, shall be punished with 
imprisonment of either description for a term which may extend to one year, or with fine which may"
BNS_2023_s277,BNS_2023,BNS_2023_CH_XV,277,Sale of adulterated drugs,"Sale of adulterated drugs.—Whoever, knowing any drug or medical preparation to have been 
adulterated in such a manner as to lessen its efficacy, to change its operation, or to render it noxious, sells 
the same, or offers or exposes it for sale, or issues it from any dispensary for medicinal purposes as 
unadulterated, or causes it to be used for medicinal purposes by any person not knowing of the 
adulteration, shall be punished with imprisonment of either description for a term which may extend to 
six months, or with fine which may extend to five thousand rupees, or with both."
BNS_2023_s278,BNS_2023,BNS_2023_CH_XV,278,Sale of drug as a different drug or preparation,"Sale of drug as a different drug or preparation.—Whoever knowingly sells, or offers or 
exposes for sale, or issues from a dispensary for medicinal purposes, any drug or medical preparation, as 
a different drug or medical preparation, shall be punished with imprisonment of either description for a 
term which may extend to six months, or with fine which may extend to five thousand rupees, or with"
BNS_2023_s279,BNS_2023,BNS_2023_CH_XV,279,Fouling water of public spring or reservoir,"Fouling water of public spring or reservoir.—Whoever voluntarily corrupts or fouls the water 
of any public spring or reservoir, so as to render it less fit for the purpose for which it is ordinarily used, 
shall be punished with imprisonment of either description for a term which may extend to six months, or 
with fine which may extend to five thousand rupees, or with both."
BNS_2023_s280,BNS_2023,BNS_2023_CH_XV,280,Making atmosphere noxious to health,"Making atmosphere noxious to health.—Whoever voluntarily vitiates the atmosphere in any 
place so as to make it noxious to the health of persons in general dwelling or carrying on business in the 
neighbourhood or passing along a public way, shall be punished with fine which may extend to one 
thousand rupees."
BNS_2023_s281,BNS_2023,BNS_2023_CH_XV,281,Rash driving or riding on a public way,"Rash driving or riding on a public way.—Whoever drives any vehicle, or rides, on any public 
way in a manner so rash or negligent as to endanger human life, or to be likely to cause hurt or injury to 
any other person, shall be punished with imprisonment of either description for a term which may extend 
to six months, or with fine which may extend to one thousand rupees, or with both."
BNS_2023_s282,BNS_2023,BNS_2023_CH_XV,282,Rash navigation of vessel,"Rash navigation of vessel.—Whoever navigates any vessel in a manner so rash or negligent as 
to endanger human life, or to be likely to cause hurt or injury to any other person, shall be punished with 
extend to ten thousand rupees, or with both."
BNS_2023_s283,BNS_2023,BNS_2023_CH_XV,283,"Exhibition of false light, mark or buoy","Exhibition of false light, mark or buoy.—Whoever exhibits any false light, mark or buoy, 
intending or knowing it to be likely that such exhibition will mislead any navigator, shall be punished 
with imprisonment of either description for a term which may extend to seven years, and with fine which 
shall not be less than ten thousand rupees."
BNS_2023_s284,BNS_2023,BNS_2023_CH_XV,284,Conveying person by water for hire in unsafe or overloaded vessel,"Conveying person by water for hire in unsafe or overloaded vessel.—Whoever knowingly or 
negligently conveys, or causes to be conveyed for hire, any person by water in any vessel, when that 
vessel is in such a state or so loaded as to endanger the life of that person, shall be punished with"
BNS_2023_s285,BNS_2023,BNS_2023_CH_XV,285,Danger or obstruction in public way or line of navigation,"Danger or obstruction in public way or line of navigation.—Whoever, by doing any act, or 
by omitting to take order with any property in his possession or under his charge, causes danger, 
obstruction or injury to any person in any public way or public line of navigation, shall be punished with 
fine which may extend to five thousand rupees."
BNS_2023_s286,BNS_2023,BNS_2023_CH_XV,286,Negligent conduct with respect to poisonous substance,"Negligent conduct with respect to poisonous substance.—Whoever does, with any poisonous 
substance, any act in a manner so rash or negligent as to endanger human life, or to be likely to cause hurt 
or injury to any person or knowingly or negligently omits to take such order with any poisonous 
substance in his possession as is sufficient to guard against any probable danger to human life from such 
poisonous substance, shall be punished with imprisonment of either description for a term which may 
extend to six months, or with fine which may extend to five thousand rupees, or with both."
BNS_2023_s287,BNS_2023,BNS_2023_CH_XV,287,Negligent conduct with respect to fire or combustible matter,"Negligent conduct with respect to fire or combustible matter.—Whoever does, with fire or 
any combustible matter, any act so rashly or negligently as to endanger human life, or to be likely to 
cause hurt or injury to any other person or knowingly or negligently omits to take such order with any fire 
or any combustible matter in his possession as is sufficient to guard against any probable danger to 
human life from such fire or combustible matter, shall be punished with imprisonment of either 
description for a term which may extend to six months, or with fine which may extend to two thousand"
BNS_2023_s288,BNS_2023,BNS_2023_CH_XV,288,Negligent conduct with respect to explosive substance,"Negligent conduct with respect to explosive substance.—Whoever does, with any explosive 
substance, any act so rashly or negligently as to endanger human life, or to be likely to cause hurt or 
injury to any other person, or knowingly or negligently omits to take such order with any explosive 
substance in his possession as is sufficient to guard against any probable danger to human life from that 
substance, shall be punished with imprisonment of either description for a term which may extend to six 
months, or with fine which may extend to five thousand rupees, or with both."
BNS_2023_s289,BNS_2023,BNS_2023_CH_XV,289,Negligent conduct with respect to machinery,"Negligent conduct with respect to machinery.—Whoever does, with any machinery, any act 
so rashly or negligently as to endanger human life or to be likely to cause hurt or injury to any other 
person or knowingly or negligently omits to take such order with any machinery in his possession or 
under his care as is sufficient to guard against any probable danger to human life from such machinery, 
shall be punished with imprisonment of either description for a term which may extend to six months, or 
with fine which may extend to five thousand rupees, or with both."
BNS_2023_s290,BNS_2023,BNS_2023_CH_XV,290,"Negligent conduct with respect to pulling down, repairing or constructing buildings, etc","Negligent conduct with respect to pulling down, repairing or constructing buildings, etc.—
Whoever, in pulling down, repairing or constructing any building, knowingly or negligently omits to take 
such measures with that building as is sufficient to guard against any probable danger to human life from 
the fall of that building, or of any part thereof, shall be punished with imprisonment of either description 
for a term which may extend to six months, or with fine which may extend to five thousand rupees, or"
BNS_2023_s291,BNS_2023,BNS_2023_CH_XV,291,Negligent conduct with respect to animal,"Negligent conduct with respect to animal.—Whoever knowingly or negligently omits to take 
such measures with any animal in his possession as is sufficient to guard against any probable danger to 
human life, or any probable danger of grievous hurt from such animal, shall be punished with"
BNS_2023_s292,BNS_2023,BNS_2023_CH_XV,292,Punishment for public nuisance in cases not otherwise provided for,"Punishment for public nuisance in cases not otherwise provided for.—Whoever commits a 
public nuisance in any case not otherwise punishable by this Sanhita shall be punished with fine which 
may extend to one thousand rupees."
BNS_2023_s293,BNS_2023,BNS_2023_CH_XV,293,Continuance of nuisance after injunction to discontinue,"Continuance of nuisance after injunction to discontinue.—Whoever repeats or continues a 
public nuisance, having been enjoined by any public servant who has lawful authority to issue such 
injunction not to repeat or continue such nuisance, shall be punished with simple imprisonment for a term 
which may extend to six months, or with fine which may extend to five thousand rupees or with both."
BNS_2023_s294,BNS_2023,BNS_2023_CH_XV,294,"Sale, etc., of obscene books, etc","Sale, etc., of obscene books, etc.—(1) For the purposes of sub-section (2), a book, pamphlet, 
paper, writing, drawing, painting, representation, figure or any other object, including display of any 
content in electronic form shall be deemed to be obscene if it is lascivious or appeals to the prurient 
interest or if its effect, or (where it comprises two or more distinct items) the effect of any one of its 
items, is, if taken as a whole, such as to tend to deprave and corrupt persons who are likely, having regard 
to all relevant circumstances, to read, see or hear the matter contained or embodied in it. 
(2) Whoever— 
(a) sells, lets to hire, distributes, publicly exhibits or in any manner puts into circulation, or for 
purposes of sale, hire, distribution, public exhibition or circulation, makes, produces or has in his 
possession any obscene book, pamphlet, paper, drawing, painting, representation or figure or any 
other obscene object whatsoever in whatever manner; or 
(b) imports, exports or conveys any obscene object for any of the purposes aforesaid, or knowing 
or having reason to believe that such object will be sold, let to hire, distributed or publicly exhibited 
or in any manner put into circulation; or 
(c) takes part in or receives profits from any business in the course of which he knows or has 
reason to believe that any such obscene objects are, for any of the purposes aforesaid, made 
produced, purchased, kept, imported, exported, conveyed, publicly exhibited or in any manner put 
into circulation; or 
(d) advertises or makes known by any means whatsoever that any person is engaged or is ready 
to engage in any act which is an offence under this section, or that any such obscene object can be 
procured from or through any person; or 
(e) offers or attempts to do any act which is an offence under this section, 
shall be punished on first conviction with imprisonment of either description for a term which may 
extend to two years, and with fine which may extend to five thousand rupees, and, in the event of a 
second or subsequent conviction, with imprisonment of either description for a term which may extend to 
five years, and also with fine which may extend to ten thousand rupees. 
Exception.—This section does not extend to— 
(a) any book, pamphlet, paper, writing, drawing, painting, representation or figure— 
(i) the publication of which is proved to be justified as being for the public good on the 
ground that such book, pamphlet, paper, writing, drawing, painting, representation or figure is in 
the interest of science, literature, art or learning or other objects of general concern; or 
(ii) which is kept or used bona fide for religious purposes; 
(b) any representation sculptured, engraved, painted or otherwise represented on or in— 
(i) any ancient monument within the meaning of the Ancient Monuments and Archaeological 
Sites and Remains Act, 1958 (24 of 1958); or 
(ii) any temple, or on any car used for the conveyance of idols, or kept or used for any 
religious purpose."
BNS_2023_s295,BNS_2023,BNS_2023_CH_XV,295,"Sale, etc., of obscene objects to child","Sale, etc., of obscene objects to child.—Whoever sells, lets to hire, distributes, exhibits or 
circulates to any child any such obscene object as is referred to in section 294, or offers or attempts so to

do, shall be punished on first conviction with imprisonment of either description for a term which may 
extend to three years, and with fine which may extend to two thousand rupees, and, in the event of a 
second or subsequent conviction, with imprisonment of either description for a term which may extend to 
seven years, and also with fine which may extend to five thousand rupees."
BNS_2023_s296,BNS_2023,BNS_2023_CH_XV,296,Obscene acts and songs,"Obscene acts and songs.—Whoever, to the annoyance of others,— 
(a) does any obscene act in any public place; or 
(b) sings, recites or utters any obscene song, ballad or words, in or near any public place, 
shall be punished with imprisonment of either description for a term which may extend to three months, 
or with fine which may extend to one thousand rupees, or with both."
BNS_2023_s297,BNS_2023,BNS_2023_CH_XV,297,Keeping lottery office,"Keeping lottery office.—(1) Whoever keeps any office or place for the purpose of drawing any 
lottery not being a State lottery or a lottery authorised by the State Government, shall be punished with 
imprisonment of either description for a term which may extend to six months, or with fine, or with both. 
(2) Whoever publishes any proposal to pay any sum, or to deliver any goods, or to do or forbear from 
doing anything for the benefit of any person, on any event or contingency relative or applicable to the 
drawing of any ticket, lot, number or figure in any such lottery, shall be punished with fine which may 
extend to five thousand rupees. 
CHAPTER XVI 
OF OFFENCES RELATING TO RELIGION"
BNS_2023_s298,BNS_2023,BNS_2023_CH_XVI,298,Injuring or defiling place of worship with intent to insult religion of any class,"Injuring or defiling place of worship with intent to insult religion of any class.—Whoever 
destroys, damages or defiles any place of worship, or any object held sacred by any class of persons with 
the intention of thereby insulting the religion of any class of persons or with the knowledge that any class 
of persons is likely to consider such destruction, damage or defilement as an insult to their religion, shall 
be punished with imprisonment of either description for a term which may extend to two years, or with"
BNS_2023_s299,BNS_2023,BNS_2023_CH_XVI,299,"Deliberate and malicious acts, intended to outrage religious feelings of any class by","Deliberate and malicious acts, intended to outrage religious feelings of any class by 
insulting its religion or religious beliefs.—Whoever, with deliberate and malicious intention of 
outraging the religious feelings of any class of citizens of India, by words, either spoken or written, or by 
signs or by visible representations or through electronic means or otherwise, insults or attempts to insult 
the religion or the religious beliefs of that class, shall be punished with imprisonment of either description 
for a term which may extend to three years, or with fine, or with both."
BNS_2023_s300,BNS_2023,BNS_2023_CH_XVI,300,Disturbing religious assembly,"Disturbing religious assembly.—Whoever voluntarily causes disturbance to any assembly 
lawfully engaged in the performance of religious worship, or religious ceremonies, shall be punished with 
imprisonment of either description for a term which may extend to one year, or with fine, or with both."
BNS_2023_s301,BNS_2023,BNS_2023_CH_XVI,301,"Trespassing on burial places, etc","Trespassing on burial places, etc.—Whoever, with the intention of wounding the feelings of 
any person, or of insulting the religion of any person, or with the knowledge that the feelings of any 
person are likely to be wounded, or that the religion of any person is likely to be insulted thereby, 
commits any trespass in any place of worship or on any place of sepulchre, or any place set apart for the 
performance of funeral rites or as a depository for the remains of the dead, or offers any indignity to any 
human corpse, or causes disturbance to any persons assembled for the performance of funeral 
ceremonies, shall be punished with imprisonment of either description for a term which may extend to 
one year, or with fine, or with both."
BNS_2023_s302,BNS_2023,BNS_2023_CH_XVI,302,"Uttering words, etc., with deliberate intent to wound religious feelings of any person","Uttering words, etc., with deliberate intent to wound religious feelings of any person.—
Whoever, with the deliberate intention of wounding the religious feelings of any person, utters any word 
or makes any sound in the hearing of that person or makes any gesture in the sight of that person or 
places any object in the sight of that person, shall be punished with imprisonment of either description for 
a term which may extend to one year, or with fine, or with both.

CHAPTER XVII 
OF OFFENCES AGAINST PROPERTY 
Of theft"
BNS_2023_s303,BNS_2023,BNS_2023_CH_XVII,303,Theft,"Theft.—(1) Whoever, intending to take dishonestly any movable property out of the possession 
of any person without that person’s consent, moves that property in order to such taking, is said to 
commit theft. 
Explanation 1.—A thing so long as it is attached to the earth, not being movable property, is not the 
subject of theft; but it becomes capable of being the subject of theft as soon as it is severed from the 
earth. 
Explanation 2.—A moving effected by the same act which affects the severance may be a theft. 
Explanation 3.—A person is said to cause a thing to move by removing an obstacle which prevented 
it from moving or by separating it from any other thing, as well as by actually moving it. 
Explanation 4.—A person, who by any means causes an animal to move, is said to move that animal, 
and to move everything which, in consequence of the motion so caused, is moved by that animal. 
Explanation 5.—The consent mentioned in this section may be express or implied, and may be given 
either by the person in possession, or by any person having for that purpose authority either express or 
implied. 
(a) A cuts down a tree on Z’s ground, with the intention of dishonestly taking the tree out of Z’s 
possession without Z’s consent. Here, as soon as A has severed the tree in order to such taking, he has 
committed theft. 
(b) A puts a bait for dogs in his pocket, and thus induces Z’s dog to follow it. Here, if A’s intention 
be dishonestly to take the dog out of Z’s possession without Z’s consent. A has committed theft as soon 
as Z’s dog has begun to follow A. 
(c) A meets a bullock carrying a box of treasure. He drives the bullock in a certain direction, in order 
that he may dishonestly take the treasure. As soon as the bullock begins to move, A has committed theft 
of the treasure. 
(d) A being Z’s servant, and entrusted by Z with the care of Z’s plate, dishonestly runs away with the 
plate, without Z’s consent. A has committed theft. 
(e) Z, going on a journey, entrusts his plate to A, the keeper of a warehouse, till Z shall return. A 
carries the plate to a goldsmith and sells it. Here the plate was not in Z’s possession. It could not therefore 
be taken out of Z’s possession, and A has not committed theft, though he may have committed criminal 
breach of trust. 
(f) A finds a ring belonging to Z on a table in the house which Z occupies. Here the ring is in Z’s 
possession, and if A dishonestly removes it, A commits theft. 
(g) A finds a ring lying on the highroad, not in the possession of any person. A, by taking it, commits 
no theft, though he may commit criminal misappropriation of property. 
(h) A sees a ring belonging to Z lying on a table in Z’s house. Not venturing to misappropriate the 
ring immediately for fear of search and detection, A hides the ring in a place where it is highly 
improbable that it will ever be found by Z, with the intention of taking the ring from the hiding place and 
selling it when the loss is forgotten. Here A, at the time of first moving the ring, commits theft. 
(i) A delivers his watch to Z, a jeweler, to be regulated. Z carries it to his shop. A, not owing to the 
jeweler any debt for which the jeweler might lawfully detain the watch as a security, enters the shop 
openly, takes his watch by force out of Z’s hand, and carries it away. Here A, though he may have 
committed criminal trespass and assault, has not committed theft, in as much as what he did was not done 
dishonestly.

(j) If A owes money to Z for repairing the watch, and if Z retains the watch lawfully as a security for 
the debt, and A takes the watch out of Z’s possession, with the intention of depriving Z of the property as 
a security for his debt, he commits theft, in as much as he takes it dishonestly. 
(k) Again, if A, having pawned his watch to Z, takes it out of Z’s possession without Z’s consent, not 
having paid what he borrowed on the watch, he commits theft, though the watch is his own property in as 
much as he takes it dishonestly. 
(l) A takes an article belonging to Z out of Z’s possession without Z’s consent, with the intention of 
keeping it until he obtains money from Z as a reward for its restoration. Here A takes dishonestly; A has 
therefore committed theft. 
(m) A, being on friendly terms with Z, goes into Z’s library in Z’s absence, and takes away a book 
without Z’s express consent for the purpose merely of reading it, and with the intention of returning it. 
Here, it is probable that A may have conceived that he had Z’s implied consent to use Z’s book. If this 
was A’s impression, A has not committed theft. 
(n) A asks charity from Z’s wife. She gives A money, food and clothes, which A knows to belong to 
Z her husband. Here it is probable that A may conceive that Z’s wife is authorised to give away alms. If 
this was A’s impression, A has not committed theft. 
(o) A is the paramour of Z’s wife. She gives a valuable property, which A knows to belong to her 
husband Z, and to be such property as she has no authority from Z to give. If A takes the property 
dishonestly, he commits theft. 
(p) A, in good faith, believing property belonging to Z to be A’s own property, takes that property out 
of Z’s possession. Here, as A does not take dishonestly, he does not commit theft. 
(2) Whoever commits theft shall be punished with imprisonment of either description for a term 
which may extend to three years, or with fine, or with both and in case of second or subsequent 
conviction of any person under this section, he shall be punished with rigorous imprisonment for a term 
which shall not be less than one year but which may extend to five years and with fine: 
Provided that in cases of theft where the value of the stolen property is less than five thousand rupees, 
and a person is convicted for the first time, shall upon return of the value of property or restoration of the 
stolen property, shall be punished with community service."
BNS_2023_s304,BNS_2023,BNS_2023_CH_XVII,304,Snatching,"Snatching.—(1) Theft is snatching if, in order to commit theft, the offender suddenly or quickly 
or forcibly seizes or secures or grabs or takes away from any person or from his possession any movable 
property. 
(2) Whoever commits snatching, shall be punished with imprisonment of either description for a term 
which may extend to three years, and shall also be liable to fine."
BNS_2023_s305,BNS_2023,BNS_2023_CH_XVII,305,"Theft in a dwelling house, or means of transportation or place of worship, etc","Theft in a dwelling house, or means of transportation or place of worship, etc.—Whoever 
commits theft— 
(a) in any building, tent or vessel used as a human dwelling or used for the custody of property; 
(b) of any means of transport used for the transport of goods or passengers; or 
(c) of any article or goods from any means of transport used for the transport of goods or 
passengers; or 
(d) of idol or icon in any place of worship; or 
(e) of any property of the Government or of a local authority, 
shall be punished with imprisonment of either description for a term which may extend to seven years,"
BNS_2023_s306,BNS_2023,BNS_2023_CH_XVII,306,Theft by clerk or servant of property in possession of master,"Theft by clerk or servant of property in possession of master.—Whoever, being a clerk or 
servant, or being employed in the capacity of a clerk or servant, commits theft in respect of any property

in the possession of his master or employer, shall be punished with imprisonment of either description for 
a term which may extend to seven years, and shall also be liable to fine."
BNS_2023_s307,BNS_2023,BNS_2023_CH_XVII,307,"Theft after preparation made for causing death, hurt or restraint in order to committing","Theft after preparation made for causing death, hurt or restraint in order to committing 
of theft.—Whoever commits theft, having made preparation for causing death, or hurt, or restraint, or 
fear of death, or of hurt, or of restraint, to any person, in order to the committing of such theft, or in order 
to the effecting of his escape after the committing of such theft, or in order to the retaining of property 
taken by such theft, shall be punished with rigorous imprisonment for a term which may extend to ten 
(a) A commits theft on property in Z’s possession; and while committing this theft, he has a loaded 
pistol under his garment, having provided this pistol for the purpose of hurting Z in case Z should resist. 
A has committed the offence defined in this section. 
(b) A picks Z’s pocket, having posted several of his companions near him, in order that they may 
restrain Z, if Z should perceive what is passing and should resist, or should attempt to apprehend A. A 
has committed the offence defined in this section. 
Of extortion"
BNS_2023_s308,BNS_2023,BNS_2023_CH_XVII,308,Extortion,"Extortion.—(1) Whoever intentionally puts any person in fear of any injury to that person, or to 
any other, and thereby dishonestly induces the person so put in fear to deliver to any person any property, 
or valuable security or anything signed or sealed which may be converted into a valuable security, 
commits extortion. 
(a) A threatens to publish a defamatory libel concerning Z unless Z gives him money. He thus 
induces Z to give him money. A has committed extortion. 
(b) A threatens Z that he will keep Z’s child in wrongful confinement, unless Z will sign and deliver 
to A a promissory note binding Z to pay certain monies to A. Z signs and delivers the note. A has 
committed extortion. 
(c) A threatens to send club-men to plough up Z’s field unless Z will sign and deliver to B a bond 
binding Z under a penalty to deliver certain produce to B, and thereby induces Z to sign and deliver the 
bond. A has committed extortion. 
(d) A, by putting Z in fear of grievous hurt, dishonestly induces Z to sign or affix his seal to a blank 
paper and deliver it to A. Z signs and delivers the paper to A. Here, as the paper so signed may be 
converted into a valuable security. A has committed extortion. 
(e) A threatens Z by sending a message through an electronic device that “Your child is in my 
possession, and will be put to death unless you send me one lakh rupees.” A thus induces Z to give him 
money. A has committed extortion. 
(2) Whoever commits extortion shall be punished with imprisonment of either description for a term 
which may extend to seven years, or with fine, or with both. 
(3) Whoever, in order to the committing of extortion, puts any person in fear, or attempts to put any 
person in fear, of any injury, shall be punished with imprisonment of either description for a term which 
may extend to two years, or with fine, or with both. 
(4) Whoever, in order to the committing of extortion, puts or attempts to put any person in fear of 
death or of grievous hurt to that person or to any other, shall be punished with imprisonment of either 
(5) Whoever commits extortion by putting any person in fear of death or of grievous hurt to that 
person or to any other, shall be punished with imprisonment of either description for a term which may 
extend to ten years, and shall also be liable to fine.

(6) Whoever, in order to the committing of extortion, puts or attempts to put any person in fear of an 
accusation, against that person or any other, of having committed, or attempted to commit, an offence 
punishable with death or with imprisonment for life, or with imprisonment for a term which may extend 
to ten years, shall be punished with imprisonment of either description for a term which may extend to 
(7) Whoever commits extortion by putting any person in fear of an accusation against that person or 
any other, of having committed or attempted to commit any offence punishable with death, or with 
imprisonment for life, or with imprisonment for a term which may extend to ten years, or of having 
attempted to induce any other person to commit such offence, shall be punished with imprisonment of 
either description for a term which may extend to ten years, and shall also be liable to fine. 
Of robbery and dacoity"
BNS_2023_s309,BNS_2023,BNS_2023_CH_XVII,309,Robbery,"Robbery.—(1) In all robbery there is either theft or extortion. 
(2) Theft is robbery if, in order to the committing of the theft, or in committing the theft, or in 
carrying away or attempting to carry away property obtained by the theft, the offender, for that end 
voluntarily causes or attempts to cause to any person death or hurt or wrongful restraint, or fear of instant 
death or of instant hurt, or of instant wrongful restraint. 
(3) Extortion is robbery if the offender, at the time of committing the extortion, is in the presence of 
the person put in fear, and commits the extortion by putting that person in fear of instant death, of instant 
hurt, or of instant wrongful restraint to that person or to some other person, and, by so putting in fear, 
induces the person so put in fear then and there to deliver up the thing extorted. 
Explanation.—The offender is said to be present if he is sufficiently near to put the other person in 
fear of instant death, of instant hurt, or of instant wrongful restraint. 
(a) A holds Z down, and fraudulently takes Z’s money and jewels from Z’s clothes, without Z’s 
consent. Here A has committed theft, and, in order to the committing of that theft, has voluntarily caused 
wrongful restraint to Z. A has therefore committed robbery. 
(b) A meets Z on the high road, shows a pistol, and demands Z’s purse. Z, in consequence, surrenders 
his purse. Here A has extorted the purse from Z by putting him in fear of instant hurt, and being at the 
time of committing the extortion in his presence. A has therefore committed robbery. 
(c) A meets Z and Z’s child on the high road. A takes the child, and threatens to fling it down a 
precipice, unless Z delivers his purse. Z, in consequence, delivers his purse. Here A has extorted the 
purse from Z, by causing Z to be in fear of instant hurt to the child who is there present. A has therefore 
committed robbery on Z. 
(d) A obtains property from Z by saying—“Your child is in the hands of my gang, and will be put to 
death unless you send us ten thousand rupees”. This is extortion, and punishable as such; but it is not 
robbery, unless Z is put in fear of the instant death of his child. 
(4) Whoever commits robbery shall be punished with rigorous imprisonment for a term which may 
extend to ten years, and shall also be liable to fine; and, if the robbery be committed on the highway 
between sunset and sunrise, the imprisonment may be extended to fourteen years. 
(5) Whoever attempts to commit robbery shall be punished with rigorous imprisonment for a term 
(6) If any person, in committing or in attempting to commit robbery, voluntarily causes hurt, such 
person, and any other person jointly concerned in committing or attempting to commit such robbery, shall 
be punished with imprisonment for life, or with rigorous imprisonment for a term which may extend to"
BNS_2023_s310,BNS_2023,BNS_2023_CH_XVII,310,Dacoity,"Dacoity.—(1) When five or more persons conjointly commit or attempt to commit a robbery, or 
where the whole number of persons conjointly committing or attempting to commit a robbery, and

persons present and aiding such commission or attempt, amount to five or more, every person so 
committing, attempting or aiding, is said to commit dacoity. 
(2) Whoever commits dacoity shall be punished with imprisonment for life, or with rigorous 
imprisonment for a term which may extend to ten years, and shall also be liable to fine. 
(3) If any one of five or more persons, who are conjointly committing dacoity, commits murder in so 
committing dacoity, every one of those persons shall be punished with death, or imprisonment for life, or 
rigorous imprisonment for a term which shall not be less than ten years, and shall also be liable to fine. 
(4) Whoever makes any preparation for committing dacoity, shall be punished with rigorous 
imprisonment for a term which may extend to ten years, and shall also be liable to fine. 
(5) Whoever is one of five or more persons assembled for the purpose of committing dacoity, shall be 
punished with rigorous imprisonment for a term which may extend to seven years, and shall also be liable 
(6) Whoever belongs to a gang of persons associated for the purpose of habitually committing 
dacoity, shall be punished with imprisonment for life, or with rigorous imprisonment for a term which 
may extend to ten years, and shall also be liable to fine."
BNS_2023_s311,BNS_2023,BNS_2023_CH_XVII,311,"Robbery, or dacoity, with attempt to cause death or grievous hurt","Robbery, or dacoity, with attempt to cause death or grievous hurt.—If, at the time of 
committing robbery or dacoity, the offender uses any deadly weapon, or causes grievous hurt to any 
person, or attempts to cause death or grievous hurt to any person, the imprisonment with which such 
offender shall be punished shall not be less than seven years."
BNS_2023_s312,BNS_2023,BNS_2023_CH_XVII,312,Attempt to commit robbery or dacoity when armed with deadly weapon,"Attempt to commit robbery or dacoity when armed with deadly weapon.—If, at the time of 
attempting to commit robbery or dacoity, the offender is armed with any deadly weapon, the 
imprisonment with which such offender shall be punished shall not be less than seven years."
BNS_2023_s313,BNS_2023,BNS_2023_CH_XVII,313,"Punishment for belonging to gang of robbers, etc","Punishment for belonging to gang of robbers, etc.—Whoever belongs to any gang of persons 
associated in habitually committing theft or robbery, and not being a gang of dacoits, shall be punished 
with rigorous imprisonment for a term which may extend to seven years, and shall also be liable to fine. 
Of criminal misappropriation of property"
BNS_2023_s314,BNS_2023,BNS_2023_CH_XVII,314,Dishonest misappropriation of property,"Dishonest misappropriation of property.—Whoever dishonestly misappropriates or converts 
to his own use any movable property, shall be punished with imprisonment of either description for a 
term which shall not be less than six months but which may extend to two years and with fine. 
(a) A takes property belonging to Z out of Z’s possession, in good faith believing at the time when he 
takes it, that the property belongs to himself. A is not guilty of theft; but if A, after discovering his 
mistake, dishonestly appropriates the property to his own use, he is guilty of an offence under this 
(b) A, being on friendly terms with Z, goes into Z’s library in Z’s absence, and takes away a book 
without Z’s express consent. Here, if A was under the impression that he had Z’s implied consent to take 
the book for the purpose of reading it, A has not committed theft. But, if A afterwards sells the book for 
his own benefit, he is guilty of an offence under this section. 
(c) A and B, being, joint owners of a horse. A takes the horse out of B’s possession, intending to use 
it. Here, as A has a right to use the horse, he does not dishonestly misappropriate it. But, if A sells the 
horse and appropriates the whole proceeds to his own use, he is guilty of an offence under this section. 
Explanation 1.—A dishonest misappropriation for a time only is a misappropriation within the 
meaning of this section.

Explanation 1.—A person, being an employer of an establishment whether exempted under 
section 17 of the Employees’ Provident Funds and Miscellaneous Provisions Act, 1952 (19 of 1952) or 
not who deducts the employee’s contribution from the wages payable to the employee for credit to a 
Provident Fund or Family Pension Fund established by any law for the time being in force, shall be 
deemed to have been entrusted with the amount of the contribution so deducted by him and if he makes 
default in the payment of such contribution to the said Fund in violation of the said law, shall be deemed 
to have dishonestly used the amount of the said contribution in violation of a direction of law as 
aforesaid. 
Explanation 2.—A person, being an employer, who deducts the employees’ contribution from the 
wages payable to the employee for credit to the Employees’ State Insurance Fund held and administered 
by the Employees’ State Insurance Corporation established under the Employees’ State Insurance 
Act, 1948 (34 of 1948) shall be deemed to have been entrusted with the amount of the contribution so 
deducted by him and if he makes default in the payment of such contribution to the said Fund in violation 
of the said Act, shall be deemed to have dishonestly used the amount of the said contribution in violation 
of a direction of law as aforesaid. 
(a) A, being executor to the will of a deceased person, dishonestly disobeys the law which directs 
him to divide the effects according to the will, and appropriates them to his own use. A has committed 
criminal breach of trust. 
(b) A is a warehouse-keeper Z going on a journey, entrusts his furniture to A, under a contract that it 
shall be returned on payment of a stipulated sum for warehouse room. A dishonestly sells the goods. A 
has committed criminal breach of trust. 
(c) A, residing in Kolkata, is agent for Z, residing at Delhi. There is an express or implied contract 
between A and Z, that all sums remitted by Z to A shall be invested by A, according to Z’s direction. Z 
remits one lakh of rupees to A, with directions to A to invest the same in Company’s paper. A dishonestly 
disobeys the directions and employs the money in his own business. A has committed criminal breach of 
trust. 
(d) But if A, in illustration (c), not dishonestly but in good faith, believing that it will be more for Z’s 
advantage to hold shares in the Bank of Bengal, disobeys Z’s directions, and buys shares in the Bank of 
Bengal, for Z, instead of buying Company’s paper, here, though Z should suffer loss, and should be 
entitled to bring a civil action against A, on account of that loss, yet A, not having acted dishonestly, has 
not committed criminal breach of trust. 
(e) A, a revenue-officer, is entrusted with public money and is either directed by law, or bound by a 
contract, express or implied, with the Government, to pay into a certain treasury all the public money 
which he holds. A dishonestly appropriates the money. A has committed criminal breach of trust. 
(f) A, a carrier, is entrusted by Z with property to be carried by land or by water. A dishonestly 
misappropriates the property. A has committed criminal breach of trust. 
(2) Whoever commits criminal breach of trust shall be punished with imprisonment of either 
description for a term which may extend to five years, or with fine, or with both. 
(3) Whoever, being entrusted with property as a carrier, wharfinger or warehouse-keeper, commits 
criminal breach of trust in respect of such property, shall be punished with imprisonment of either 
(4) Whoever, being a clerk or servant or employed as a clerk or servant, and being in any manner 
entrusted in such capacity with property, or with any dominion over property, commits criminal breach of 
trust in respect of that property, shall be punished with imprisonment of either description for a term 
(5) Whoever, being in any manner entrusted with property, or with any dominion over property in his 
capacity of a public servant or in the way of his business as a banker, merchant, factor, broker, attorney or 
agent commits criminal breach of trust in respect of that property, shall be punished with imprisonment

(g) A intentionally deceives Z into a belief that A means to deliver to Z a certain quantity of indigo 
plant which he does not intend to deliver, and thereby dishonestly induces Z to advance money upon the 
faith of such delivery. A cheats; but if A, at the time of obtaining the money, intends to deliver the indigo 
plant, and afterwards breaks his contract and does not deliver it, he does not cheat, but is liable only to a 
civil action for breach of contract. 
(h) A intentionally deceives Z into a belief that A has performed A’s part of a contract made with Z, 
which he has not performed, and thereby dishonestly induces Z to pay money. A cheats. 
(i) A sells and conveys an estate to B. A, knowing that in consequence of such sale he has no right to 
the property, sells or mortgages the same to Z, without disclosing the fact of the previous sale and 
conveyance to B, and receives the purchase or mortgage money from Z. A cheats. 
(2) Whoever cheats shall be punished with imprisonment of either description for a term which may 
extend to three years, or with fine, or with both. 
(3) Whoever cheats with the knowledge that he is likely thereby to cause wrongful loss to a person 
whose interest in the transaction to which the cheating relates, he was bound, either by law, or by a legal 
contract, to protect, shall be punished with imprisonment of either description for a term which may 
extend to five years, or with fine, or with both. 
(4) Whoever cheats and thereby dishonestly induces the person deceived to deliver any property to 
any person, or to make, alter or destroy the whole or any part of a valuable security, or anything which is 
signed or sealed, and which is capable of being converted into a valuable security, shall be punished with"
BNS_2023_s319,BNS_2023,BNS_2023_CH_XVII,319,Cheating by personation,"Cheating by personation.—(1) A person is said to cheat by personation if he cheats by 
pretending to be some other person, or by knowingly substituting one person for or another, or 
representing that he or any other person is a person other than he or such other person really is. 
Explanation.—The offence is committed whether the individual personated is a real or imaginary 
person. 
(a) A cheats by pretending to be a certain rich banker of the same name. A cheats by personation. 
(b) A cheats by pretending to be B, a person who is deceased. A cheats by personation. 
(2) Whoever cheats by personation shall be punished with imprisonment of either description for a 
term which may extend to five years, or with fine, or with both. 
Of fraudulent deeds and dispositions of property"
BNS_2023_s320,BNS_2023,BNS_2023_CH_XVII,320,Dishonest or fraudulent removal or concealment of property to prevent distribution,"Dishonest or fraudulent removal or concealment of property to prevent distribution 
among creditors.—Whoever dishonestly or fraudulently removes, conceals or delivers to any person, or 
transfers or causes to be transferred to any person, without adequate consideration, any property, 
intending thereby to prevent, or knowing it to be likely that he will thereby prevent, the distribution of 
that property according to law among his creditors or the creditors of any other person, shall be punished 
with imprisonment of either description for a term which shall not be less than six months but which may"
BNS_2023_s321,BNS_2023,BNS_2023_CH_XVII,321,Dishonestly or fraudulently preventing debt being available for creditors,"Dishonestly or fraudulently preventing debt being available for creditors.—Whoever 
dishonestly or fraudulently prevents any debt or demand due to himself or to any other person from being 
made available according to law for payment of his debts or the debts of such other person, shall be"
BNS_2023_s322,BNS_2023,BNS_2023_CH_XVII,322,Dishonest or fraudulent execution of deed of transfer containing false statement of,"Dishonest or fraudulent execution of deed of transfer containing false statement of 
consideration.—Whoever dishonestly or fraudulently signs, executes or becomes a party to any deed or 
instrument which purports to transfer or subject to any charge any property, or any interest therein, and 
which contains any false statement relating to the consideration for such transfer or charge, or relating to

the person or persons for whose use or benefit it is really intended to operate, shall be punished with 
imprisonment of either description for a term which may extend to three years, or with fine, or with both."
BNS_2023_s323,BNS_2023,BNS_2023_CH_XVII,323,Dishonest or fraudulent removal or concealment of property,"Dishonest or fraudulent removal or concealment of property.—Whoever dishonestly or 
fraudulently conceals or removes any property of himself or any other person, or dishonestly or 
fraudulently assists in the concealment or removal thereof, or dishonestly releases any demand or claim 
to which he is entitled, shall be punished with imprisonment of either description for a term which may 
extend to three years, or with fine, or with both. 
Of mischief"
BNS_2023_s324,BNS_2023,BNS_2023_CH_XVII,324,Mischief,"Mischief.—(1) Whoever with intent to cause, or knowing that he is likely to cause, wrongful 
loss or damage to the public or to any person, causes the destruction of any property, or any such change 
in any property or in the situation thereof as destroys or diminishes its value or utility, or affects it 
injuriously, commits mischief. 
Explanation 1.—It is not essential to the offence of mischief that the offender should intend to cause 
loss or damage to the owner of the property injured or destroyed. It is sufficient if he intends to cause, or 
knows that he is likely to cause, wrongful loss or damage to any person by injuring any property, whether 
it belongs to that person or not. 
Explanation 2.—Mischief may be committed by an act affecting property belonging to the person 
who commits the act, or to that person and others jointly. 
(a) A voluntarily burns a valuable security belonging to Z intending to cause wrongful loss to Z. A 
has committed mischief. 
(b) A introduces water into an ice-house belonging to Z and thus causes the ice to melt, intending 
wrongful loss to Z. A has committed mischief. 
(c) A voluntarily throws into a river a ring belonging to Z, with the intention of thereby causing 
wrongful loss to Z. A has committed mischief. 
(d) A, knowing that his effects are about to be taken in execution in order to satisfy a debt due from 
him to Z, destroys those effects, with the intention of thereby preventing Z from obtaining satisfaction of 
the debt, and of thus causing damage to Z. A has committed mischief. 
(e) A having insured a ship, voluntarily causes the same to be cast away, with the intention of causing 
damage to the underwriters. A has committed mischief. 
(f) A causes a ship to be cast away, intending thereby to cause damage to Z who has lent money on 
bottomry on the ship. A has committed mischief. 
(g) A, having joint property with Z in a horse, shoots the horse, intending thereby to cause wrongful 
loss to Z. A has committed mischief. 
(h) A causes cattle to enter upon a field belonging to Z, intending to cause and knowing that he is 
likely to cause damage to Z’s crop. A has committed mischief. 
(2) Whoever commits mischief shall be punished with imprisonment of either description for a term 
which may extend to six months, or with fine, or with both. 
(3) Whoever commits mischief and thereby causes loss or damage to any property including the 
property of Government or Local Authority shall be punished with imprisonment of either description for 
a term which may extend to one year, or with fine, or with both. 
(4) Whoever commits mischief and thereby causes loss or damage to the amount of twenty thousand 
rupees and more but less than one lakh rupees shall be punished with imprisonment of either description 
for a term which may extend to two years, or with fine, or with both.

(5) Whoever commits mischief and thereby causes loss or damage to the amount of one lakh rupees 
or upwards, shall be punished with imprisonment of either description for a term which may extend to 
five years, or with fine, or with both. 
(6) Whoever commits mischief, having made preparation for causing to any person death, or hurt, or 
wrongful restraint, or fear of death, or of hurt, or of wrongful restraint, shall be punished with 
imprisonment of either description for a term which may extend to five years, and shall also be liable to"
BNS_2023_s325,BNS_2023,BNS_2023_CH_XVII,325,Mischief by killing or maiming animal,"Mischief by killing or maiming animal.—Whoever commits mischief by killing, poisoning, 
maiming or rendering useless any animal shall be punished with imprisonment of either description for a 
term which may extend to five years, or with fine, or with both."
BNS_2023_s326,BNS_2023,BNS_2023_CH_XVII,326,"Mischief by injury, inundation, fire or explosive substance, etc","Mischief by injury, inundation, fire or explosive substance, etc.—Whoever commits 
mischief by,— 
(a) doing any act which causes, or which he knows to be likely to cause, a diminution of the 
supply of water for agricultural purposes, or for food or drink for human beings or for animals which 
are property, or for cleanliness or for carrying on any manufacture, shall be punished with 
imprisonment of either description for a term which may extend to five years, or with fine, or with 
both; 
(b) doing any act which renders or which he knows to be likely to render any public road, bridge, 
navigable river or navigable channel, natural or artificial, impassable or less safe for travelling or 
conveying property, shall be punished with imprisonment of either description for a term which may 
extend to five years, or with fine, or with both; 
(c) doing any act which causes or which he knows to be likely to cause an inundation or an 
obstruction to any public drainage attended with injury or damage, shall be punished with 
imprisonment of either description for a term which may extend to five years, or with fine, or with 
both; 
(d) destroying or moving any sign or signal used for navigation of rail, aircraft or ship or other 
thing placed as a guide for navigators, or by any act which renders any such sign or signal less useful 
as a guide for navigators, shall be punished with imprisonment of either description for a term which 
may extend to seven years, or with fine, or with both; 
(e) destroying or moving any land-mark fixed by the authority of a public servant, or by any act 
which renders such land-mark less useful as such, shall be punished with imprisonment of either 
description for a term which may extend to one year, or with fine, or with both; 
(f) fire or any explosive substance intending to cause, or knowing it to be likely that he will 
thereby cause, damage to any property including agricultural produce, shall be punished with 
imprisonment of either description for a term which may extend to seven years, and shall also be 
liable to fine; 
(g) fire or any explosive substance, intending to cause, or knowing it to be likely that he will 
thereby cause, the destruction of any building which is ordinarily used as a place of worship or as a 
human dwelling or as a place for the custody of property, shall be punished with imprisonment for 
life, or with imprisonment of either description for a term which may extend to ten years, and shall"
BNS_2023_s327,BNS_2023,BNS_2023_CH_XVII,327,"Mischief with intent to destroy or make unsafe a rail, aircraft, decked vessel or one of","Mischief with intent to destroy or make unsafe a rail, aircraft, decked vessel or one of 
twenty tons burden.—(1) Whoever commits mischief to any rail, aircraft, or a decked vessel or any 
vessel of a burden of twenty tons or upwards, intending to destroy or render unsafe, or knowing it to be 
likely that he will thereby destroy or render unsafe, that rail, aircraft or vessel, shall be punished with

(2) Whoever commits, or attempts to commit, by fire or any explosive substance, such mischief as is 
described in sub-section (1), shall be punished with imprisonment for life or with imprisonment of either 
description for a term which may extend to ten years, and shall also be liable to fine."
BNS_2023_s328,BNS_2023,BNS_2023_CH_XVII,328,Punishment for intentionally running vessel aground or ashore with intent to commit,"Punishment for intentionally running vessel aground or ashore with intent to commit 
theft, etc.—Whoever intentionally runs any vessel aground or ashore, intending to commit theft of any 
property contained therein or to dishonestly misappropriate any such property, or with intent that such 
theft or misappropriation of property may be committed, shall be punished with imprisonment of either 
description for a term which may extend to ten years, and shall also be liable to fine. 
Of criminal trespass"
BNS_2023_s329,BNS_2023,BNS_2023_CH_XVII,329,Criminal trespass and house-trespass,"Criminal trespass and house-trespass.—(1) Whoever enters into or upon property in the 
possession of another with intent to commit an offence or to intimidate, insult or annoy any person in 
possession of such property or having lawfully entered into or upon such property, unlawfully remains 
there with intent thereby to intimidate, insult or annoy any such person or with intent to commit an 
offence is said to commit criminal trespass. 
(2) Whoever commits criminal trespass by entering into or remaining in any building, tent or vessel 
used as a human dwelling or any building used as a place for worship, or as a place for the custody of 
property, is said to commit house-trespass. 
Explanation.—The introduction of any part of the criminal trespasser’s body is entering sufficient to 
constitute house-trespass. 
(3) Whoever commits criminal trespass shall be punished with imprisonment of either description for 
a term which may extend to three months, or with fine which may extend to five thousand rupees, or with 
(4) Whoever commits house-trespass shall be punished with imprisonment of either description for a 
term which may extend to one year, or with fine which may extend to five thousand rupees, or with both."
BNS_2023_s330,BNS_2023,BNS_2023_CH_XVII,330,House-trespass and house-breaking,"House-trespass and house-breaking.—(1) Whoever commits house-trespass having taken 
precautions to conceal such house-trespass from some person who has a right to exclude or eject the 
trespasser from the building, tent or vessel which is the subject of the trespass, is said to commit lurking 
house-trespass. 
(2) A person is said to commit house-breaking who commits house-trespass if he effects his entrance 
into the house or any part of it in any of the six ways hereinafter described; or if, being in the house or 
any part of it for the purpose of committing an offence, or having committed an offence therein, he quits 
the house or any part of it in any of the following ways, namely:— 
(a) if he enters or quits through a passage made by himself, or by any abettor of the housetrespass, in order to the committing of the house-trespass; 
(b) if he enters or quits through any passage not intended by any person, other than himself or an 
abettor of the offence, for human entrance; or through any passage to which he has obtained access 
by scaling or climbing over any wall or building; 
(c) if he enters or quits through any passage which he or any abettor of the house-trespass has 
opened, in order to the committing of the house-trespass by any means by which that passage was not 
intended by the occupier of the house to be opened; 
(d) if he enters or quits by opening any lock in order to the committing of the house-trespass, or 
in order to the quitting of the house after a house-trespass; 
(e) if he effects his entrance or departure by using criminal force or committing an assault, or by 
threatening any person with assault; 
(f) if he enters or quits by any passage which he knows to have been fastened against such 
entrance or departure, and to have been unfastened by himself or by an abettor of the house-trespass.

Explanation.—Any out-house or building occupied with a house, and between which and such house 
there is an immediate internal communication, is part of the house within the meaning of this section. 
(a) A commits house-trespass by making a hole through the wall of Z’s house, and putting his hand 
through the aperture. This is house-breaking. 
(b) A commits house-trespass by creeping into a ship at a port-hole between decks. This is 
house-breaking. 
(c) A commits house-trespass by entering Z’s house through a window. This is house-breaking. 
(d) A commits house-trespass by entering Z’s house through the door, having opened a door which 
was fastened. This is house-breaking. 
(e) A commits house-trespass by entering Z’s house through the door, having lifted a latch by putting 
a wire through a hole in the door. This is house-breaking. 
(f) A finds the key of Z’s house door, which Z had lost, and commits house-trespass by entering Z’s 
house, having opened the door with that key. This is house-breaking. 
(g) Z is standing in his doorway. A forces a passage by knocking Z down, and commits housetrespass by entering the house. This is house-breaking. 
(h) Z, the door-keeper of Y, is standing in Y’s doorway. A commits house-trespass by entering the 
house, having deterred Z from opposing him by threatening to beat him. This is house-breaking."
BNS_2023_s331,BNS_2023,BNS_2023_CH_XVII,331,Punishment for house-trespass or house-breaking,"Punishment for house-trespass or house-breaking.—(1) Whoever commits lurking housetrespass or house-breaking, shall be punished with imprisonment of either description for a term which 
may extend to two years, and shall also be liable to fine. 
(2) Whoever commits lurking house-trespass or house-breaking after sunset and before sunrise, shall 
be punished with imprisonment of either description for a term which may extend to three years, and 
shall also be liable to fine. 
(3) Whoever commits lurking house-trespass or house-breaking, in order to the committing of any 
offence punishable with imprisonment, shall be punished with imprisonment of either description for a 
term which may extend to three years, and shall also be liable to fine; and if the offence intended to be 
committed is theft, the term of the imprisonment may be extended to ten years. 
(4) Whoever commits lurking house-trespass or house-breaking after sunset and before sunrise, in 
order to the committing of any offence punishable with imprisonment, shall be punished with 
imprisonment of either description for a term which may extend to five years, and shall also be liable to 
fine; and, if the offence intended to be committed is theft, the term of the imprisonment may be extended 
to fourteen years. 
(5) Whoever commits lurking house-trespass, or house-breaking, having made preparation for 
causing hurt to any person, or for assaulting any person, or for wrongfully restraining any person, or for 
putting any person in fear of hurt or of assault or of wrongful restraint, shall be punished with 
imprisonment of either description or a term which may extend to ten years, and shall also be liable to 
(6) Whoever commits lurking house-trespass or house-breaking after sunset and before sunrise, 
having made preparation for causing hurt to any person or for assaulting any person, or for wrongfully 
restraining any person, or for putting any person in fear of hurt, or of assault, or of wrongful restraint, 
shall be punished with imprisonment of either description for a term which may extend to fourteen years, 
(7) Whoever, whilst committing lurking house-trespass or house-breaking, causes grievous hurt to 
any person or attempts to cause death or grievous hurt to any person, shall be punished with 
imprisonment for life, or imprisonment of either description for a term which may extend to ten years,

(8) If, at the time of the committing of lurking house-trespass or house-breaking after sunset and 
before sunrise, any person guilty of such offence shall voluntarily cause or attempt to cause death or 
grievous hurt to any person, every person jointly concerned in committing such lurking house-trespass or 
house-breaking after sunset and before sunrise, shall be punished with imprisonment for life, or with"
BNS_2023_s332,BNS_2023,BNS_2023_CH_XVII,332,House-trespass in order to commit offence,"House-trespass in order to commit offence.—Whoever commits house-trespass in order to the 
committing of any offence— 
(a) punishable with death, shall be punished with imprisonment for life, or with rigorous 
imprisonment for a term not exceeding ten years, and shall also be liable to fine; 
(b) punishable with imprisonment for life, shall be punished with imprisonment of either 
description for a term not exceeding ten years, and shall also be liable to fine; 
(c) punishable with imprisonment, shall be punished with imprisonment of either description for 
a term which may extend to two years, and shall also be liable to fine: 
Provided that if the offence intended to be committed is theft, the term of the imprisonment may be 
extended to seven years."
BNS_2023_s333,BNS_2023,BNS_2023_CH_XVII,333,"House-trespass after preparation for hurt, assault or wrongful restraint","House-trespass after preparation for hurt, assault or wrongful restraint.—Whoever 
commits house-trespass, having made preparation for causing hurt to any person or for assaulting any 
person, or for wrongfully restraining any person, or for putting any person in fear of hurt, or of assault, or 
of wrongful restraint, shall be punished with imprisonment of either description for a term which may"
BNS_2023_s334,BNS_2023,BNS_2023_CH_XVII,334,Dishonestly breaking open receptacle containing property,"Dishonestly breaking open receptacle containing property.—(1) Whoever dishonestly or 
with intent to commit mischief, breaks open or unfastens any closed receptacle which contains or which 
he believes to contain property, shall be punished with imprisonment of either description for a term 
(2) Whoever, being entrusted with any closed receptacle which contains or which he believes to 
contain property, without having authority to open the same, dishonestly, or with intent to commit 
mischief, breaks open or unfastens that receptacle, shall be punished with imprisonment of either 
description for a term which may extend to three years, or with fine, or with both. 

CHAPTER XVIII 
OF OFFENCES RELATING TO DOCUMENTS AND TO PROPERTY MARKS"
BNS_2023_s335,BNS_2023,BNS_2023_CH_XVIII,335,Making a false document,"Making a false document.—A person is said to make a false document or false electronic 
record— 
(A) Who dishonestly or fraudulently— 
(i) makes, signs, seals or executes a document or part of a document; 
(ii) makes or transmits any electronic record or part of any electronic record; 
(iii) affixes any electronic signature on any electronic record; 
(iv) makes any mark denoting the execution of a document or the authenticity of the 
electronic signature, 
with the intention of causing it to be believed that such document or part of document, electronic 
record or electronic signature was made, signed, sealed, executed, transmitted or affixed by or by the 
authority of a person by whom or by whose authority he knows that it was not made, signed, sealed, 
executed or affixed; or 
(B) Who without lawful authority, dishonestly or fraudulently, by cancellation or otherwise, 
alters a document or an electronic record in any material part thereof, after it has been made, executed

(a) A signs his own name to a bill of exchange, intending that it may be believed that the bill was 
drawn by another person of the same name. A has committed forgery. 
(b) A writes the word “accepted” on a piece of paper and signs it with Z’s name, in order that B may 
afterwards write on the paper a bill of exchange drawn by B upon Z, and negotiate the bill as though it 
had been accepted by Z. A is guilty of forgery; and if B, knowing the fact, draws the bill upon the paper 
pursuant to A’s intention, B is also guilty of forgery. 
(c) A picks up a bill of exchange payable to the order of a different person of the same name. A 
endorses the bill in his own name, intending to cause it to be believed that it was endorsed by the person 
to whose order it was payable; here A has committed forgery. 
(d) A purchases an estate sold under execution of a decree against B. B, after the seizure of the estate, 
in collusion with Z, executes a lease of the estate, to Z at a nominal rent and for a long period and dates 
the lease six months prior to the seizure, with intent to defraud A, and to cause it to be believed that the 
lease was granted before the seizure. B, though he executes the lease in his own name, commits forgery 
by antedating it. 
(e) A, a trader, in anticipation of insolvency, lodges effects with B for A’s benefit, and with intent to 
defraud his creditors; and in order to give a colour to the transaction, writes a promissory note binding 
himself to pay to B a sum for value received, and antedates the note, intending that it may be believed to 
have been made before A was on the point of insolvency. A has committed forgery under the first head of 
the definition. 
Explanation 2.—The making of a false document in the name of a fictitious person, intending it to be 
believed that the document was made by a real person, or in the name of a deceased person, intending it 
to be believed that the document was made by the person in his lifetime, may amount to forgery. 
A draws a bill of exchange upon a fictitious person, and fraudulently accepts the bill in the name of 
such fictitious person with intent to negotiate it. A commits forgery. 
Explanation 3.—For the purposes of this section, the expression “affixing electronic signature” shall 
have the meaning assigned to it in clause (d) of sub-section (1) of section 2 of the Information 
Technology Act, 2000 (21 of 2000)."
BNS_2023_s336,BNS_2023,BNS_2023_CH_XVIII,336,Forgery,"Forgery.—(1) Whoever makes any false document or false electronic record or part of a 
document or electronic record, with intent to cause damage or injury, to the public or to any person, or to 
support any claim or title, or to cause any person to part with property, or to enter into any express or 
implied contract, or with intent to commit fraud or that fraud may be committed, commits forgery. 
(2) Whoever commits forgery shall be punished with imprisonment of either description for a term 
(3) Whoever commits forgery, intending that the document or electronic record forged shall be used 
for the purpose of cheating, shall be punished with imprisonment of either description for a term which 
may extend to seven years, and shall also be liable to fine. 
(4) Whoever commits forgery, intending that the document or electronic record forged shall harm the 
reputation of any party, or knowing that it is likely to be used for that purpose, shall be punished with 
imprisonment of either description for a term which may extend to three years, and shall also be liable to"
BNS_2023_s337,BNS_2023,BNS_2023_CH_XVIII,337,"Forgery of record of Court or of public register, etc","Forgery of record of Court or of public register, etc.—Whoever forges a document or an 
electronic record, purporting to be a record or proceeding of or in a Court or an identity document issued 
by Government including voter identity card or Aadhaar Card, or a register of birth, marriage or burial, or 
a register kept by a public servant as such, or a certificate or document purporting to be made by a public 
servant in his official capacity, or an authority to institute or defend a suit, or to take any proceedings

therein, or to confess judgment, or a power of attorney, shall be punished with imprisonment of either 
Explanation.—For the purposes of this section, “register” includes any list, data or record of any 
entries maintained in the electronic form as defined in clause (r) of sub-section (1) of section 2 of the 
Information Technology Act, 2000 (21 of 2000)."
BNS_2023_s338,BNS_2023,BNS_2023_CH_XVIII,338,"Forgery of valuable security, will, etc","Forgery of valuable security, will, etc.—Whoever forges a document which purports to be a 
valuable security or a will, or an authority to adopt a son, or which purports to give authority to any 
person to make or transfer any valuable security, or to receive the principal, interest or dividends thereon, 
or to receive or deliver any money, movable property, or valuable security, or any document purporting 
to be an acquittance or receipt acknowledging the payment of money, or an acquittance or receipt for the 
delivery of any movable property or valuable security, shall be punished with imprisonment for life, or"
BNS_2023_s339,BNS_2023,BNS_2023_CH_XVIII,339,"Having possession of document described in section 337 or section 338, knowing it to be","Having possession of document described in section 337 or section 338, knowing it to be 
forged and intending to use it as genuine.—Whoever has in his possession any document or electronic 
record, knowing the same to be forged and intending that the same shall fraudulently or dishonestly be 
used as genuine, shall, if the document or electronic record is one of the description mentioned in section 
337 of this Sanhita, be punished with imprisonment of either description for a term which may extend to 
seven years, and shall also be liable to fine; and if the document is one of the description mentioned in 
section 338, shall be punished with imprisonment for life, or with imprisonment of either description, for 
a term which may extend to seven years, and shall also be liable to fine."
BNS_2023_s340,BNS_2023,BNS_2023_CH_XVIII,340,Forged document or electronic record and using it as genuine,"Forged document or electronic record and using it as genuine.—(1) A false document or 
electronic record made wholly or in part by forgery is designated a forged document or electronic record. 
(2) Whoever fraudulently or dishonestly uses as genuine any document or electronic record which he 
knows or has reason to believe to be a forged document or electronic record, shall be punished in the 
same manner as if he had forged such document or electronic record."
BNS_2023_s341,BNS_2023,BNS_2023_CH_XVIII,341,"Making or possessing counterfeit seal, etc., with intent to commit forgery punishable under","Making or possessing counterfeit seal, etc., with intent to commit forgery punishable under 
section 338.—(1) Whoever makes or counterfeits any seal, plate or other instrument for making an 
impression, intending that the same shall be used for the purpose of committing any forgery which would 
be punishable under section 338 of this Sanhita, or, with such intent, has in his possession any such seal, 
plate or other instrument, knowing the same to be counterfeit, shall be punished with imprisonment for 
life, or with imprisonment of either description for a term which may extend to seven years, and shall 
(2) Whoever makes or counterfeits any seal, plate or other instrument for making an impression, 
intending that the same shall be used for the purpose of committing any forgery which would be 
punishable under any section of this Chapter other than section 338, or, with such intent, has in his 
possession any such seal, plate or other instrument, knowing the same to be counterfeit, shall be punished 
with imprisonment of either description for a term which may extend to seven years, and shall also be 
liable to fine. 
(3) Whoever possesses any seal, plate or other instrument knowing the same to be counterfeit, shall 
be punished with imprisonment of either description for a term which may extend to three years, and 
shall also be liable to fine. 
(4) Whoever fraudulently or dishonestly uses as genuine any seal, plate or other instrument knowing 
or having reason to believe the same to be counterfeit, shall be punished in the same manner as if he had 
made or counterfeited such seal, plate or other instrument."
BNS_2023_s342,BNS_2023,BNS_2023_CH_XVIII,342,"Counterfeiting device or mark used for authenticating documents described in section 338,","Counterfeiting device or mark used for authenticating documents described in section 338, 
or possessing counterfeit marked material.—(1) Whoever counterfeits upon, or in the substance of, 
any material, any device or mark used for the purpose of authenticating any document described in 
section 338, intending that such device or mark shall be used for the purpose of giving the appearance of 
authenticity to any document then forged or thereafter to be forged on such material, or who, with such

intent, has in his possession any material upon or in the substance of which any such device or mark has 
been counterfeited, shall be punished with imprisonment for life, or with imprisonment of either 
(2) Whoever counterfeits upon, or in the substance of, any material, any device or mark used for the 
purpose of authenticating any document or electronic record other than the documents described in 
section 338, intending that such device or mark shall be used for the purpose of giving the appearance of 
authenticity to any document then forged or thereafter to be forged on such material, or who with such 
intent, has in his possession any material upon or in the substance of which any such device or mark has 
been counterfeited, shall be punished with imprisonment of either description for a term which may"
BNS_2023_s343,BNS_2023,BNS_2023_CH_XVIII,343,"Fraudulent cancellation, destruction, etc., of will, authority to adopt, or valuable","Fraudulent cancellation, destruction, etc., of will, authority to adopt, or valuable 
security.—Whoever fraudulently or dishonestly, or with intent to cause damage or injury to the public or 
to any person, cancels, destroys or defaces, or attempts to cancel, destroy or deface, or secretes or 
attempts to secrete any document which is or purports to be a will, or an authority to adopt a son, or any 
valuable security, or commits mischief in respect of such document, shall be punished with imprisonment 
for life, or with imprisonment of either description for a term which may extend to seven years, and shall"
BNS_2023_s344,BNS_2023,BNS_2023_CH_XVIII,344,Falsification of accounts,"Falsification of accounts.—Whoever, being a clerk, officer or servant, or employed or acting in 
the capacity of a clerk, officer or servant, wilfully, and with intent to defraud, destroys, alters, mutilates 
or falsifies any book, electronic record, paper, writing, valuable security or account which belongs to or is 
in the possession of his employer, or has been received by him for or on behalf of his employer, or 
wilfully, and with intent to defraud, makes or abets the making of any false entry in, or omits or alters or 
abets the omission or alteration of any material particular from or in, any such book, electronic record, 
paper, writing, valuable security or account, shall be punished with imprisonment of either description for 
a term which may extend to seven years, or with fine, or with both. 
Explanation.—It shall be sufficient in any charge under this section to allege a general intent to 
defraud without naming any particular person intended to be defrauded or specifying any particular sum 
of money intended to be the subject of the fraud, or any particular day on which the offence was 
committed. 
Of property marks 
 345. Property mark.—(1) A mark used for denoting that movable property belongs to a particular 
person is called a property mark. 
(2) Whoever marks any movable property or goods or any case, package or other receptacle 
containing movable property or goods, or uses any case, package or other receptacle having any mark 
thereon, in a manner reasonably calculated to cause it to be believed that the property or goods so 
marked, or any property or goods contained in any such receptacle so marked, belong to a person to 
whom they do not belong, is said to use a false property mark. 
(3) Whoever uses any false property mark shall, unless he proves that he acted without intent to 
defraud, be punished with imprisonment of either description for a term which may extend to one year, or"
BNS_2023_s346,BNS_2023,BNS_2023_CH_XVIII,346,Tampering with property mark with intent to cause injury,"Tampering with property mark with intent to cause injury.—Whoever removes, destroys, 
defaces or adds to any property mark, intending or knowing it to be likely that he may thereby cause 
injury to any person, shall be punished with imprisonment of either description for a term which may 
extend to one year, or with fine, or with both."
BNS_2023_s347,BNS_2023,BNS_2023_CH_XVIII,347,Counterfeiting a property mark,"Counterfeiting a property mark.—(1) Whoever counterfeits any property mark used by any 
other person shall be punished with imprisonment of either description for a term which may extend to 
(2) Whoever counterfeits any property mark used by a public servant, or any mark used by a public 
servant to denote that any property has been manufactured by a particular person or at a particular time or

place, or that the property is of a particular quality or has passed through a particular office, or that it is 
entitled to any exemption, or uses as genuine any such mark knowing the same to be counterfeit, shall be 
punished with imprisonment of either description for a term which may extend to three years, and shall"
BNS_2023_s348,BNS_2023,BNS_2023_CH_XVIII,348,Making or possession of any instrument for counterfeiting a property mark,"Making or possession of any instrument for counterfeiting a property mark.—Whoever 
makes or has in his possession any die, plate or other instrument for the purpose of counterfeiting a 
property mark, or has in his possession a property mark for the purpose of denoting that any goods belong 
to a person to whom they do not belong, shall be punished with imprisonment of either description for a 
term which may extend to three years, or with fine, or with both."
BNS_2023_s349,BNS_2023,BNS_2023_CH_XVIII,349,Selling goods marked with a counterfeit property mark,"Selling goods marked with a counterfeit property mark.—Whoever sells, or exposes, or has 
in possession for sale, any goods or things with a counterfeit property mark affixed to or impressed upon 
the same or to or upon any case, package or other receptacle in which such goods are contained, shall, 
unless he proves— 
(a) that, having taken all reasonable precautions against committing an offence against this 
section, he had at the time of the commission of the alleged offence no reason to suspect the 
genuineness of the mark; and 
(b) that, on demand made by or on behalf of the prosecutor, he gave all the information in his 
power with respect to the persons from whom he obtained such goods or things; or 
(c) that otherwise he had acted innocently, 
be punished with imprisonment of either description for a term which may extend to one year, or with"
BNS_2023_s350,BNS_2023,BNS_2023_CH_XVIII,350,Making a false mark upon any receptacle containing goods,"Making a false mark upon any receptacle containing goods.—(1) Whoever makes any false 
mark upon any case, package or other receptacle containing goods, in a manner reasonably calculated to 
cause any public servant or any other person to believe that such receptacle contains goods which it does 
not contain or that it does not contain goods which it does contain, or that the goods contained in such 
receptacle are of a nature or quality different from the real nature or quality thereof, shall, unless he 
proves that he acted without intent to defraud, be punished with imprisonment of either description for a 
term which may extend to three years, or with fine, or with both. 
(2) Whoever makes use of any false mark in any manner prohibited under sub-section (1) shall, 
unless he proves that he acted without intent to defraud, 
be punished as if he had committed the offence under sub-section (1). 
CHAPTER XIX 
OF CRIMINAL INTIMIDATION, INSULT, ANNOYANCE, DEFAMATION, ETC."
BNS_2023_s351,BNS_2023,BNS_2023_CH_XIX,351,Criminal intimidation,"Criminal intimidation.—(1) Whoever threatens another by any means, with any injury to his 
person, reputation or property, or to the person or reputation of any one in whom that person is interested, 
with intent to cause alarm to that person, or to cause that person to do any act which he is not legally 
bound to do, or to omit to do any act which that person is legally entitled to do, as the means of avoiding 
the execution of such threat, commits criminal intimidation. 
Explanation.—A threat to injure the reputation of any deceased person in whom the person 
threatened is interested, is within this section. 
A, for the purpose of inducing B to resist from prosecuting a civil suit, threatens to burn B’s house. A 
is guilty of criminal intimidation. 
(2) Whoever commits the offence of criminal intimidation shall be punished with imprisonment of 
(3) Whoever commits the offence of criminal intimidation by threatening to cause death or grievous 
hurt, or to cause the destruction of any property by fire, or to cause an offence punishable with death or

imprisonment for life, or with imprisonment for a term which may extend to seven years, or to impute 
unchastity to a woman, shall be punished with imprisonment of either description for a term which may 
extend to seven years, or with fine, or with both. 
(4) Whoever commits the offence of criminal intimidation by an anonymous communication, or 
having taken precaution to conceal the name or abode of the person from whom the threat comes, shall be 
punished with imprisonment of either description for a term which may extend to two years, in addition 
to the punishment provided for the offence under sub-section (1)."
BNS_2023_s352,BNS_2023,BNS_2023_CH_XIX,352,Intentional insult with intent to provoke breach of peace,"Intentional insult with intent to provoke breach of peace.—Whoever intentionally insults in 
any manner, and thereby gives provocation to any person, intending or knowing it to be likely that such 
provocation will cause him to break the public peace, or to commit any other offence, shall be punished 
with imprisonment of either description for a term which may extend to two years, or with fine, or with"
BNS_2023_s353,BNS_2023,BNS_2023_CH_XIX,353,Statements conducing to public mischief,"Statements conducing to public mischief.—(1) Whoever makes, publishes or circulates any 
statement, false information, rumour, or report, including through electronic means— 
(a) with intent to cause, or which is likely to cause, any officer, soldier, sailor or airman in the 
Army, Navy or Air Force of India to mutiny or otherwise disregard or fail in his duty as such; or 
(b) with intent to cause, or which is likely to cause, fear or alarm to the public, or to any section 
of the public whereby any person may be induced to commit an offence against the State or against 
the public tranquillity; or 
(c) with intent to incite, or which is likely to incite, any class or community of persons to commit 
any offence against any other class or community, 
shall be punished with imprisonment which may extend to three years, or with fine, or with both. 
(2) Whoever makes, publishes or circulates any statement or report containing false information, 
rumour or alarming news, including through electronic means, with intent to create or promote, or which 
is likely to create or promote, on grounds of religion, race, place of birth, residence, language, caste or 
community or any other ground whatsoever, feelings of enmity, hatred or ill will between different 
religious, racial, language or regional groups or castes or communities, shall be punished with 
imprisonment which may extend to three years, or with fine, or with both. 
(3) Whoever commits an offence specified in sub-section (2) in any place of worship or in any 
assembly engaged in the performance of religious worship or religious ceremonies, shall be punished 
with imprisonment which may extend to five years and shall also be liable to fine. 
Exception.—It does not amount to an offence, within the meaning of this section, when the person 
making, publishing or circulating any such statement, false information, rumour or report, has reasonable 
grounds for believing that such statement, false information, rumour or report is true and makes, 
publishes or circulates it in good faith and without any such intent as aforesaid."
BNS_2023_s354,BNS_2023,BNS_2023_CH_XIX,354,Act caused by inducing person to believe that he will be rendered an object of Divine,"Act caused by inducing person to believe that he will be rendered an object of Divine 
displeasure.—Whoever voluntarily causes or attempts to cause any person to do anything which that 
person is not legally bound to do, or to omit to do anything which he is legally entitled to do, by inducing 
or attempting to induce that person to believe that he or any person in whom he is interested will become 
or will be rendered by some act of the offender an object of Divine displeasure if he does not do the thing 
which it is the object of the offender to cause him to do, or if he does the thing which it is the object of 
the offender to cause him to omit, shall be punished with imprisonment of either description for a term 
which may extend to one year, or with fine, or with both. 
(a) A sits dharna at Z’s door with the intention of causing it to be believed that, by so sitting, he 
renders Z an object of Divine displeasure. A has committed the offence defined in this section.

(b) A threatens Z that, unless Z performs a certain act, A will kill one of A’s own children, under 
such circumstances that the killing would be believed to render Z an object of Divine displeasure. A has 
committed the offence defined in this section."
BNS_2023_s355,BNS_2023,BNS_2023_CH_XIX,355,Misconduct in public by a drunken person,"Misconduct in public by a drunken person.—Whoever, in a state of intoxication, appears in 
any public place, or in any place which it is a trespass in him to enter, and there conducts himself in such 
a manner as to cause annoyance to any person, shall be punished with simple imprisonment for a term 
which may extend to twenty-four hours, or with fine which may extend to one thousand rupees, or with 
both or with community service. 
Of defamation"
BNS_2023_s356,BNS_2023,BNS_2023_CH_XIX,356,Defamation,"Defamation.—(1) Whoever, by words either spoken or intended to be read, or by signs or by 
visible representations, makes or publishes in any manner, any imputation concerning any person 
intending to harm, or knowing or having reason to believe that such imputation will harm, the reputation 
of such person, is said, except in the cases hereinafter excepted, to defame that person. 
Explanation 1.—It may amount to defamation to impute anything to a deceased person, if the 
imputation would harm the reputation of that person if living, and is intended to be hurtful to the feelings 
of his family or other near relatives. 
Explanation 2.—It may amount to defamation to make an imputation concerning a company or an 
association or collection of persons as such. 
Explanation 3.—An imputation in the form of an alternative or expressed ironically, may amount to 
defamation. 
Explanation 4.—No imputation is said to harm a person’s reputation, unless that imputation directly 
or indirectly, in the estimation of others, lowers the moral or intellectual character of that person, or 
lowers the character of that person in respect of his caste or of his calling, or lowers the credit of that 
person, or causes it to be believed that the body of that person is in a loathsome state, or in a state 
generally considered as disgraceful. 
(a) A says—“Z is an honest man; he never stole B’s watch”; intending to cause it to be believed that 
Z did steal B’s watch. This is defamation, unless it falls within one of the exceptions. 
(b) A is asked who stole B’s watch. A points to Z, intending to cause it to be believed that Z stole B’s 
watch. This is defamation, unless it falls within one of the exceptions. 
(c) A draws a picture of Z running away with B’s watch, intending it to be believed that Z stole B’s 
watch. This is defamation, unless it falls within one of the exceptions. 
Exception 1.—It is not defamation to impute anything which is true concerning any person, if it be 
for the public good that the imputation should be made or published. Whether or not it is for the public 
good is a question of fact. 
Exception 2.—It is not defamation to express in good faith any opinion whatever respecting the 
conduct of a public servant in the discharge of his public functions, or respecting his character, so far as 
his character appears in that conduct, and no further. 
Exception 3.—It is not defamation to express in good faith any opinion whatever respecting the 
conduct of any person touching any public question, and respecting his character, so far as his character 
appears in that conduct, and no further. 
It is not defamation in A to express in good faith any opinion whatever respecting Z’s conduct in 
petitioning Government on a public question, in signing a requisition for a meeting on a public question, 
in presiding or attending at such meeting, in forming or joining any society which invites the public 
support, in voting or canvassing for a particular candidate for any situation in the efficient discharge of 
the duties of which the public is interested.

Exception 4.—It is not defamation to publish substantially true report of the proceedings of a Court, 
or of the result of any such proceedings. 
Explanation.—A Magistrate or other officer holding an inquiry in open Court preliminary to a trial in 
a Court, is a Court within the meaning of the above section. 
Exception 5.—It is not defamation to express in good faith any opinion whatever respecting the 
merits of any case, civil or criminal, which has been decided by a Court, or respecting the conduct of any 
person as a party, witness or agent, in any such case, or respecting the character of such person, as far as 
his character appears in that conduct, and no further. 
(a) A says—“I think Z’s evidence on that trial is so contradictory that he must be stupid or 
dishonest”. A is within this exception if he says this in good faith, in as much as the opinion which he 
expresses respects Z’s character as it appears in Z’s conduct as a witness, and no further. 
(b) But if A says—“I do not believe what Z asserted at that trial because I know him to be a man 
without veracity”; A is not within this exception, in as much as the opinion which expresses of Z’s 
character, is an opinion not founded on Z’s conduct as a witness. 
Exception 6.—It is not defamation to express in good faith any opinion respecting the merits of any 
performance which its author has submitted to the judgment of the public, or respecting the character of 
the author so far as his character appears in such performance, and no further. 
Explanation.—A performance may be submitted to the judgment of the public expressly or by acts on 
the part of the author which imply such submission to the judgment of the public. 
(a) A person who publishes a book, submits that book to the judgment of the public. 
(b) A person who makes a speech in public, submits that speech to the judgment of the public. 
(c) An actor or singer who appears on a public stage, submits his acting or singing to the judgment of 
the public. 
(d) A says of a book published by Z—“Z’s book is foolish; Z must be a weak man. Z’s book is 
indecent; Z must be a man of impure mind”. A is within the exception, if he says this in good faith, in as 
much as the opinion which he expresses of Z respects Z’s character only so far as it appears in Z’s book, 
and no further. 
(e) But if A says “I am not surprised that Z’s book is foolish and indecent, for he is a weak man and a 
libertine”. A is not within this exception, in as much as the opinion which he expresses of Z’s character is 
an opinion not founded on Z’s book. 
Exception 7.—It is not defamation in a person having over another any authority, either conferred by 
law or arising out of a lawful contract made with that other, to pass in good faith any censure on the 
conduct of that other in matters to which such lawful authority relates. 
A Judge censuring in good faith the conduct of a witness, or of an officer of the Court; a head of a 
department censuring in good faith those who are under his orders, a parent censuring in good faith a 
child in the presence of other children; a school master, whose authority is derived from a parent, 
censuring in good faith a pupil in the presence of other pupils; a master censuring a servant in good faith 
for remissness in service; a banker censuring in good faith the cashier of his bank for the conduct of such 
cashier as such cashier are within this exception. 
Exception 8.—It is not defamation to prefer in good faith an accusation against any person to any of 
those who have lawful authority over that person with respect to the subject-matter of accusation.

If A in good faith accuses Z before a Magistrate; if A in good faith complains of the conduct of Z, a 
servant, to Z’s master; if A in good faith complains of the conduct of Z, a child, to Z’s father, A is within 
this exception. 
Exception 9.—It is not defamation to make an imputation on the character of another provided that 
the imputation be made in good faith for the protection of the interests of the person making it, or of any 
other person, or for the public good. 
(a) A, a shopkeeper, says to B, who manages his business—“Sell nothing to Z unless he pays you 
ready money, for I have no opinion of his honesty”. A is within the exception, if he has made this 
imputation on Z in good faith for the protection of his own interests. 
(b) A, a Magistrate, in making a report to his own superior officer, casts an imputation on the 
character of Z. Here, if the imputation is made in good faith, and for the public good, A is within the 
exception. 
Exception 10.—It is not defamation to convey a caution, in good faith, to one person against another, 
provided that such caution be intended for the good of the person to whom it is conveyed, or of some 
person in whom that person is interested, or for the public good. 
(2) Whoever defames another shall be punished with simple imprisonment for a term which may 
extend to two years, or with fine, or with both, or with community service. 
(3) Whoever prints or engraves any matter, knowing or having good reason to believe that such 
matter is defamatory of any person, shall be punished with simple imprisonment for a term which may 
(4) Whoever sells or offers for sale any printed or engraved substance containing defamatory matter, 
knowing that it contains such matter, shall be punished with simple imprisonment for a term which may 
Of breach of contract to attend on and supply wants of helpless person"
BNS_2023_s357,BNS_2023,BNS_2023_CH_XIX,357,Breach of contract to attend on and supply wants of helpless person,"Breach of contract to attend on and supply wants of helpless person.—Whoever, being 
bound by a lawful contract to attend on or to supply the wants of any person who, by reason of youth, or 
of unsoundness of mind, or of a disease or bodily weakness, is helpless or incapable of providing for his 
own safety or of supplying his own wants, voluntarily omits so to do, shall be punished with 
imprisonment of either description for a term which may extend to three months, or with fine which may 
CHAPTER XX 
REPEAL AND SAVINGS"
BNS_2023_s358,BNS_2023,BNS_2023_CH_XX,358,Repeal and savings,"Repeal and savings.—(1) The Indian Penal Code (45 of 1860) is hereby repealed. 
(2) Notwithstanding the repeal of the Code referred to in sub-section (1), it shall not affect,— 
(a) the previous operation of the Code so repealed or anything duly done or suffered thereunder; 
(b) any right, privilege, obligation or liability acquired, accrued or incurred under the Code so 
repealed; or 
(c) any penalty, or punishment incurred in respect of any offences committed against the Code so 
repealed; or 
(d) any investigation or remedy in respect of any such penalty, or punishment; or 
(e) any proceeding, investigation or remedy in respect of any such penalty or punishment as 
aforesaid, and any such proceeding or remedy may be instituted, continued or enforced, and any such 
penalty may be imposed as if that Code had not been repealed. 
(3) Notwithstanding such repeal, anything done or any action taken under the said Code shall be 
deemed to have been done or taken under the corresponding provisions of this Sanhita.

STATEMENT OF OBJECTS AND REASONS 
In the year 1834, the first Indian Law Commission was constituted under the Chairman-ship of Lord 
Thomas Babington Macaulay to examine the jurisdiction, power and rules of the existing Courts as well 
as the police establishments and the laws in force in India."
BNS_2023_s2,BNS_2023,BNS_2023_CH_XX,2,The Commission suggested various enactments to the Government. One of the important,"The Commission suggested various enactments to the Government. One of the important 
recommendations made by the Commission was on, Indian Penal Code which was enacted in 1860 and 
the said Code is still continuing in the country with some amendments made thereto from time to time."
BNS_2023_s3,BNS_2023,BNS_2023_CH_XX,3,The Government of India considered it expedient and necessary to review the existing criminal,"The Government of India considered it expedient and necessary to review the existing criminal 
laws with an aim to strengthen law and order and also focus on simplifying legal procedure so that ease 
of living is ensured to the common man. The Government also considered to make existing laws relevant 
to the contemporary situation and provide speedy justice to common man. Accordingly, various 
stakeholders were consulted keeping in mind contemporary needs and aspirations of the people and with 
a view to create a legal structure which is citizen centric and to secure life and liberty of the citizens."
BNS_2023_s4,BNS_2023,BNS_2023_CH_XX,4,"Now, it is proposed to enact a new law, namely, the Bharatiya Nyaya Sanhita Bill, 2023 by","Now, it is proposed to enact a new law, namely, the Bharatiya Nyaya Sanhita Bill, 2023 by 
repealing the Indian Penal Code to streamline provisions relating to offences and penalties. It is proposed 
to provide first time community service as one of the punishments for petty offences. The offences 
against women and children, murder and offences against the State have been given precedence. The 
various offences have been made gender neutral. In order to deal effectively with the problem of 
organised crimes and terrorist activities, new offences of terrorist acts and organised crime have been 
added in the Bill with deterrent punishments. A new offence on acts of secession, armed rebellion, 
subversive activities, separatist activities or endangering sovereignty or unity and integrity of India has 
also been added. The fines and punishment for various offences have also been suitably enhanced."
BNS_2023_s5,BNS_2023,BNS_2023_CH_XX,5,"Accordingly, a Bill, namely, the Bharatiya Nyaya Sanhita, 2023 was introduced in the Lok Sabha","Accordingly, a Bill, namely, the Bharatiya Nyaya Sanhita, 2023 was introduced in the Lok Sabha 
on 11th August, 2023. The Bill was referred to the Department-related Parliamentary Standing 
Committee on Home Affairs for its consideration and report. The Committee after deliberations made its 
recommendations in its report submitted on 10th November, 2023. The recommendations made by the 
Committee have been considered by the Government and it has been decided to withdraw the Bill 
pending in Lok Sabha and introduce a new Bill incorporating therein those recommendations made by the 
Committee that have been accepted by the Government."
BNS_2023_s6,BNS_2023,BNS_2023_CH_XX,6,The Notes on Clauses explains the various provisions of the Bill.,The Notes on Clauses explains the various provisions of the Bill.
BNS_2023_s7,BNS_2023,BNS_2023_CH_XX,7,The Bill seeks to achieve the above objectives.,"The Bill seeks to achieve the above objectives. 

AMIT SHAH. 

NEW DELHI; 
The 9th August, 2023."
BNSS_2023_s1,BNSS_2023,BNSS_2023_CH_I,1,"Short title, extent and commencement","Short title, extent and commencement.—(1) This Act may be called the Bharatiya Nagarik 
Suraksha Sanhita, 2023. 
(2) The provisions of this Sanhita, other than those relating to Chapters IX, XI and XII thereof, shall 
not apply— 
(a) to the State of Nagaland; 
(b) to the tribal areas, 
but the concerned State Government may, by notification, apply such provisions or any of them 
to the whole or part of the State of Nagaland or such tribal areas, as the case may be, with such 
supplemental, incidental or consequential modifications, as may be specified in the notification. 
Explanation.—In this section, “tribal areas” means the territories which immediately before 
the 21st day of January, 1972, were included in the tribal areas of Assam, as referred to in paragraph 20 of 
the Sixth Schedule to the Constitution, other than those within the local limits of the municipality of 
Shillong. 
(3) It shall come into force on such date1 as the Central Government may, by notification in the Official 
Gazette, appoint."
BNSS_2023_s2,BNSS_2023,BNSS_2023_CH_I,2,Definitions,"Definitions.—(1) In this Sanhita, unless the context otherwise requires,— 
(a) “audio-video electronic” means shall include use of any communication device for the 
purposes of video conferencing, recording of processes of identification, search and seizure or 
evidence, transmission of electronic communication and for such other purposes and by such other 
means as the State Government may, by rules provide; 
(b) “bail” means release of a person accused of or suspected of commission of an offence from the 
custody of law upon certain conditions imposed by an officer or Court on execution by such person of 
a bond or a bail bond; 
(c) “bailable offence” means an offence which is shown as bailable in the First Schedule, or which 
is made bailable by any other law for the time being in force; and “non-bailable offence” means any 
other offence; 
(d) “bail bond” means an undertaking for release with surety; 
(e) “bond” means a personal bond or an undertaking for release without surety; 
(f) “charge” includes any head of charge when the charge contains more heads than one;"
BNSS_2023_s1,BNSS_2023,BNSS_2023_CH_I,1,"1st July, 2024, [except the provisions of the entry relation to Section 106(2) in the first Schedule], vide notification No. S.O.","1st July, 2024, [except the provisions of the entry relation to Section 106(2) in the first Schedule], vide notification No. S.O. 
848(E), dated, 23rd day of February, 2024, see Gazette of India, Extraordinary, Part II, sec. 3(ii).

(g) “cognizable offence” means an offence for which, and ""cognizable case"" means a case in which, 
a police officer may, in accordance with the First Schedule or under any other law for the time being in 
force, arrest without warrant; 
(h) “complaint” means any allegation made orally or in writing to a Magistrate, with a view to his 
taking action under this Sanhita, that some person, whether known or unknown, has committed an 
offence, but does not include a police report. 
Explanation.—A report made by a police officer in a case which discloses, after investigation, the 
commission of a non-cognizable offence shall be deemed to be a complaint; and the police officer by 
whom such report is made shall be deemed to be the complainant; 
(i) “electronic communication” means the communication of any written, verbal, pictorial 
information or video content transmitted or transferred (whether from one person to another or from 
one device to another or from a person to a device or from a device to a person) by means of an 
electronic device including a telephone, mobile 
phone, or other wireless telecommunication device, or a computer, or audio-video player or camera 
or any other electronic device or electronic form as may be specified by notification, by the Central 
(j) “High Court” means,— 
(i) in relation to any State, the High Court for that State; 
(ii) in relation to a Union territory to which the jurisdiction of the High Court for a State has 
been extended by law, that High Court; 
(iii) in relation to any other Union territory, the highest Court of criminal appeal for that 
territory other than the Supreme Court of India; 
(k) “inquiry” means every inquiry, other than a trial, conducted under this Sanhita by a Magistrate 
or Court; 
(l) “investigation” includes all the proceedings under this Sanhita for the collection of evidence 
conducted by a police officer or by any person (other than a Magistrate) who is authorised by a 
Magistrate in this behalf. 
Explanation.—Where any of the provisions of a special Act are inconsistent with the provisions of 
this Sanhita, the provisions of the special Act shall prevail; 
(m) “judicial proceeding” includes any proceeding in the course of which evidence is or may be 
legally taken on oath; 
(n) “local jurisdiction”, in relation to a Court or Magistrate, means the local area within which the 
Court or Magistrate may exercise all or any of its or his powers under this Sanhita and such local area 
may comprise the whole of the State, or any part of the State, as the State Government may, by 
notification, specify; 
(o) “non-cognizable offence” means an offence for which, and “non-cognizable case” means a case 
in which, a police officer has no authority to arrest without warrant; 
(p) “notification” means a notification published in the Official Gazette; 
(q) “offence” means any act or omission made punishable by any law for the time being in force 
and includes any act in respect of which a complaint may be made under section 20 of the Cattle 
Trespass Act, 1871 (1 of 1871); 
(r) “officer in charge of a police station” includes, when the officer in charge of the police station 
is absent from the station-house or unable from illness or other cause to perform his duties, the police

officer present at the station-house who is next in rank to such officer and is above the rank of constable 
or, when the State Government so directs, any other police officer so present; 
(s) “place” includes a house, building, tent, vehicle and vessel; 
(t) “police report” means a report forwarded by a police officer to a Magistrate under 
sub-section (3) of section 193; 
(u) “police station” means any post or place declared generally or specially by the State 
Government, to be a police station, and includes any local area specified by the State Government in 
this behalf; 
(v) “Public Prosecutor” means any person appointed under section 18, and includes any person 
acting under the directions of a Public Prosecutor; 
(w) “sub-division” means a sub-division of a district; 
(x) “summons-case” means a case relating to an offence, and not being a warrant-case; 
(y) “victim” means a person who has suffered any loss or injury caused by reason of the act or 
omission of the accused person and includes the guardian or legal heir of such victim; 
(z) “warrant-case” means a case relating to an offence punishable with death, imprisonment for life 
or imprisonment for a term exceeding two years. 
(2) Words and expressions used herein and not defined but defined in the Information 
Technology Act, 2000 (2 of 2000) and the Bharatiya Nyaya Sanhita, 2023 shall have the meanings 
respectively assigned to them in that Act and Sanhita."
BNSS_2023_s3,BNSS_2023,BNSS_2023_CH_I,3,Construction of references,"Construction of references.—(1) Unless the context otherwise requires, any reference in any law, 
to a Magistrate without any qualifying words, Magistrate of the first class or a Magistrate of the second 
class shall, in relation to any area, be construed as a reference to a Judicial Magistrate of the first class or 
Judicial Magistrate of the second class, as the case may be, exercising jurisdiction in such area. 
(2) Where, under any law, other than this Sanhita, the functions exercisable by a Magistrate relate to 
matters,— 
(a) which involve the appreciation or shifting of evidence or the formulation of any decision which 
exposes any person to any punishment or penalty or detention in custody pending investigation, inquiry 
or trial or would have the effect of sending him for trial before any Court, they shall, subject to the 
provisions of this Sanhita, be exercisable by a Judicial Magistrate; or 
(b) which are administrative or executive in nature, such as, the granting of a licence, the suspension 
or cancellation of a licence, sanctioning a prosecution or withdrawing from a prosecution, they shall, 
subject to the provisions of clause (a) be exercisable by an Executive Magistrate."
BNSS_2023_s4,BNSS_2023,BNSS_2023_CH_I,4,"Trial of offences under Bharatiya Nyaya Sanhita, 2023 and other laws","Trial of offences under Bharatiya Nyaya Sanhita, 2023 and other laws.—(1) All offences under 
according to the provisions hereinafter contained. 
(2) All offences under any other law shall be investigated, inquired into, tried, and otherwise dealt with 
according to the same provisions, but subject to any enactment for the time being in force regulating the 
manner or place of investigating, inquiring into, trying or otherwise dealing with such offences."
BNSS_2023_s5,BNSS_2023,BNSS_2023_CH_I,5,Saving,"Saving.—Nothing contained in this Sanhita shall, in the absence of a specific provision to the 
contrary, affect any special or local law for the time being in force, or any special jurisdiction or power 
conferred, or any special form of procedure prescribed, by any other law for the time being in force.

CHAPTER II 
CONSTITUTION OF CRIMINAL COURTS AND OFFICES"
BNSS_2023_s6,BNSS_2023,BNSS_2023_CH_II,6,Classes of Criminal Courts,"Classes of Criminal Courts.— Besides the High Courts and the Courts constituted under any law, 
other than this Sanhita, there shall be, in every State, the following classes of Criminal Courts, namely:— 
(i) Courts of Session; 
(ii) Judicial Magistrates of the first class; 
(iii) Judicial Magistrates of the second class; and 
(iv) Executive Magistrates."
BNSS_2023_s7,BNSS_2023,BNSS_2023_CH_II,7,Territorial divisions,"Territorial divisions.—(1) Every State shall be a sessions division or shall consist of sessions 
divisions; and every sessions divisions shall, for the purposes of this Sanhita, be a district or consist of 
districts. 
(2) The State Government may, after consultation with the High Court, alter the limits or the number 
of such divisions and districts. 
(3) The State Government may, after consultation with the High Court, divide any district into 
sub-divisions and may alter the limits or the number of such sub-divisions. 
(4) The sessions divisions, districts and sub-divisions existing in a State at the commencement of this 
Sanhita, shall be deemed to have been formed under this section."
BNSS_2023_s8,BNSS_2023,BNSS_2023_CH_II,8,Court of Session,"Court of Session.—(1) The State Government shall establish a Court of Session for every sessions 
division. 
(2) Every Court of Session shall be presided over by a Judge, to be appointed by the High Court. 
(3) The High Court may also appoint Additional Sessions Judges to exercise jurisdiction in a Court of 
Session. 
(4) The Sessions Judge of one sessions division may be appointed by the High Court to be also an 
Additional Sessions Judge of another division, and in such case, he may sit for the disposal of cases at such 
place or places in the other division as the High Court may direct. 
(5) Where the office of the Sessions Judge is vacant, the High Court may make arrangements for the 
disposal of any urgent application which is, or may be, made or pending before such Court of Session by 
an Additional Sessions Judge or if there be no Additional Sessions Judge, by a Chief Judicial Magistrate, 
in the sessions division; and every such Judge or Magistrate shall have jurisdiction to deal with any such 
application. 
(6) The Court of Session shall ordinarily hold its sitting at such place or places as the High Court may, 
by notification, specify; but, if, in any particular case, the Court of Session is of opinion that it will tend to 
the general convenience of the parties and witnesses to hold its sittings at any other place in the sessions 
division, it may, with the consent of the prosecution and the accused, sit at that place for the disposal of the 
case or the examination of any witness or witnesses therein. 
(7) The Sessions Judge may, from time to time, make orders consistent with this Sanhita, as to the 
distribution of business among such Additional Sessions Judges. 
(8) The Sessions Judge may also make provision for the disposal of any urgent application, in the event 
of his absence or inability to act, by an Additional Sessions Judge or if there be no Additional Sessions 
Judge, by the Chief Judicial Magistrate, and such Judge or Magistrate shall be deemed to have jurisdiction 
to deal with any such application.

Explanation.—For the purposes of this Sanhita, “appointment” does not include the first appointment, 
posting or promotion of a person by the Government to any Service, or post in connection with the affairs 
of the Union or of a State, where under any law, such appointment, posting or promotion is required to be 
made by the Government."
BNSS_2023_s9,BNSS_2023,BNSS_2023_CH_II,9,Courts of Judicial Magistrates,"Courts of Judicial Magistrates.—(1) In every district there shall be established as many Courts of 
Judicial Magistrates of the first class and of the second class, and at such places, as the State Government 
may, after consultation with the High Court, by notification, specify: 
Provided that the State Government may, after consultation with the High Court, establish, for any local 
area, one or more Special Courts of Judicial Magistrates of the first class or of the second class to try any 
particular case or particular class of cases, and where any such Special Court is established, no other Court 
of Magistrate in the local area shall have jurisdiction to try any case or class of cases for the trial of which 
such Special Court of Judicial Magistrate has been established. 
(2) The presiding officers of such Courts shall be appointed by the High Court. 
(3) The High Court may, whenever it appears to it to be expedient or necessary, confer the powers of a 
Judicial Magistrate of the first class or of the second class on any member of the Judicial Service of the 
State, functioning as a Judge in a Civil Court."
BNSS_2023_s10,BNSS_2023,BNSS_2023_CH_II,10,"Chief Judicial Magistrate and Additional Chief Judicial Magistrate, etc","Chief Judicial Magistrate and Additional Chief Judicial Magistrate, etc.—(1) In every district, 
the High Court shall appoint a Judicial Magistrate of the first class to be the Chief Judicial Magistrate. 
(2) The High Court may appoint any Judicial Magistrate of the first class to be an Additional Chief 
Judicial magistrate, and such Magistrate shall have all or any of the powers of a Chief Judicial Magistrate 
under this Sanhita or under any other law for the time being in force as the High Court may direct. 
(3) The High Court may designate any Judicial Magistrate of the first class in any sub-division as the 
Sub-divisional Judicial Magistrate and relieve him of the responsibilities specified in this section as 
occasion requires. 
(4) Subject to the general control of the Chief Judicial Magistrate, every Sub-divisional Judicial 
Magistrate shall also have and exercise, such powers of supervision and control over the work of the Judicial 
Magistrates (other than Additional Chief Judicial Magistrates) in the sub-division as the High Court may, 
by general or special order, specify in this behalf."
BNSS_2023_s11,BNSS_2023,BNSS_2023_CH_II,11,Special Judicial Magistrates,"Special Judicial Magistrates.—(1) The High Court may, if requested by the Central or State 
Government so to do, confer upon any person who holds or has held any post under the Government, all or 
any of the powers conferred or conferrable by or under this Sanhita on a Judicial Magistrate of the first 
class or of the second class, in respect to particular cases or to particular classes of cases, in any local area: 
Provided that no such power shall be conferred on a person unless he possesses such qualification or 
experience in relation to legal affairs as the High Court may, by rules, specify. 
(2) Such Magistrates shall be called Special Judicial Magistrates and shall be appointed for such term, 
not exceeding one year at a time, as the High Court may, by general or special order, direct."
BNSS_2023_s12,BNSS_2023,BNSS_2023_CH_II,12,Local Jurisdiction of Judicial Magistrates,"Local Jurisdiction of Judicial Magistrates.—(1) Subject to the control of the High Court, the 
Chief udicial Magistrate may, from time to time, define the local limits of the areas within which the 
Magistrates appointed under section 9 or under section 11 may exercise all or any of the powers with which 
they may respectively be invested under this Sanhita: 
Provided that the Court of Special Judicial Magistrate may hold its sitting at any place within the local 
area for which it is established. 
(2) Except as otherwise provided by such definition, the jurisdiction and powers of every such 
Magistrate shall extend throughout the district.

(3) Where the local jurisdiction of a Magistrate appointed under section 9 or section 11 extends to an 
area beyond the district in which he ordinarily holds Court, any reference in this Sanhita to the Court of 
Session or Chief Judicial Magistrate shall, in relation to such Magistrate, throughout the area within his 
local jurisdiction, be construed, unless the context otherwise requires, as a reference to the Court of Session 
or Chief Judicial Magistrate, as the case may be, exercising jurisdiction in relation to the said district."
BNSS_2023_s13,BNSS_2023,BNSS_2023_CH_II,13,Subordination of Judicial Magistrates,"Subordination of Judicial Magistrates.—(1) Every Chief Judicial Magistrate shall be subordinate 
to the Sessions Judge; and every other Judicial Magistrate shall, subject to the general control of the 
Sessions Judge, be subordinate to the Chief Judicial Magistrate. 
(2) The Chief Judicial Magistrate may, from time to time, make rules or give special orders, consistent 
with this Sanhita, as to the distribution of business among the Judicial Magistrates subordinate to him."
BNSS_2023_s14,BNSS_2023,BNSS_2023_CH_II,14,Executive Magistrates,"Executive Magistrates.—(1) In every district, the State Government may appoint as many persons 
as itthinks fit to be Executive Magistrates and shall appoint one of them to be the District Magistrate. 
(2) The State Government may appoint any Executive Magistrate to be an Additional District 
Magistrate, and such Magistrate shall have such of the powers of a District Magistrate under this Sanhita 
or under any other law for the time being in force as may be directed by the State Government. 
(3) Whenever, in consequence of the office of a District Magistrate becoming vacant, any officer 
succeeds temporarily to the executive administration of the district, such officer shall, pending the orders 
of the State Government, exercise all the powers and perform all the duties respectively conferred and 
imposed by this Sanhita on the District Magistrate. 
(4) The State Government may place an Executive Magistrate in charge of a sub-division and may 
relieve him of the charge as occasion requires; and the Magistrate so placed in charge of a sub-division 
shall be called the Sub-divisional Magistrate. 
(5) The State Government may, by general or special order and subject to such control and directions 
as it may deem fit to impose, delegate its powers under sub-section (4) to the District Magistrate. 
(6) Nothing in this section shall preclude the State Government from conferring, under any law for the 
time being in force, on a Commissioner of Police all or any of the powers of an Executive Magistrate."
BNSS_2023_s15,BNSS_2023,BNSS_2023_CH_II,15,Special Executive Magistrates,"Special Executive Magistrates.—The State Government may appoint, for such term as it may 
think fit, Executive Magistrates or any police officer not below the rank of Superintendent of Police or 
equivalent, to be known as Special Executive Magistrates, for particular areas or for the performance of 
particular functions and confer on such Special Executive Magistrates such of the powers as are conferrable 
under this Sanhita on Executive Magistrates, as it may deem fit."
BNSS_2023_s16,BNSS_2023,BNSS_2023_CH_II,16,Local Jurisdiction of Executive,"Local Jurisdiction of Executive.—(1) Subject to the control of the State Government, the District 
Magistrate may, from time to time, define the local limits of the areas within which the Executive 
Magistrates may exercise all or any of the powers with which they may be invested under this Sanhita. 
(2) Except as otherwise provided by such definition, the jurisdiction and powers of every such 
Magistrate shall extend throughout the district."
BNSS_2023_s17,BNSS_2023,BNSS_2023_CH_II,17,Subordination of Executive Magistrates,"Subordination of Executive Magistrates.—(1) All Executive Magistrates shall be subordinate to 
the District Magistrate, and every Executive Magistrate (other than the Sub-divisional Magistrate) 
exercising powers in a sub-division shall also be subordinate to the Sub-divisional Magistrate, subject, to 
the general control of the District Magistrate. 
(2) The District Magistrate may, from time to time, make rules or give special orders, consistent with 
this Sanhita, as to the distribution or allocation of business among the Executive Magistrates subordinate 
to him."
BNSS_2023_s18,BNSS_2023,BNSS_2023_CH_II,18,Public Prosecutors,"Public Prosecutors.—(1) For every High Court, the Central Government or the State Government 
shall, after consultation with the High Court, appoint a Public Prosecutor and may also appoint one or more 
Additional Public Prosecutors, for conducting in such Court, any prosecution, appeal or other proceeding 
on behalf of the Central Government or the State Government, as the case may be: 
Provided that for National Capital Territory of Delhi, the Central Government shall, after consultation 
with the High Court of Delhi, appoint the Public Prosecutor or Additional Public Prosecutors for the 
purposes of this sub-section. 
(2) The Central Government may appoint one or more Public Prosecutors for the purpose of conducting 
any case in any district or local area. 
(3) For every district, the State Government shall appoint a Public Prosecutor and may also appoint one 
or more Additional Public Prosecutors for the district: 
Provided that the Public Prosecutor or Additional Public Prosecutor appointed for one district may be 
appointed also to be a Public Prosecutor or an Additional Public Prosecutor, as the case may be, for another 
district. 
(4) The District Magistrate shall, in consultation with the Sessions Judge, prepare a panel of names of 
persons, who are, in his opinion fit to be appointed as Public Prosecutors or Additional Public Prosecutors 
for the district. 
(5) No person shall be appointed by the State Government as the Public Prosecutor or Additional Public 
Prosecutor for the district unless his name appears in the panel of names prepared by the District Magistrate 
under sub-section (4). 
(6) Notwithstanding anything in sub-section (5), where in a State there exists a regular Cadre of 
Prosecuting Officers, the State Government shall appoint a Public Prosecutor or an Additional Public 
Prosecutor only from among the persons constituting such Cadre: 
Provided that where, in the opinion of the State Government, no suitable person is available in such 
Cadre for such appointment, that Government may appoint a person as Public Prosecutor or Additional 
Public Prosecutor, as the case may be, from the panel of names prepared by the District Magistrate under 
sub-section (4). 
Explanation.—For the purposes of this sub-section,— 
(a) “regular Cadre of Prosecuting Officers” means a Cadre of Prosecuting Officers which includes 
therein the post of Public Prosecutor, by whatever name called, and which provides for promotion of 
Assistant Public Prosecutors, by whatever name called, to that post; 
(b) “Prosecuting Officer” means a person, by whatever name called, appointed to perform the 
functions of a Public Prosecutor, Special Public Prosecutor, Additional Public Prosecutor or Assistant 
Public Prosecutor under this Sanhita. 
(7) A person shall be eligible to be appointed as a Public Prosecutor or an Additional Public Prosecutor 
under sub-section (1) or sub-section (2) or sub-section (3) or sub-section (6), only if he has been in practice 
as an advocate for not less than seven years. 
(8) The Central Government or the State Government may appoint, for the purposes of any case or class 
of cases, a person who has been in practice as an advocate for not less than ten years as a Special Public 
Prosecutor: 
Provided that the Court may permit the victim to engage an advocate of his choice to assist the 
prosecution under this sub-section.

Explanation.—“Community service” shall mean the work which the Court may order a convict to 
perform as a form of punishment that benefits the community, for which he shall not be entitled to any 
remuneration."
BNSS_2023_s24,BNSS_2023,BNSS_2023_CH_II,24,Sentence of imprisonment in default of fine,"Sentence of imprisonment in default of fine.—(1) The Court of a Magistrate may award such 
term of imprisonment in default of payment of fine as is authorised by law: 
Provided that the term— 
(a) is not in excess of the powers of the Magistrate under section 23; 
(b) shall not, where imprisonment has been awarded as part of the substantive sentence, exceed 
one-fourth of the term of imprisonment which the Magistrate is competent to inflict as punishment for 
the offence otherwise than as imprisonment in default of payment of the fine. 
(2) The imprisonment awarded under this section may be in addition to a substantive sentence of 
imprisonment for the maximum term awardable by the Magistrate under section 23."
BNSS_2023_s25,BNSS_2023,BNSS_2023_CH_II,25,Sentence in cases of conviction of several offences at one trial,"Sentence in cases of conviction of several offences at one trial.—(1) When a person is convicted 
at one trial of two or more offences, the Court may, subject to the provisions of section 9 of the Bharatiya 
Nyaya Sanhita, 2023, sentence him for such offences, to the several punishments prescribed therefor which 
such Court is competent to inflict and the Court shall, considering the gravity of offences, order such 
punishments to run concurrently or consecutively. 
(2) In the case of consecutive sentences, it shall not be necessary for the Court by reason only of the 
aggregate punishment for the several offences being in excess of the punishment which it is competent to 
inflict on conviction of a single offence, to send the offender for trial before a higher Court: 
(a) in no case shall such person be sentenced to imprisonment for a longer period than twenty years; 
(b) the aggregate punishment shall not exceed twice the amount of punishment which the Court is 
competent to inflict for a single offence. 
(3) For the purpose of appeal by a convicted person, the aggregate of the consecutive sentences passed 
against him under this section shall be deemed to be a single sentence."
BNSS_2023_s26,BNSS_2023,BNSS_2023_CH_II,26,Mode of conferring powers,"Mode of conferring powers.—(1) In conferring powers under this Sanhita, the High Court or the 
State Government, as the case may be, may, by order, empower persons specially by name or in virtue of 
their offices or classes of officials generally be their official titles. 
(2) Every such order shall take effect from the date on which it is communicated to the person so 
empowered."
BNSS_2023_s27,BNSS_2023,BNSS_2023_CH_II,27,Powers of officers appointed,"Powers of officers appointed.—Whenever any person holding an office in the service of 
Government who has been invested by the High Court or the State Government with any powers under this 
Sanhita throughout any local area is appointed to an equal or higher office of the samenature, within a like 
local area under the same State Government, he shall, unless the High Court or the State Government, as 
the case may be, otherwise directs, or has otherwise directed, exercise the same powers in the local area in 
which he is so appointed."
BNSS_2023_s28,BNSS_2023,BNSS_2023_CH_II,28,Withdrawal of powers,"Withdrawal of powers.—(1) The High Court or the State Government, as the case may be, may 
withdraw all or any of the powers conferred by it under this Sanhita on any person or by any officer 
subordinate to it. 
(2) Any powers conferred by the Chief Judicial Magistrate or by the District Magistrate may be 
withdrawn by the respective Magistrate by whom such powers were conferred.

(ii) the police officer is satisfied that such arrest is necessary— 
(a) to prevent such person from committing any further offence; or 
(b) for proper investigation of the offence; or 
(c) to prevent such person from causing the evidence of the offence to disappear or 
tampering with such evidence in any manner; or 
(d) to prevent such person from making any inducement, threat or promise to any person 
acquainted with the facts of the case so as to dissuade him from disclosing such facts to the 
Court or to the police officer; or 
(e) as unless such person is arrested, his presence in the Court whenever required cannot 
be ensured, and the police officer shall record while making such arrest, his reasons in writing: 
Provided that a police officer shall, in all cases where the arrest of a person is not required 
under the provisions of this sub-section, record the reasons in writing for not making the 
arrest; or 
(c) against whom credible information has been received that he has committed a cognizable 
offence punishable with imprisonment for a term which may extend to more than seven years whether 
with or without fine or with death sentence and the police officer has reason to believe on the basis of 
that information that such person has committed the said offence; or 
(d) who has been proclaimed as an offender either under this Sanhita or by order of the State 
Government; or 
(e) in whose possession anything is found which may reasonably be suspected to be stolen property 
and who may reasonably be suspected of having committed an offence with reference to such thing; or 
(f) who obstructs a police officer while in the execution of his duty, or who has escaped, or attempts 
to escape, from lawful custody; or 
(g) who is reasonably suspected of being a deserter from any of the Armed Forces of the Union; or 
(h) who has been concerned in, or against whom a reasonable complaint has been made, or credible 
information has been received, or a reasonable suspicion exists, of his having been concerned in, any 
act committed at any place out of India which, if committed in India, would have been punishable as 
an offence, and for which he is, under any law relating to extradition, or otherwise, liable to be 
apprehended or detained in custody in India; or 
(i) who, being a released convict, commits a breach of any rule made under sub-section (5) of 
section 394; or 
(j) for whose arrest any requisition, whether written or oral, has been received from another police 
officer, provided that the requisition specifies the person to be arrested and the offence or other cause 
for which the arrest is to be made and it appears therefrom that the person might lawfully be arrested 
without a warrant by the officer who issued the requisition. 
(2) Subject to the provisions of section 39, no person concerned in a non-cognizable offence or against 
whom a complaint has been made or credible information has been received or reasonable suspicion exists 
of his having so concerned, shall be arrested except under a warrant or order of a Magistrate. 
(3) The police officer shall, in all cases where the arrest of a person is not required under 
sub-section (1) issue a notice directing the person against whom a reasonable complaint has been made, or 
credible information has been received, or a reasonable suspicion exists that he has committed a cognizable 
offence, to appear before him or at such other place as may be specified in the notice.

(4) Where such a notice is issued to any person, it shall be the duty of that person to comply with the 
terms of the notice. 
(5) Where such person complies and continues to comply with the notice, he shall not be arrested in 
respect of the offence referred to in the notice unless, for reasons to be recorded, the police officer is of the 
opinion that he ought to be arrested. 
(6) Where such person, at any time, fails to comply with the terms of the notice or is unwilling to 
identify himself, the police officer may, subject to such orders as may have been passed by a competent 
Court in this behalf, arrest him for the offence mentioned in the notice. 
(7) No arrest shall be made without prior permission of an officer not below the rank of 
Deputy Superintendent of Police in case of an offence which is punishable for imprisonment of less than 
three years and such person is infirm or is above sixty years of age."
BNSS_2023_s36,BNSS_2023,BNSS_2023_CH_II,36,Procedure of arrest and duties of officer making arrest,"Procedure of arrest and duties of officer making arrest.—Every police officer while making an 
arrest shall— 
(a) bear an accurate, visible and clear identification of his name which will facilitate easy 
identification; 
(b) prepare a memorandum of arrest which shall be— 
(i) attested by at least one witness, who is a member of the family of the person arrested or a 
respectable member of the locality where the arrest is made; 
(ii) countersigned by the person arrested; and 
(c) inform the person arrested, unless the memorandum is attested by a member of his family, that 
he has a right to have a relative or a friend or any other person named by him to be informed of his 
arrest."
BNSS_2023_s37,BNSS_2023,BNSS_2023_CH_II,37,Designated police officer,"Designated police officer.—The State Government shall— 
(a) establish a police control room in every district and at State level; 
(b) designate a police officer in every district and in every police station, not below the rank of 
Assistant Sub-Inspector of Police who shall be responsible for maintaining the information about the 
names and addresses of the persons arrested, nature of the offence with which charged, which shall be 
prominently displayed in any manner including in digital mode in every police station and at the district 
headquarters."
BNSS_2023_s38,BNSS_2023,BNSS_2023_CH_II,38,Right of arrested person to meet an advocate of his choice during interrogation,"Right of arrested person to meet an advocate of his choice during interrogation.—When any 
person is arrested and interrogated by the police, he shall be entitled to meet an advocate of his choice 
during interrogation, though not throughout interrogation."
BNSS_2023_s39,BNSS_2023,BNSS_2023_CH_II,39,Arrest on refusal to give name and residence,"Arrest on refusal to give name and residence.—(1) When any person who, in the presence of a 
police officer, has committed or has been accused of committing a non-cognizable offence refuses on 
demand of such officer to give his name and residence or gives a name or residence which such officer has 
reason to believe to be false, he may be arrested by such officer in order that his name or residence may be 
ascertained. 
(2) When the true name and residence of such person have been ascertained, he shall be released on a 
bond or bail bond, to appear before a Magistrate if so required: 
Provided that if such person is not resident in India, the bail bond shall be secured by a surety or sureties 
resident in India.

(4) Nothing in this section gives a right to cause the death of a person who is not accused of an offence 
punishable with death or with imprisonment for life. 
(5) Save in exceptional circumstances, no woman shall be arrested after sunset and before sunrise, and 
where such exceptional circumstances exist, the woman police officer shall, by making a written report, 
obtain the prior permission of the Magistrate of the first class within whose local jurisdiction the offence is 
committed or the arrest is to be made."
BNSS_2023_s44,BNSS_2023,BNSS_2023_CH_II,44,Search of place entered by person sought to be arrested,"Search of place entered by person sought to be arrested.—(1) If any person acting under a 
warrant of arrest, or any police officer having authority to arrest, has reason to believe that the person to be 
arrested has entered into, or is within, any place, any person residing in, or being in charge of, such place 
shall, on demand of such person acting as aforesaid or such police officer, allow him free ingress thereto, 
and afford all reasonable facilities for a search therein. 
(2) If ingress to such place cannot be obtained under sub-section (1), it shall be lawful in any case for 
a person acting under a warrant and in any case in which a warrant may issue, but cannot be obtained 
without affording the person to be arrested an opportunity of escape, for a police officer to enter such place 
and search therein, and in order to effect an entrance into such place, to break open any outer or inner door 
or window of any house or place, whether that of the person to be arrested or of any other person, if after 
notification of his authority and purpose, and demand of admittance duly made, he cannot otherwise obtain 
admittance: 
Provided that if any such place is an apartment in the actual occupancy of a female (not being the person 
to be arrested) who, according to custom, does not appear in public, such person or police officer shall, 
before entering such apartment, give notice to such female that she is at liberty to withdraw and shall afford 
her every reasonable facility for withdrawing, and may then break open the apartment and enter it. 
(3) Any police officer or other person authorised to make an arrest may break open any outer or inner 
door or window of any house or place in order to liberate himself or any other person who, having lawfully 
entered for the purpose of making an arrest, is detained therein."
BNSS_2023_s45,BNSS_2023,BNSS_2023_CH_II,45,Pursuit of offenders into other jurisdictions,"Pursuit of offenders into other jurisdictions.—A police officer may, for the purpose of arresting 
without warrant any person whom he is authorised to arrest, pursue such person into any place in India."
BNSS_2023_s46,BNSS_2023,BNSS_2023_CH_II,46,No unnecessary restraint,"No unnecessary restraint.—The person arrested shall not be subjected to more restraint than is 
necessary to prevent his escape."
BNSS_2023_s47,BNSS_2023,BNSS_2023_CH_II,47,Person arrested to be informed of grounds of arrest and of right to bail,"Person arrested to be informed of grounds of arrest and of right to bail.—(1) Every police 
officer or other person arresting any person without warrant shall forthwith communicate to him full 
particulars of the offence for which he is arrested or other grounds for such arrest. 
(2) Where a police officer arrests without warrant any person other than a person accused of a nonbailable offence, he shall inform the person arrested that he is entitled to be released on bail and that he 
may arrange for sureties on his behalf."
BNSS_2023_s48,BNSS_2023,BNSS_2023_CH_II,48,"Obligation of person making arrest to inform about arrest, etc., to relative or friend","Obligation of person making arrest to inform about arrest, etc., to relative or friend.—(1) 
Every police officer or other person making any arrest under this Sanhita shall forthwith give the 
information regarding such arrest and place where the arrested person is being held to any of his relatives, 
friends or such other persons as may be disclosed or nominated by the arrested person for the purpose of 
giving such information and also to the designated police officer in the district. 
(2) The police officer shall inform the arrested person of his rights under sub-section (1) as soon as he 
is brought to the police station. 
(3) An entry of the fact as to who has been informed of the arrest of such person shall be made in a 
book to be kept in the police station in such form as the State Government may, by rules, provide.

request of any police officer, and for any person acting in good faith in his aid and under his direction, to 
make such an examination of the arrested person and to use such force as is reasonably necessary for that 
purpose. 
(2) The registered medical practitioner conducting such examination shall, without any delay, examine 
such person and prepare a report of his examination giving the following particulars, namely:— 
(i) the name and address of the accused and of the person by whom he was brought; 
(ii) the age of the accused; 
(iii) marks of injury, if any, on the person of the accused; 
(iv) the description of material taken from the person of the accused for DNA profiling; and 
(v) other material particulars in reasonable detail. 
(3) The report shall state precisely the reasons for each conclusion arrived at. 
(4) The exact time of commencement and completion of the examination shall also be noted in the 
(5) The registered medical practitioner shall, without any delay, forward the report to the investigating 
officer, who shall forward it to the Magistrate referred to in section 193 as part of the documents referred 
to in clause (a) of sub-section (6) of that section."
BNSS_2023_s53,BNSS_2023,BNSS_2023_CH_II,53,Examination of arrested person by medical officer,"Examination of arrested person by medical officer.—(1) When any person is arrested, he shall 
be examined by a medical officer in the service of the Central Government or a State Government, and in 
case the medical officer is not available, by a registered medical practitioner soon after the arrest is made: 
Provided that if the medical officer or the registered medical practitioner is of the opinion that one more 
examination of such person is necessary, he may do so: 
Provided further that where the arrested person is a female, the examination of the body shall be made 
only by or under the supervision of a female medical officer, and in case the female medical officer is not 
available, by a female registered medical practitioner. 
(2) The medical officer or a registered medical practitioner so examining the arrested person shall 
prepare the record of such examination, mentioning therein any injuries or marks of violence upon the 
person arrested, and the approximate time when such injuries or marks may have been inflicted. 
(3) Where an examination is made under sub-section (1), a copy of the report of such examination shall 
be furnished by the medical officer or registered medical practitioner, as the case may be, to the arrested 
person or the person nominated by such arrested person not available, by a registered medical practitioner 
soon after the arrest is made:"
BNSS_2023_s54,BNSS_2023,BNSS_2023_CH_II,54,Identification of person arrested,"Identification of person arrested.—Where a person is arrested on a charge of committing an 
offence and his identification by any other person or persons is considered necessary for the purpose of 
investigation of such offence, the Court, having jurisdiction may, on the request of the officer in charge of 
a police station, direct the person so arrested to subject himself to identification by any person or persons 
in such manner as the Court may deem fit: 
Provided that if the person identifying the person arrested is mentally or physically disabled, such 
process of identification shall take place under the supervision of a Magistrate who shall take appropriate 
steps to ensure that such person identifies the person arrested using methods that person is comfortable with 
and the identification process shall be recorded by any audio-video electronic means."
BNSS_2023_s55,BNSS_2023,BNSS_2023_CH_II,55,Procedure when police officer deputes subordinate to arrest without warrant,"Procedure when police officer deputes subordinate to arrest without warrant.—(1) When any 
officer in charge of a police station or any police officer making an investigation under Chapter XIII 
requires any officer subordinate to him to arrest without a warrant (otherwise than in his presence) any

person who may lawfully be arrested without a warrant, he shall deliver to the officer required to make the 
arrest an order in writing, specifying the person to be arrested and the offence or other cause for which the 
arrest is to be made and the officer so required shall, before making the arrest, notify to the person to be 
arrested the substance of the order and, if so required by such person, shall show him the order. 
(2) Nothing in sub-section (1) shall affect the power of a police officer to arrest a person under 
section 35."
BNSS_2023_s56,BNSS_2023,BNSS_2023_CH_XIII,56,Health and safety of arrested person,"Health and safety of arrested person.—It shall be the duty of the person having the custody of an 
accused to take reasonable care of the health and safety of the accused."
BNSS_2023_s57,BNSS_2023,BNSS_2023_CH_XIII,57,Person arrested to be taken before Magistrate or officer in charge of police station,"Person arrested to be taken before Magistrate or officer in charge of police station.—A police 
officer making an arrest without warrant shall, without unnecessary delay and subject to the provisions 
herein contained as to bail, take or send the person arrested before a Magistrate having jurisdiction in the 
case, or before the officer in charge of a police station."
BNSS_2023_s58,BNSS_2023,BNSS_2023_CH_XIII,58,Person arrested not to be detained more than twenty-four hours,"Person arrested not to be detained more than twenty-four hours.—Officers in charge of police 
stations shall report to the District Magistrate, or, if he so directs, to the Sub-divisional Magistrate, the cases 
of all persons arrested without warrant, within the limits of their respective stations, whether such persons 
have been admitted to bail or otherwise."
BNSS_2023_s59,BNSS_2023,BNSS_2023_CH_XIII,59,Police to report apprehensions,"Police to report apprehensions.— Officers in charge of police stations shall report to the District 
Magistrate, or, if he so directs, to the Sub-divisional Magistrate, the cases of all persons arrested without 
warrant, within the limits of their respective stations, whether such persons have been admitted to bail or 
otherwise."
BNSS_2023_s60,BNSS_2023,BNSS_2023_CH_XIII,60,Discharge of person apprehended,"Discharge of person apprehended.—No person who has been arrested by a police officer shall be 
discharged except on his bond, or bail bond, or under the special order of a Magistrate."
BNSS_2023_s61,BNSS_2023,BNSS_2023_CH_XIII,61,"Power, on escape, to pursue and retake","Power, on escape, to pursue and retake.—(1) If a person in lawful custody escapes or is rescued, 
the person from whose custody he escaped or was rescued may immediately pursue and arrest him in any 
place in India. 
(2) The provisions of section 44 shall apply to arrests under sub-section (1) although the person making 
any such arrest is not acting under a warrant and is not a police officer having authority to arrest."
BNSS_2023_s62,BNSS_2023,BNSS_2023_CH_XIII,62,Arrest to be made strictly according to Sanhita,"Arrest to be made strictly according to Sanhita.— No arrest shall be made except in accordance 
with the provisions of this Sanhita or any other law for the time being in force providing for arrest. 
CHAPTER VI 
PROCESSES TO COMPEL APPEARANCE 
A.—Summons"
BNSS_2023_s63,BNSS_2023,BNSS_2023_CH_VI,63,Form of summons,"Form of summons.—Every summons issued by a Court under this Sanhita shall be,— 
(i) in writing, in duplicate, signed by the presiding officer of such Court or by such other officer as 
the High Court may, from time to time, by rule direct, and shall bear the seal of the Court; or 
(ii) in an encrypted or any other form of electronic communication and shall bear the image of the 
seal of the Court or digital signature."
BNSS_2023_s64,BNSS_2023,BNSS_2023_CH_VI,64,Summons how served,"Summons how served.—(1) Every summons shall be served by a police officer, or subject to such 
rules as the State Government may make in this behalf, by an officer of the Court issuing it or other public 
servant: 
Provided that the police station or the registrar in the Court shall maintain a register to enter the address, 
email address, phone number and such other details as the State Government may, by rules, provide.

(2) The summons shall, if practicable, be served personally on the person summoned, by delivering or 
tendering to him one of the duplicates of the summons: 
Provided that summons bearing the image of Court's seal may also be served by electronic 
communication in such form and in such manner, as the State Government may, by rules, provide. 
(3) Every person on whom a summons is so served personally shall, if so required by the serving officer, 
sign a receipt therefor on the back of the other duplicate."
BNSS_2023_s65,BNSS_2023,BNSS_2023_CH_VI,65,"Service of summons on corporate bodies, firms, and societies","Service of summons on corporate bodies, firms, and societies.—(1) Service of a summons on a 
company or corporation may be effected by serving it on the Director, Manager, Secretary or other officer 
of the company or corporation, or by letter sent by registered post addressed to the Director, Manager, 
Secretary or other officer of the company or corporation in India, in which case the service shall be deemed 
to have been effected when the letter would arrive in ordinary course of post. 
Explanation.—In this section, “company” means a body corporate and “corporation” means an 
incorporated company or other body corporate registered under the Companies Act, 2013 (18 of 2013) or 
a society registered under the Societies Registration Act, 1860 (21 of 1860). 
(2) Service of a summons on a firm or other association of individuals may be effected by serving it on 
any partner of such firm or association, or by letter sent by registered post addressed to such partner, in 
which case the service shall be deemed to have been effected when the letter would arrive in ordinary course 
of post."
BNSS_2023_s66,BNSS_2023,BNSS_2023_CH_VI,66,Service when persons summoned cannot be found,"Service when persons summoned cannot be found.—Where the person summoned cannot, by 
the exercise of due diligence, be found, the summons may be served by leaving one of the duplicates for 
him with some adult member of his family residing with him, and the person with whom the summons is 
so left shall, if so required by the serving officer, sign a receipt therefor on the back of the other duplicate. 
Explanation.—A servant is not a member of the family within the meaning of this section."
BNSS_2023_s67,BNSS_2023,BNSS_2023_CH_VI,67,Procedure when service cannot be effected as before provided,"Procedure when service cannot be effected as before provided.—If service cannot by the 
exercise of due diligence be effected as provided in section 64, section 65 or section 66, the serving officer 
shall affix one of the duplicates of the summons to some conspicuous part of the house or homestead in 
which the person summoned ordinarily resides; and thereupon the Court, after making such inquiries as it 
thinks fit, may either declare that the summons has been duly served or order fresh service in such manner 
as it considers proper."
BNSS_2023_s68,BNSS_2023,BNSS_2023_CH_VI,68,Service on Government servant,"Service on Government servant.—(1) Where the person summoned is in the active service of the 
Government, the Court issuing the summons shall ordinarily send it in duplicate to the head of the office in 
which such person is employed; and such head shall thereupon cause the summons to be served in the 
manner provided by section 64, and shall return it to the Court under his signature with the endorsement 
required by that section. 
(2) Such signature shall be evidence of due service."
BNSS_2023_s69,BNSS_2023,BNSS_2023_CH_VI,69,Service of summons outside local limits,"Service of summons outside local limits.—When a Court desires that a summons issued by it shall 
be served at any place outside its local jurisdiction, it shall ordinarily send such summons in duplicate to a 
Magistrate within whose local jurisdiction the person summoned resides, or is, to be there served."
BNSS_2023_s70,BNSS_2023,BNSS_2023_CH_VI,70,Proof of service in such cases and when serving officer not present,"Proof of service in such cases and when serving officer not present.—(1) When a summons 
issued by a Court is served outside its local jurisdiction, and in any case where the officer who has served 
a summons is not present at the hearing of the case, an affidavit, purporting to be made before a Magistrate, 
that such summons has been served, and a duplicate of the summons purporting to be endorsed (in the 
manner provided by section 64 or section 66) by the person to whom it was delivered or tendered or with 
whom it was left, shall be admissible in evidence, and the statements made therein shall be deemed to be 
correct unless and until the contrary is proved.

(2) Such person shall acknowledge in writing the receipt of the warrant, and shall execute it if the person 
for whose arrest it was issued, is in, or enters on, any land or other property under his charge. 
(3) When the person against whom such warrant is issued is arrested, he shall be made over with the 
warrant to the nearest police officer, who shall cause him to be taken before a Magistrate having jurisdiction 
in the case, unless security is taken under section 73."
BNSS_2023_s76,BNSS_2023,BNSS_2023_CH_VI,76,Warrant directed to police officer,"Warrant directed to police officer.—A warrant directed to any police officer may also be executed 
by any other police officer whose name is endorsed upon the warrant by the officer to whom it is directed 
or endorsed."
BNSS_2023_s77,BNSS_2023,BNSS_2023_CH_VI,77,Notification of substance of warrant,"Notification of substance of warrant.—The police officer or other person executing a warrant of 
arrest shall notify the substance thereof to the person to be arrested, and, if so required, shall show him 
the warrant."
BNSS_2023_s78,BNSS_2023,BNSS_2023_CH_VI,78,Person arrested to be brought before Court without delay,"Person arrested to be brought before Court without delay.—The police officer or other person 
executing a warrant of arrest shall (subject to the provisions of section 73 as to security) without 
unnecessary delay bring the person arrested before the Court before which he is required by law to produce 
such person: 
Provided that such delay shall not, in any case, exceed twenty-four hours exclusive of the time 
necessary for the journey from the place of arrest to the Magistrate's Court."
BNSS_2023_s79,BNSS_2023,BNSS_2023_CH_VI,79,Where warrant may be executed,Where warrant may be executed.—A warrant of arrest may be executed at any place in India.
BNSS_2023_s80,BNSS_2023,BNSS_2023_CH_VI,80,Warrant forwarded for execution outside jurisdiction,"Warrant forwarded for execution outside jurisdiction.—(1) When a warrant is to be executed 
outside the local jurisdiction of the Court issuing it, such Court may, instead of directing the warrant to a 
police officer within its jurisdiction, forward it by post or otherwise to any Executive Magistrate or District 
Superintendent of Police or Commissioner of Police within the local limits of whose jurisdiction it is to be 
executed; and the Executive Magistrate or District Superintendent or Commissioner shall endorse his name 
thereon, and if practicable, cause it to be executed in the manner hereinbefore provided. 
(2) The Court issuing a warrant under sub-section (1) shall forward, along with thewarrant, the 
substance of the information against the person to be arrested together with such documents, if any, as may 
be sufficient to enable the Court acting under section 83 to decide whether bail should or should not be 
granted to the person."
BNSS_2023_s81,BNSS_2023,BNSS_2023_CH_VI,81,Warrant directed to police officer for execution outside jurisdiction,"Warrant directed to police officer for execution outside jurisdiction.—(1) When a warrant 
directed to a police officer is to be executed beyond the local jurisdiction of the Court issuing the same, he 
shall ordinarily take it for endorsement either to an Executive Magistrate or to a police officer not below 
the rank of an officer in charge of a police station, within the local limits of whose jurisdiction the warrant 
is to be executed. 
(2) Such Magistrate or police officer shall endorse his name thereon and such endorsement shall be 
sufficient authority to the police officer to whom the warrant is directed to execute the same, and the local 
police shall, if so required, assist such officer in executing such warrant. 
(3) Whenever there is reason to believe that the delay occasioned by obtaining the endorsement of the 
Magistrate or police officer within whose local jurisdiction the warrant is to be executed will prevent such 
execution, the police officer to whom it is directed may execute the same without such endorsement in any 
place beyond the local jurisdiction of the Court which issued it."
BNSS_2023_s82,BNSS_2023,BNSS_2023_CH_VI,82,Procedure on arrest of person against whom warrant issued,"Procedure on arrest of person against whom warrant issued.—(1) When a warrant of arrest is 
executed outside the district in which it was issued, the person arrested shall, unless the Court which issued 
the warrant is within thirty kilometres of the place of arrest or is nearer than the Executive Magistrate or 
District Superintendent of Police or Commissioner of Police within the local limits of whose jurisdiction

the arrest was made, or unless security is taken under section 73, be taken before such Magistrate or District 
Superintendent or Commissioner. 
(2) On the arrest of any person referred to in sub-section (1), the police officer shall forthwith give the 
information regarding such arrest and the place where the arrested person is being held to the designated 
police officer in the district and to such officer of another district where the arrested person normally resides."
BNSS_2023_s83,BNSS_2023,BNSS_2023_CH_VI,83,Procedure by Magistrate before whom such person arrested is brought,"Procedure by Magistrate before whom such person arrested is brought.—(1) The Executive 
Magistrate or District Superintendent of Police or Commissioner of Police shall, if the person arrested 
appears to be the person intended by the Court which issued the warrant, direct his removal in custody to 
such Court: 
Provided that, if the offence is bailable, and such person is ready and willing to give bail bond to the 
satisfaction of such Magistrate, District Superintendent or Commissioner, or a direction has been endorsed 
under section 73 on the warrant and such person is ready and willing to give the security required by such 
direction, the Magistrate, District Superintendent or Commissioner shall take such bail bond or security, as 
the case may be, and forward the bond, to the Court which issued the warrant: 
Provided further that if the offence is a non-bailable one, it shall be lawful for the Chief Judicial 
Magistrate (subject to the provisions of section 480), or the Sessions Judge, of the district in which the 
arrest is made on consideration of the information and the documents referred to in sub-section (2) of section 
80, to release such person on bail. 
(2) Nothing in this section shall be deemed to prevent a police officer from taking security under 
section 73. 
C.—Proclamation and attachment"
BNSS_2023_s84,BNSS_2023,BNSS_2023_CH_VI,84,Proclamation for person absconding,"Proclamation for person absconding.—(1) If any Court has reason to believe (whether after 
taking evidence or not) that any person against whom a warrant has been issued by it has absconded or is 
concealing himself so that such warrant cannot be executed, such Court may publish a written proclamation 
requiring him to appear at a specified place and at a specified time not less than thirty days from the date 
of publishing such proclamation. 
(2) The proclamation shall be published as follows:— 
(i) (a) it shall be publicly read in some conspicuous place of the town or village in which such 
person ordinarily resides; 
(b) it shall be affixed to some conspicuous part of the house or homestead in which such person 
ordinarily resides or to some conspicuous place of such town or village; 
(c) a copy thereof shall be affixed to some conspicuous part of the Court-house; 
(ii) the Court may also, if it thinks fit, direct a copy of the proclamation to be published in a daily 
newspaper circulating in the place in which such person ordinarily resides. 
(3) A statement in writing by the Court issuing the proclamation to the effect that the proclamation was 
duly published on a specified day, in the manner specified in clause (i) of sub-section (2), shall be conclusive 
evidence that the requirements of this section have been complied with, and that the proclamation was 
published on such day. 
(4) Where a proclamation published under sub-section (1) is in respect of a person accused of an offence 
which is made punishable with imprisonment of ten years or more, or imprisonment for life or with death 
under the Bharatiya Nyaya Sanhita, 2023 or under any other law for the time being in force, and such person 
fails to appear at the specified place and time required by the proclamation, the Court may, after making 
such inquiry as it thinks fit, pronounce him a proclaimed offender and make a declaration to that effect.

in such property, and that such interest is not liable to attachment under section 85, the claim or objection 
shall be inquired into, and may be allowed or disallowed in whole or in part: 
Provided that any claim preferred or objection made within the period allowed by this sub-section may, 
in the event of the death of the claimant or objector, be continued by his legal representative. 
(2) Claims or objections under sub-section (1) may be preferred or made in the Court by which the 
order of attachment is issued, or, if the claim or objection is in respect of property attached under an order 
endorsed under sub-section (2) of section 85, in the Court of the Chief Judicial Magistrate of the district in 
which the attachment is made. 
(3) Every such claim or objection shall be inquired into by the Court in which it is preferred or made: 
Provided that, if it is preferred or made in the Court of a Chief Judicial Magistrate, he may make it over 
for disposal to any Magistrate subordinate to him. 
(4) Any person whose claim or objection has been disallowed in whole or in part by an order under 
sub-section (1) may, within a period of one year from the date of such order, institute a suit to establish the 
right which he claims in respect of the property in dispute; but subject to the result of such suit, if any, the 
order shall be conclusive."
BNSS_2023_s88,BNSS_2023,BNSS_2023_CH_VI,88,"Release, sale and restoration of attached property","Release, sale and restoration of attached property.—(1) If the proclaimed person appears within 
the time specified in the proclamation, the Court shall make an order releasing the property from the 
attachment. 
(2) If the proclaimed person does not appear within the time specified in the proclamation, the property 
under the attachment shall be at the disposal of the State Government; but it shall not be sold until the 
expiration of six months from the date of the attachment and until any claim preferred or objection made 
under section 87 has been disposed of under that section, unless it is subject to speedy and natural decay, 
or the Court considers that the sale would be for the benefit of the owner; in either of which cases the Court 
may cause it to be sold whenever it thinks fit. 
(3) If, within two years from the date of the attachment, any person whose property is or has been at 
the disposal of the State Government under sub-section (2), appears voluntarily or is apprehended and 
brought before the Court by whose order the property was attached, or the Court to which such Court is 
subordinate, and proves to the satisfaction of such Court that he did not abscond or conceal himself for the 
purpose of avoiding execution of the warrant, and that he had not such notice of the proclamation as to 
enable him to attend within the time specified therein, such property, or, if the same has been sold, the net 
proceeds of the sale, or, if part only thereof has been sold, the net proceeds of the sale and the residue of 
the property, shall, after satisfying therefrom all costs incurred in consequence of the attachment, be 
delivered to him."
BNSS_2023_s89,BNSS_2023,BNSS_2023_CH_VI,89,Appeal from order rejecting application for restoration of attached property,"Appeal from order rejecting application for restoration of attached property.—Any person 
referred to in sub-section (3) of section 88, who is aggrieved by any refusal to deliver property or the 
proceeds of the sale thereof may appeal to the Court to which appeals ordinarily lie from the sentences of 
the first-mentioned Court. 
D.—Other rules regarding processes"
BNSS_2023_s90,BNSS_2023,BNSS_2023_CH_VI,90,"Issue of warrant in lieu of, or in addition to, summons","Issue of warrant in lieu of, or in addition to, summons.—A Court may, in any case in which it 
is empowered by this Sanhita to issue a summons for the appearance of any person, issue, after recording 
its reasons in writing, a warrant for his arrest— 
(a) if, either before the issue of such summons, or after the issue of the same but before the time 
fixed for his appearance, the Court sees reason to believe that he has absconded or will not obey the 
summons; or"
BNSS_2023_s98,BNSS_2023,BNSS_2023_CH_VI,98,Power to declare certain publications forfeited and to issue search-warrants for,"Power to declare certain publications forfeited and to issue search-warrants for 
same.—(1) Where— 
(a) any newspaper, or book; or 
(b) any document, 
 wherever printed, appears to the State Government to contain any matter the publication of which is 
punishable under section 152 or section 196 or section 197 or section 294 or section 295 or section 299 of 
grounds of its opinion, declare every copy of the issue of the newspaper containing such matter, and every 
copy of such book or other document to be forfeited to Government, and thereupon any police officer may 
seize the same wherever found in India and any Magistrate may by warrant authorise any police officer not 
below the rank of sub-inspector to enter upon and search for the same in any premises where any copy of 
such issue, or any such book or other document may be or may be reasonably suspected to be. 
(2) In this section and in section 99,— 
(a) “newspaper” and “book” have the same meanings as in the Press and Registration of Books 
Act, 1867 (25 of 1867); 
(b) “document” includes any painting, drawing or photograph, or other visible representation. 
(3) No order passed or action taken under this section shall be called in question in any Court otherwise 
than in accordance with the provisions of section 99."
BNSS_2023_s99,BNSS_2023,BNSS_2023_CH_VI,99,Application to High Court to set aside declaration of forfeiture,"Application to High Court to set aside declaration of forfeiture.—(1) Any person having any 
interest in any newspaper, book or other document, in respect of which a declaration of forfeiture has been 
made under section 98, may, within two months from the date of publication in the Official Gazette of such 
declaration, apply to the High Court to set aside such declaration on the ground that the issue of the 
newspaper, or the book or other document, in respect of which the declaration was made, did not contain 
any such matter as is referred to in sub-section (1) of section 98. 
(2) Every such application shall, where the High Court consists of three or more Judges, be heard and 
determined by a Special Bench of the High Court composed of three Judges and where the High Court 
consists of less than three Judges, such Special Bench shall be composed of all the Judges of that High 
(3) On the hearing of any such application with reference to any newspaper, any copy of such 
newspaper may be given in evidence in aid of the proof of the nature or tendency of the words, signs or 
visible representations contained in such newspaper, in respect of which the declaration of forfeiture was 
made. 
(4) The High Court shall, if it is not satisfied that the issue of the newspaper, or the book or other 
document, in respect of which the application has been made, contained any such matter as is referred to in 
sub-section (1) of section 98, set aside the declaration of forfeiture. 
(5) Where there is a difference of opinion among the Judges forming the Special Bench, the decision 
shall be in accordance with the opinion of the majority of those Judges."
BNSS_2023_s100,BNSS_2023,BNSS_2023_CH_VI,100,Search for persons wrongfully confined,"Search for persons wrongfully confined.—If any District Magistrate, Sub-divisional Magistrate 
or Magistrate of the first class has reason to believe that any person is confined under such circumstances 
that the confinement amounts to an offence, he may issue a search-warrant, and the person to whom such 
warrant is directed may search for the person so confined; and such search shall be made in accordance 
therewith, and the person, if found, shall be immediately taken before a Magistrate, who shall make such 
order as in the circumstances of the case seems proper.

the Court or Magistrate may by an interim order passed ex parte direct attachment or seizure of such 
property, and such order shall remain in force till an order under sub-section (6) is passed. 
(6) If the Court or the Magistrate finds the attached or seized properties to be the proceeds of crime, the 
Court or the Magistrate shall by order direct the District Magistrate to rateably distribute such proceeds of 
crime to the persons who are affected by such crime. 
(7) On receipt of an order passed under sub-section (6), the District Magistrate shall, within a period of 
sixty days distribute the proceeds of crime either by himself or authorise any officer subordinate to him to 
effect such distribution. 
(8) If there are no claimants to receive such proceeds or no claimant is ascertainable or there is any 
surplus after satisfying the claimants, such proceeds of crime shall stand forfeited to the Government."
BNSS_2023_s108,BNSS_2023,BNSS_2023_CH_VI,108,Magistrate may direct search in his presence,"Magistrate may direct search in his presence.—Any Magistrate may direct a search to be made 
in his presence of any place for the search of which he is competent to issue a search-warrant."
BNSS_2023_s109,BNSS_2023,BNSS_2023_CH_VI,109,"Power to impound document, etc., produced","Power to impound document, etc., produced.—Any Court may, if it thinks fit, impound any 
document or thing produced before it under this Sanhita."
BNSS_2023_s110,BNSS_2023,BNSS_2023_CH_VI,110,Reciprocal arrangements regarding processes,"Reciprocal arrangements regarding processes.—(1) Where a Court in the territories to which 
this Sanhita extends (hereafter in this section referred to as the said territories) desires that— 
(a) a summons to an accused person; or 
(b) a warrant for the arrest of an accused person; or 
(c) a summons to any person requiring him to attend and produce a document or other thing, or to 
produce it; or 
(d) a search-warrant, 
issued by it shall be served or executed at any place,— 
(i) within the local jurisdiction of a Court in any State or area in India outside the said territories, it 
may send such summons or warrant in duplicate by post or otherwise, to the presiding officer of that 
Court to be served or executed; and where any summons referred to in clause (a) or clause (c) has been 
so served, the provisions of section 70 shall apply in relation to such summons as if the presiding officer 
of the Court to whom it is sent were a Magistrate in the said territories; 
(ii) in any country or place outside India in respect of which arrangements have been made by the 
Central Government with the Government of such country or place for service or execution of summons 
or warrant in relation to criminal matters (hereafter in this section referred to as the contracting State), 
it may send such summons or warrant in duplicate in such form, directed to such Court, Judge or 
Magistrate, and send to such authority for transmission, as the Central Government may, by 
notification, specify in this behalf. 
(2) Where a Court in the said territories has received for service or execution— 
(a) a summons to an accused person; or 
(b) a warrant for the arrest of an accused person; or 
(c) a summons to any person requiring him to attend and produce a document or other thing, or to 
produce it; or 
(d) a search-warrant, 
 issued by— 
(I) a Court in any State or area in India outside the said territories;

CHAPTER IX 
SECURITY FOR KEEPING THE PEACE AND FOR GOOD BEHAVIOUR"
BNSS_2023_s125,BNSS_2023,BNSS_2023_CH_IX,125,Security for keeping peace on conviction,"Security for keeping peace on conviction.—(1) When a Court of Session or Court of a Magistrate 
of the first class convicts a person of any of the offences specified in sub-section (2) or of abetting any such 
offence and is of opinion that it is necessary to take security from such person for keeping the peace, the 
Court may, at the time of passing sentence on such person, order him to execute a bond or bail bond, for 
keeping the peace for such period, not exceeding three years, as it thinks fit. 
(2) The offences referred to in sub-section (1) are— 
(a) any offence punishable under Chapter XI of the Bharatiya Nyaya Sanhita, 2023 (45 of 2023), 
other than an offence punishable under sub-section (1) of section 193 or section 196 or section 197 
thereof; 
(b) any offence which consists of, or includes, assault or using criminal force or committing 
mischief; 
(c) any offence of criminal intimidation; 
(d) any other offence which caused, or was intended or known to be likely to cause, a breach of the 
peace. 
(3) If the conviction is set aside on appeal or otherwise, the bond or bail bond so executed shall become 
void. 
(4) An order under this section may also be made by an Appellate Court or by a Court when exercising 
its powers of revision."
BNSS_2023_s126,BNSS_2023,BNSS_2023_CH_IX,126,Security for keeping peace in other cases,"Security for keeping peace in other cases.—(1) When an Executive Magistrate receives 
information that any person is likely to commit a breach of the peace or disturb the public tranquillity or to 
do any wrongful act that may probably occasion a breach of the peace or disturb the public tranquillity and 
is of opinion that there is sufficient ground for proceeding, he may, in the manner hereinafter provided, 
require such person to show cause why he should not be ordered to execute a bond or bail bond for keeping 
the peace for such period, not exceeding one year, as the Magistrate thinks fit. 
(2) Proceedings under this section may be taken before any Executive Magistrate when either the place 
where the breach of the peace or disturbance is apprehended is within his local jurisdiction or there is within 
such jurisdiction a person who is likely to commit a breach of the peace or disturb the public tranquillity or 
to do any wrongful act as aforesaid beyond such jurisdiction."
BNSS_2023_s127,BNSS_2023,BNSS_2023_CH_IX,127,Security for good behaviour from persons disseminating certain matters,"Security for good behaviour from persons disseminating certain matters.—(1) When an 
Executive Magistrate receives information that there is within his local jurisdiction any person who, within 
or without such jurisdiction,— 
(i) either orally or in writing or in any other manner, intentionally disseminates or attempts to 
disseminate or abets the dissemination of,— 
(a) any matter the publication of which is punishable under section 152 or section 196 or 
section 197 or section 299 of the Bharatiya Nyaya Sanhita, 2023 (45 of 2023); or 
(b) any matter concerning a Judge acting or purporting to act in the discharge of his official 
duties which amounts to criminal intimidation or defamation under the Bharatiya Nyaya Sanhita, 
2023; 
(ii) makes, produces, publishes or keeps for sale, imports, exports, conveys, sells, lets to hire, 
distributes, publicly exhibits or in any other manner puts into circulation any obscene matter such as is 
referred to in section 294 of the Bharatiya Nyaya Sanhita, 2023,

and the Magistrate is of opinion that there is sufficient ground for proceeding, the Magistrate may, in the 
manner hereinafter provided, require such person to show cause why he should not be ordered to execute a 
bond or bail bond, for his good behaviour for such period, not exceeding one year, as the Magistrate thinks 
fit. 
(2) No proceedings shall be taken under this section against the editor, proprietor, printer or publisher 
of any publication registered under, and edited, printed and published in conformity with, the rules laid 
down in the Press and Registration of Books Act, 1867 (25 of 1867) with reference to any matter contained 
in such publication except by the order or under the authority of the State Government or some officer 
empowered by the State Government in this behalf."
BNSS_2023_s128,BNSS_2023,BNSS_2023_CH_IX,128,Security for good behaviour from suspected persons,"Security for good behaviour from suspected persons.—When an Executive Magistrate receives 
information that there is within his local jurisdiction a person taking precautions to conceal his presence 
and that there is reason to believe that he is doing so with a view to committing a cognizable offence, the 
Magistrate may, in the manner hereinafter provided, require such person to show cause why he should not 
be ordered to execute a bond or bail bond for his good behaviour for such period, not exceeding one year, 
as the Magistrate thinks fit."
BNSS_2023_s129,BNSS_2023,BNSS_2023_CH_IX,129,Security for good behaviour from habitual offenders,"Security for good behaviour from habitual offenders.—When an Executive Magistrate 
receives information that there is within his local jurisdiction a person who— 
(a) is by habit a robber, house-breaker, thief, or forger; or 
(b) is by habit a receiver of stolen property knowing the same to have been stolen; or 
(c) habitually protects or harbours thieves, or aids in the concealment or disposal of stolen property; 
(d) habitually commits, or attempts to commit, or abets the commission of, the offence of 
kidnapping, abduction, extortion, cheating or mischief, or any offence punishable under Chapter X of 
that Sanhita; or 
(e) habitually commits, or attempts to commit, or abets the commission of, offences, involving a 
breach of the peace; or 
(f) habitually commits, or attempts to commit, or abets the commission of— 
(i) any offence under one or more of the following Acts, namely:— 
(a) the Drugs and Cosmetics Act, 1940 (23 of 1940.); 
(b) the Foreigners Act, 1946 (31 of 1946); 
(c) the Employees' Provident Fund and Miscellaneous Provisions Act, 1952 (19 of 1952); 
(d) the Essential Commodities Act, 1955 (10 of 1955); 
(e) the Protection of Civil Rights Act, 1955 (22 of 1955); 
(f) the Customs Act, 1962 (52 of 1962); 
(g) the Food Safety and Standards Act, 2006 (34 of 2006); or 
(ii) any offence punishable under any other law providing for the prevention of hoarding or 
profiteering or of adulteration of food or drugs or of corruption; or 
(g) is so desperate and dangerous as to render his being at large without security hazardous to the 
community,

such Magistrate may, in the manner hereinafter provided, require such person to show cause why he 
should not be ordered to execute a bail bond, for his good behaviour for such period, not exceeding three 
years, as the Magistrate thinks fit."
BNSS_2023_s130,BNSS_2023,BNSS_2023_CH_IX,130,Order to be made,"Order to be made.—When a Magistrate acting under section 126, section 127, section 128 or 
section 129, deems it necessary to require any person to show cause under such section, he shall make an 
order in writing, setting forth the substance of the information received, the amount of the bond to be 
executed, the term for which it is to be in force and the number of sureties, after considering the sufficiency 
and fitness of sureties."
BNSS_2023_s131,BNSS_2023,BNSS_2023_CH_IX,131,Procedure in respect of person present in Court,"Procedure in respect of person present in Court.—If the person in respect of whom such order 
is made is present in Court, it shall be read over to him, or, if he so desires, the substance thereof shall be 
explained to him."
BNSS_2023_s132,BNSS_2023,BNSS_2023_CH_IX,132,Summons or warrant in case of person not so present,"Summons or warrant in case of person not so present.—If such person is not present in Court, 
the Magistrate shall issue a summons requiring him to appear, or, when such person is in custody, a warrant 
directing the officer in whose custody he is to bring him before the Court: 
Provided that whenever it appears to such Magistrate, upon the report of a police officer or upon other 
information (the substance of which report or information shall be recorded by the Magistrate), that there 
is reason to fear the commission of a breach of the peace, and that such breach of the peace cannot be 
prevented otherwise than by the immediate arrest of such person, the Magistrate may at any time issue a 
warrant for his arrest."
BNSS_2023_s133,BNSS_2023,BNSS_2023_CH_IX,133,Copy of order to accompany summons or warrant,"Copy of order to accompany summons or warrant.—Every summons or warrant issued under 
section 132 shall be accompanied by a copy of the order made under section 130, and such copy shall be 
delivered by the officer serving or executing such summons or warrant to the person served with, or arrested 
under, the same."
BNSS_2023_s134,BNSS_2023,BNSS_2023_CH_IX,134,Power to dispense with personal attendance,"Power to dispense with personal attendance.—The Magistrate may, if he sees sufficient cause, 
dispense with the personal attendance of any person called upon to show cause why he should not be ordered 
to execute a bond for keeping the peace or for good behaviour and may permit him to appear by an advocate."
BNSS_2023_s135,BNSS_2023,BNSS_2023_CH_IX,135,Inquiry as to truth of information,"Inquiry as to truth of information.—(1) When an order under section 130 has been read or 
explained under section 131 to a person present in Court, or when any person appears or is brought before 
a Magistrate in compliance with, or in execution of, a summons or warrant, issued under section 132, the 
Magistrate shall proceed to inquire into the truth of the information upon which action has been taken, and 
to take such further evidence as may appear necessary. 
(2) Such inquiry shall be made, as nearly as may be practicable, in the manner hereinafter prescribed 
for conducting trial and recording evidence in summons-cases. 
(3) After the commencement, and before the completion, of the inquiry under sub-section (1), the 
Magistrate, if he considers that immediate measures are necessary for the prevention of a breach of the 
peace or disturbance of the public tranquillity or the commission of any offence or for the public safety, 
may, for reasons to be recorded in writing, direct the person in respect of whom the order under section 130 
has been made to execute a bond or bail bond, for keeping the peace or maintaining good behaviour until 
the conclusion of the inquiry, and may detain him in custody until such bond or bail bond is executed or, in 
default of execution, until the inquiry is concluded: 
(a) no person against whom proceedings are not being taken under section 127, section 128, or 
section 129 shall be directed to execute a bond or bail bond for maintaining good behaviour;

(6) If the security is tendered to the officer in charge of the jail, he shall forthwith refer the matter to 
the Court or Magistrate who made the order, and shall await the orders of such Court or Magistrate. 
(7) Imprisonment for failure to give security for keeping the peace shall be simple. 
(8) Imprisonment for failure to give security for good behaviour shall, where the proceedings have been 
taken under section 127, be simple, and, where the proceedings have been taken under section 128 or 
section 129, be rigorous or simple as the Court or Magistrate in each case directs."
BNSS_2023_s142,BNSS_2023,BNSS_2023_CH_IX,142,Power to release persons imprisoned for failing to give security,"Power to release persons imprisoned for failing to give security.— (1) Whenever the District 
Magistrate in the case of an order passed by an Executive Magistrate under section 136, or the Chief Judicial 
Magistrate in any other case is of opinion that any person imprisoned for failing to give security under this 
Chapter may be released without hazard to the community or to any other person, he may order such person 
to be discharged. 
(2) Whenever any person has been imprisoned for failing to give security under this Chapter, the High 
Court or Court of Session, or, where the order was made by any other Court, District Magistrate, in the case 
of an order passed by an Executive Magistrate under section 136, or the Chief Judicial Magistrate in any 
other case, may make an order reducing the amount of the security or the number of sureties or the time for 
which security has been required. 
(3) An order under sub-section (1) may direct the discharge of such person either without conditions or 
upon any conditions which such person accepts: 
Provided that any condition imposed shall cease to be operative when the period for which such person 
was ordered to give security has expired. 
(4) The State Government may prescribe, by rules, the conditions upon which a conditional discharge 
may be made. 
(5) If any condition upon which any person has been discharged is, in the opinion of District Magistrate, 
in the case of an order passed by an Executive Magistrate under section 136, or the Chief Judicial Magistrate 
in any other case by whom the order of discharge was made or of his successor, not fulfilled, he may cancel 
the same. 
(6) When a conditional order of discharge has been cancelled under sub-section (5), such person may 
be arrested by any police officer without warrant, and shall thereupon be produced before the District 
Magistrate, in the case of an order passed by an Executive Magistrate under section 136, or the Chief 
Judicial Magistrate in any other case. 
(7) Unless such person gives security in accordance with the terms of the original order for the 
unexpired portion of the term for which he was in the first instance committed or ordered to be detained 
(such portion being deemed to be a period equal to the period between the date of the breach of the 
conditions of discharge and the date on which, except for such conditional discharge, he would have been 
entitled to release), District Magistrate, in the case of an order passed by an Executive Magistrate under 
section 136, or the Chief Judicial Magistrate in any other case may remand such person to prison to undergo 
such unexpired portion. 
(8) A person remanded to prison under sub-section (7) shall, subject to the provisionsof section 141, be 
released at any time on giving security in accordance with the terms of the original order for the unexpired 
portion aforesaid to the Court or Magistrate by whom such order was made, or to its or his successor. 
(9) The High Court or Court of Session may at any time, for sufficient reasons to be recorded in writing, 
cancel any bond for keeping the peace or for good behaviour executed under this Chapter by any order 
made by it, and District Magistrate, in the case of an order passed by an Executive Magistrate under section 
136, or the Chief Judicial Magistrate in any other case may make such cancellation where such bond was 
executed under his order or under the order of any other Court in his district.

levying fines, and may sentence such person, for the whole or any part of each month's allowance for the 
maintenance or the interim maintenance and expenses of proceeding, as the case may be, remaining unpaid 
after the execution of the warrant, to imprisonment for a term which may extend to one month or until 
payment if sooner made: 
Provided that no warrant shall be issued for the recovery of any amount due under this section unless 
application be made to the Court to levy such amount within a period of one year from the date on which it 
became due: 
Provided further that if such person offers to maintain his wife on condition of her living with him, and 
she refuses to live with him, such Magistrate may consider any grounds of refusal stated by her, and may 
make an order under this section notwithstanding such offer, if he is satisfied that there is just ground for 
so doing. 
Explanation.—If a husband has contracted marriage with another woman or keeps a mistress, it shall 
be considered to be just ground for his wife's refusal to live with him. 
(4) No wife shall be entitled to receive an allowance for the maintenance or the interim maintenance 
and expenses of proceeding, from her husband under this section if she is living in adultery, or if, without 
any sufficient reason, she refuses to live with her husband, or if they are living separately by mutual consent. 
(5) On proof that any wife in whose favour an order has been made under this section is living in 
adultery, or that without sufficient reason she refuses to live with her husband, or that they are living 
separately by mutual consent, the Magistrate shall cancel the order."
BNSS_2023_s145,BNSS_2023,BNSS_2023_CH_IX,145,Procedure,"Procedure.— (1) Proceedings under section 144 may be taken against any person in any district— 
(a) where he is; or 
(b) where he or his wife resides; or 
(c) where he last resided with his wife, or as the case may be, with the mother of the illegitimate 
child; or 
(d) where his father or mother resides. 
(2) All evidence in such proceedings shall be taken in the presence of the person against whom an order 
for payment of maintenance is proposed to be made, or, when his personal attendance is dispensed with, in 
the presence of his advocate, and shall be recorded in the manner prescribed for summons-cases: 
Provided that if the Magistrate is satisfied that the person against whom an order for payment of 
maintenance is proposed to be made is wilfully avoiding service, or willfully neglecting to attend the Court, 
the Magistrate may proceed to hear and determine the case ex parte and any order so made may be set aside 
for good cause shown on an application made within three months from the date thereof subject to such 
terms including terms as to payment of costs to the opposite party as the Magistrate may think just and 
proper. 
(3) The Court in dealing with applications under section 144 shall have power to make such order as to 
costs as may be just."
BNSS_2023_s146,BNSS_2023,BNSS_2023_CH_IX,146,Alteration in allowance,"Alteration in allowance.—(1) On proof of a change in the circumstances of any person, receiving, 
under section 144 a monthly allowance for the maintenance or interim maintenance, or ordered under the 
same section to pay a monthly allowance for the maintenance, or interim maintenance, to his wife, child, 
father or mother, as the case may be, the Magistrate may make such alteration, as he thinks fit, in the 
allowance for the maintenance or the interim maintenance, as the case may be. 
(2) Where it appears to the Magistrate that in consequence of any decision of a competent Civil Court, 
any order made under section 144 should be cancelled or varied, he shall cancel the order or, as the case 
may be, vary the same accordingly.

(3) Where any order has been made under section 144 in favour of a woman who has been divorced 
by, or has obtained a divorce from, her husband, the Magistrate shall, if he is satisfied that— 
(a) the woman has, after the date of such divorce, remarried, cancel such order as from the date of 
her remarriage; 
(b) the woman has been divorced by her husband and that she has received, whether before or after 
the date of the said order, the whole of the sum which, under any customary or personal law applicable 
to the parties, was payable on such divorce, cancel such order,— 
(i) in the case where such sum was paid before such order, from the date on which such order 
was made; 
(ii) in any other case, from the date of expiry of the period, if any, for which maintenance has 
been actually paid by the husband to the woman; 
(c) the woman has obtained a divorce from her husband and that she had voluntarily surrendered 
her rights to maintenance or interim maintenance, as the case may be, after her divorce, cancel the order 
from the date thereof. 
(4) At the time of making any decree for the recovery of any maintenance or dowry by any person, to 
whom a monthly allowance for the maintenance and interim maintenance or any of them has been ordered 
to be paid under section 144, the Civil Court shall take into account the sum which has been paid to, or 
recovered by, such person as monthly allowance for the maintenance and interim maintenance or any of 
them, as the case may be, in pursuance of the said order."
BNSS_2023_s147,BNSS_2023,BNSS_2023_CH_IX,147,Enforcement of order of maintenance,"Enforcement of order of maintenance.—A copy of the order of maintenance or interim 
maintenance and expenses of proceedings, as the case may be, shall be given without payment to the person 
in whose favour it is made, or to his guardian, if any, or to the person to whom the allowance for the 
maintenance or the allowance for the interim maintenance and expenses of proceeding, as the case may be, 
is to be paid; and such order may be enforced by any Magistrate in any place where the person against 
whom it is made may be, on such Magistrate being satisfied as to the identity of the parties and the 
non-payment of the allowance, or as the case may be, expenses, due. 
CHAPTER XI 
MAINTENANCE OF PUBLIC ORDER AND TRANQUILLITY 
A.—Unlawful assemblies"
BNSS_2023_s148,BNSS_2023,BNSS_2023_CH_XI,148,Dispersal of assembly by use of civil force,"Dispersal of assembly by use of civil force.—(1) Any Executive Magistrate or officer in charge 
of a police station or, in the absence of such officer in charge, any police officer, not below the rank of a 
sub-inspector, may command any unlawful assembly, or any assembly of five or more persons likely to 
cause a disturbance of the public peace, to disperse; and it shall thereupon be the duty of the members of 
such assembly to disperse accordingly. 
(2) If, upon being so commanded, any such assembly does not disperse, or if, without being so 
commanded, it conducts itself in such a manner as to show a determination not to disperse, any Executive 
Magistrate or police officer referred to in sub-section (1), may proceed to disperse such assembly by force, 
and may require the assistance of any person, not being an officer or member of the armed forces and acting 
as such, for the purpose of dispersing such assembly, and, if necessary, arresting and confining the persons 
who form part of it, in order to disperse such assembly or that they may be punished according to law."
BNSS_2023_s149,BNSS_2023,BNSS_2023_CH_XI,149,Use of armed forces to disperse assembly,"Use of armed forces to disperse assembly.—(1) If any assembly referred to in sub-section (1) of 
section 148 cannot otherwise be dispersed, and it is necessary for the public security that it should be 
dispersed, the District Magistrate or any other Executive Magistrate authorised by him, who is present, may 
cause it to be dispersed by the armed forces.

(b) that the conduct of any trade or occupation, or the keeping of any goods or merchandise, is 
injurious to the health or physical comfort of the community, and that in consequence such trade or 
occupation should be prohibited or regulated or such goods or merchandise should be removed or the 
keeping thereof regulated; or 
(c) that the construction of any building, or, the disposal of any substance, as is likely to occasion 
conflagration or explosion, should be prevented or stopped; or 
(d) that any building, tent or structure, or any tree is in such a condition that it is likely to fall and 
thereby cause injury to persons living or carrying on business in the neighbourhood or passing by, and 
that in consequence the removal, repair or support of such building, tent or structure, or the removal or 
support of such tree, is necessary; or 
(e) that any tank, well or excavation adjacent to any such way or public place should be fenced in 
such manner as to prevent danger arising to the public; or 
(f) that any dangerous animal should be destroyed, confined or otherwise disposed of, 
such Magistrate may make a conditional order requiring the person causing such obstruction or nuisance, 
or carrying on such trade or occupation, or keeping any such goods or merchandise, or owning, possessing 
or controlling such building, tent, structure, substance, tank, well or excavation, or owning or possessing 
such animal or tree, within a time to be fixed in the order— 
(i) to remove such obstruction or nuisance; or 
(ii) to desist from carrying on, or to remove or regulate in such manner as may be directed, such 
trade or occupation, or to remove such goods or merchandise, or to regulate the keeping thereof in such 
manner as may be directed; or 
(iii) to prevent or stop the construction of such building, or to alter the disposal of such 
substance; or 
(iv) to remove, repair or support such building, tent or structure, or to remove or support such 
trees; or 
(v) to fence such tank, well or excavation; or 
(vi) to destroy, confine or dispose of such dangerous animal in the manner provided in the said 
order, or, if he objects so to do, to appear before himself or some other Executive Magistrate subordinate 
to him at a time and place to be fixed by the order, and show cause, in the manner hereinafter provided, 
why the order should not be made absolute. 
(2) No order duly made by a Magistrate under this section shall be called in question in any Civil Court. 
Explanation.—A “public place” includes also property belonging to the State, camping grounds and 
grounds left unoccupied for sanitary or recreative purposes."
BNSS_2023_s153,BNSS_2023,BNSS_2023_CH_XI,153,Service or notification of order,"Service or notification of order.—(1) The order shall, if practicable, be served on the person 
against whom it is made, in the manner herein provided for service of summons. 
(2) If such order cannot be so served, it shall be notified by proclamation published in such manner as 
the State Government may, by rules, direct, and a copy thereof shall be stuck up at such place or places as 
may be fittest for conveying the information to such person."
BNSS_2023_s154,BNSS_2023,BNSS_2023_CH_XI,154,Person to whom order is addressed to obey or show cause,"Person to whom order is addressed to obey or show cause.—The person against whom such 
order is made shall— 
(a) perform, within the time and in the manner specified in the order, the act directed thereby; or

(b) appear in accordance with such order and show cause against the same; and such appearance or 
hearing may be permitted through audio-video conferencing."
BNSS_2023_s155,BNSS_2023,BNSS_2023_CH_XI,155,Penalty for failure to comply with section 154,"Penalty for failure to comply with section 154.—If the person against whom an order is made 
under section 154 does not perform such act or appear and show cause, he shall be liable to the penalty 
specified in that behalf in section 223 of the Bharatiya Nyaya Sanhita, 2023, and the order shall be made 
absolute."
BNSS_2023_s156,BNSS_2023,BNSS_2023_CH_XI,156,Procedure where existence of public right is denied,"Procedure where existence of public right is denied.— (1) Where an order is made under 
section 152 for the purpose of preventing obstruction, nuisance or danger to the public in the use of any 
way, river, channel or place, the Magistrate shall, on the appearance before him of the person against whom 
the order was made, question him as to whether he denies the existence of any public right in respect of the 
way, river, channel or place, and if he does so, the Magistrate shall, before proceeding under section 157, 
inquire into the matter. 
(2) If in such inquiry the Magistrate finds that there is any reliable evidence in support of such denial, 
he shall stay the proceedings until the matter of the existence of such right has been decided by a competent 
Court; and, if he finds that there is no such evidence, he shall proceed as laid down in section 157. 
(3) A person who has, on being questioned by the Magistrate under sub-section (1), failed to deny the 
existence of a public right of the nature therein referred to, or who, having made such denial, has failed to 
adduce reliable evidence in support thereof, shall not in the subsequent proceedings be permitted to make 
any such denial."
BNSS_2023_s157,BNSS_2023,BNSS_2023_CH_XI,157,Procedure where person against whom order is made under section 152 appears to show,"Procedure where person against whom order is made under section 152 appears to show 
cause.—(1) If the person against whom an order under section 152 is made appears and shows cause against 
the order, the Magistrate shall take evidence in the matter as in a summons-case. 
(2) If the Magistrate is satisfied that the order, either as originally made or subject to such modification 
as he considers necessary, is reasonable and proper, the order shall be made absolute without modification 
or, as the case may be, with such modification. 
(3) If the Magistrate is not so satisfied, no further proceedings shall be taken in the case: 
Provided that the proceedings under this section shall be completed, as soon as possible, within a period 
of ninety days, which may be extended for the reasons to be recorded in writing, to one hundred and twenty 
days."
BNSS_2023_s158,BNSS_2023,BNSS_2023_CH_XI,158,Power of Magistrate to direct local investigation and examination of an expert,"Power of Magistrate to direct local investigation and examination of an expert.—The 
Magistrate may, for the purposes of an inquiry under section 156 or section 157— 
(a) direct a local investigation to be made by such person as he thinks fit; or 
(b) summon and examine an expert."
BNSS_2023_s159,BNSS_2023,BNSS_2023_CH_XI,159,"Power of Magistrate to furnish written instructions, etc","Power of Magistrate to furnish written instructions, etc.—(1) Where the Magistrate directs a 
local investigation by any person under section 158, the Magistrate may— 
(a) furnish such person with such written instructions as may seem necessary for his guidance; 
(b) declare by whom the whole or any part of the necessary expenses of the local investigation shall 
be paid. 
(2) The report of such person may be read as evidence in the case. 
(3) Where the Magistrate summons and examines an expert under section 158, the Magistrate may 
direct by whom the costs of such summoning and examination shall be paid."
BNSS_2023_s160,BNSS_2023,BNSS_2023_CH_XI,160,Procedure on order being made absolute and consequences of disobedience,"Procedure on order being made absolute and consequences of disobedience.—(1) When an 
order has been made absolute under section 155 or section 157, the Magistrate shall give notice of the same 
to the person against whom the order was made, and shall further require him to perform the act directed 
by the order within the time to be fixed in the notice, and inform him that, in case of disobedience, he shall 
be liable to the penalty provided by section 223 of the Bharatiya Nyaya Sanhita, 2023. 
(2) If such act is not performed within the time fixed, the Magistrate may cause it to be performed, and 
may recover the costs of performing it, either by the sale of any building, goods or other property removed 
by his order, or by the distress and sale of any other movable property of such person within or without 
such Magistrate's local jurisdiction, and if such other property is without such jurisdiction, the order shall 
authorise its attachment and sale when endorsed by the Magistrate within whose local jurisdiction the 
property to be attached is found. 
(3) No suit shall lie in respect of anything done in good faith under this section."
BNSS_2023_s161,BNSS_2023,BNSS_2023_CH_XI,161,Injunction pending inquiry,"Injunction pending inquiry.—(1) If a Magistrate making an order under section 152 considers 
that immediate measures should be taken to prevent imminent danger or injury of a serious kind to the 
public, he may issue such an injunction to the person against whom the order was made, as is required to 
obviate or prevent such danger or injury pending the determination of the matter. 
(2) In default of such person forthwith obeying such injunction, the Magistrate may himself use, or 
cause to be used, such means as he thinks fit to obviate such danger or to prevent such injury. 
(3) No suit shall lie in respect of anything done in good faith by a Magistrate under this section."
BNSS_2023_s162,BNSS_2023,BNSS_2023_CH_XI,162,Magistrate may prohibit repetition or Continuance of public nuisance,"Magistrate may prohibit repetition or Continuance of public nuisance.—A District Magistrate 
or Sub-divisional Magistrate, or any other Executive Magistrate or Deputy Commissioner of Police 
empowered by the State Government or the District Magistrate in this behalf, may order any person not to 
repeat or continue a public nuisance, as defined in the Bharatiya Nyaya Sanhita, 2023, or any special or 
local law. 
C.—Urgent cases of nuisance or apprehended danger"
BNSS_2023_s163,BNSS_2023,BNSS_2023_CH_XI,163,Power to issue order in urgent cases of nuisance or apprehended danger,"Power to issue order in urgent cases of nuisance or apprehended danger.— (1) In cases where, 
in the opinion of a District Magistrate, a Sub-divisional Magistrate or any other Executive Magistrate 
specially empowered by the State Government in this behalf, there is sufficient ground for proceeding under 
this section and immediate prevention or speedy remedy is desirable, such Magistrate may, by a written 
order stating the material facts of the case and served in the manner provided by section 153, direct any 
person to abstain from a certain act or to take certain order with respect to certain property in his possession 
or under his management, if such Magistrate considers that such direction is likely to prevent, or tends to 
prevent, obstruction, annoyance or injury to any person lawfully employed, or danger to human life, health 
or safety or a disturbance of the public tranquillity, or a riot, or an affray. 
(2) An order under this section may, in cases of emergency or in cases where the circumstances do not 
admit of the serving in due time of a notice upon the person against whom the order is directed, be passed 
ex parte. 
(3) An order under this section may be directed to a particular individual, or to persons residing in a 
particular place or area, or to the public generally when frequenting or visiting a particular place or area. 
(4) No order under this section shall remain in force for more than two months from the making thereof: 
Provided that if the State Government considers it necessary so to do for preventing danger to human 
life, health or safety or for preventing a riot or any affray, it may, by notification, direct that an order made 
by a Magistrate under this section shall remain in force for such further period not exceeding six months 
from the date on which the order made by the Magistrate would have, but for such order, expired, as it may 
specify in the said notification.

(5) Any Magistrate may, either on his own motion or on the application of any person aggrieved, rescind 
or alter any order made under this section by himself or any Magistrate subordinate to him or by his 
predecessor-in-office. 
(6) The State Government may, either on its own motion or on the application of any person aggrieved, 
rescind or alter any order made by it under the proviso to sub-section (4). 
(7) Where an application under sub-section (5) or sub-section (6) is received, the Magistrate, or the 
State Government, as the case may be, shall afford to the applicant an early opportunity of appearing before 
him or it, either in person or by an advocate and showing cause against the order; and if the Magistrate or 
the State Government, as the case may be, rejects the application wholly or in part, he or it shall record in 
writing the reasons for so doing. 
D.—Disputes as to immovable property"
BNSS_2023_s164,BNSS_2023,BNSS_2023_CH_XI,164,Procedure where dispute concerning land or water is likely to cause breach of,"Procedure where dispute concerning land or water is likely to cause breach of 
peace.—(1) Whenever an Executive Magistrate is satisfied from a report of a police officer or upon other 
information that a dispute likely to cause a breach of the peace exists concerning any land or water or the 
boundaries thereof, within his local jurisdiction, he shall make an order in writing, stating the grounds of 
his being so satisfied, and requiring the parties concerned in such dispute to attend his Court in person or 
by an advocate on aspecified date and time, and to put in written statements of their respective claims as 
respects the fact of actual possession of the subject of dispute. 
(2) For the purposes of this section, the expression “land or water” includes buildings, markets, 
fisheries, crops or other produce of land, and the rents or profits of any such property. 
(3) A copy of the order shall be served in the manner provided by this Sanhita for the service of 
summons upon such person or persons as the Magistrate may direct, and at least one copy shall be published 
by being affixed to some conspicuous place at or near the subject of dispute. 
(4) The Magistrate shall, without reference to the merits or the claims of any of the parties to a right to 
possess the subject of dispute, peruse the statements so put in, hear the parties, receive all such evidence as 
may be produced by them, take such further evidence, if any, as he thinks necessary, and, if possible, decide 
whether any and which of the parties was, at the date of the order made by him under sub-section (1), in 
possession of the subject of dispute: 
Provided that if it appears to the Magistrate that any party has been forcibly and wrongfully 
dispossessed within two months next before the date on which the report of a police officer or other 
information was received by the Magistrate, or after that date and before the date of his order under 
sub-section (1), he may treat the party so dispossessed as if that party had been in possession on the date of 
his order under sub-section (1). 
(5) Nothing in this section shall preclude any party so required to attend, or any other person interested, 
from showing that no such dispute as aforesaid exists or has existed; and in such case the Magistrate shall 
cancel his said order, and all further proceedings thereon shall be stayed, but, subject to such cancellation, 
the order of the Magistrate under sub-section (1) shall be final. 
(6) (a) If the Magistrate decides that one of the parties was, or should under the proviso to 
sub-section (4) be treated as being, in such possession of the said subject of dispute, he shall issue an order 
declaring such party to be entitled to possession thereof until evicted therefrom in due course of law, and 
forbidding all disturbance of such possession until such eviction; and when he proceeds under the proviso 
to sub-section (4), may restore to possession the party forcibly and wrongfully dispossessed; 
(b) the order made under this sub-section shall be served and published in the manner laid down in subsection (3).

(7) When any party to any such proceeding dies, the Magistrate may cause the legal representative of 
the deceased party to be made a party to the proceeding and shall thereupon continue the inquiry, and if any 
question arises as to who the legal representative of a deceased party for the purposes of such proceeding 
is, all persons claiming to be representatives of the deceased party shall be made parties thereto. 
(8) If the Magistrate is of opinion that any crop or other produce of the property, the subject of dispute 
in a proceeding under this section pending before him, is subject to speedy and natural decay, he may make 
an order for the proper custody or sale of such property, and, upon the completion of the inquiry, shall make 
such order for the disposal of such property, or the sale-proceeds thereof, as he thinks fit. 
(9) The Magistrate may, if he thinks fit, at any stage of the proceedings under this section, on the 
application of either party, issue a summons to any witness directing him to attend or to produce any 
document or thing. 
(10) Nothing in this section shall be deemed to be in derogation of powers of the Magistrate to proceed 
under section 126."
BNSS_2023_s165,BNSS_2023,BNSS_2023_CH_XI,165,Power to attach subject of dispute and to appoint receiver,"Power to attach subject of dispute and to appoint receiver.— (1) If the Magistrate at any time 
after making the order under sub-section (1) of section 164 considers the case to be one of emergency, or 
if he decides that none of the parties was then in such possession as is referred to in section 164, or if he is 
unable to satisfy himself as to which of them was then in such possession of the subject of dispute, he may 
attach the subject of dispute until a competent Court has determined the rights of the parties thereto with 
regard to the person entitled to the possession thereof: 
Provided that such Magistrate may withdraw the attachment at any time if he is satisfied that there is 
no longer any likelihood of breach of the peace with regard to the subject of dispute. 
(2) When the Magistrate attaches the subject of dispute, he may, if no receiver in relation to such subject 
of dispute has been appointed by any Civil Court, make such arrangements as he considers proper for 
looking after the property or if he thinks fit, appoint a receiver thereof, who shall have, subject to the control 
of the Magistrate, all the powers of a receiver appointed under the Code of Civil Procedure, 1908 (5 of 
1908): 
Provided that in the event of a receiver being subsequently appointed in relation to the subject of dispute 
by any Civil Court, the Magistrate— 
(a) shall order the receiver appointed by him to hand over the possession of the subject of dispute 
to the receiver appointed by the Civil Court and shall thereafter discharge the receiver appointed by 
him; 
(b) may make such other incidental or consequential orders as may be just."
BNSS_2023_s166,BNSS_2023,BNSS_2023_CH_XI,166,Dispute concerning right of use of land or water,"Dispute concerning right of use of land or water.— (1) Whenever an Executive Magistrate is 
satisfied from the report of a police officer or upon other information, that a dispute likely to cause a breach 
of the peace exists regarding any alleged right of user of any land or water within his local jurisdiction, 
whether such right be claimed as an easement or otherwise, he shall make an order in writing, stating the 
grounds of his being so satisfied and requiring the parties concerned in such dispute to attend his Court in 
person or by an advocate on a specified date and time and to put in written statements of their respective 
claims. 
Explanation.—For the purposes of this sub-section, the expression ""land or water"" has the meaning 
given to it in sub-section (2) of section 164. 
(2) The Magistrate shall peruse the statements so put in, hear the parties, receive all such evidence as 
may be produced by them respectively, consider the effect of such evidence, take such further evidence, if 
any, as he thinks necessary and, if possible, decide whether such right exists; and the provisions of 
section 164 shall, so far as may be, apply in the case of such inquiry.

(3) If it appears to such Magistrate that such rights exist, he may make an order prohibiting any 
interference with the exercise of such right, including, in a proper case, an order for the removal of any 
obstruction in the exercise of any such right: 
Provided that no such order shall be made where the right is exercisable at all times of the year, unless 
such right has been exercised within three months next before the receipt under sub-section (1) of the report 
of a police officer or other information leading to the institution of the inquiry, or where the right is 
exercisable only at particular seasons or on particular occasions, unless the right has been exercised during 
the last of such seasons or on the last of such occasions before such receipt. 
(4) When in any proceedings commenced under sub-section (1) of section 164 the Magistrate finds that 
the dispute is as regards an alleged right of user of land or water, he may, after recording his reasons, 
continue with the proceedings as if they had been commenced under sub-section (1), and when in any 
proceedings commenced under sub-section (1) the Magistrate finds that the dispute should be dealt with 
under section 164, he may, after recording his reasons, continue with the proceedings as if they had been 
commenced under sub-section (1) of section 164."
BNSS_2023_s167,BNSS_2023,BNSS_2023_CH_XI,167,Local inquiry,"Local inquiry.—(1) Whenever a local inquiry is necessary for the purposes of section 164, section 
165 or section 166, a District Magistrate or Sub-divisional Magistrate may depute any Magistrate 
subordinate to him to make the inquiry, and may furnish him with such written instructions as may seem 
necessary for his guidance, and may declare by whom the whole or any part of the necessary expenses of 
the inquiry shall be paid. 
(2) The report of the person so deputed may be read as evidence in the case. 
(3) When any costs have been incurred by any party to a proceeding under section 164, section 165 or 
section 166, the Magistrate passing a decision may direct by whom such costs shall be paid, whether by 
such party or by any other party to the proceeding, and whether in whole or in part or proportion and such 
costs may include any expenses incurred in respect of witnesses and of advocates' fees, which the Court 
may consider reasonable. 
CHAPTER XII 
PREVENTIVE ACTION OF THE POLICE"
BNSS_2023_s168,BNSS_2023,BNSS_2023_CH_XII,168,Police to prevent cognizable offences,"Police to prevent cognizable offences.—Every police officer may interpose for the purpose of 
preventing, and shall, to the best of his ability, prevent, the commission of any cognizable offence."
BNSS_2023_s169,BNSS_2023,BNSS_2023_CH_XII,169,Information of design to commit cognizable offences,"Information of design to commit cognizable offences.—Every police officer receiving 
information of a design to commit any cognizable offence shall communicate such information to the police 
officer to whom he is subordinate, and to any other officer whose duty it is to prevent or take cognizance 
of the commission of any such offence."
BNSS_2023_s170,BNSS_2023,BNSS_2023_CH_XII,170,Arrest to prevent commission of cognizable offences,"Arrest to prevent commission of cognizable offences.— (1) A police officer knowing of a design 
to commit any cognizable offence may arrest, without orders from a Magistrate and without a warrant, the 
person so designing, if it appears to such officer that the commission of the offence cannot be otherwise 
prevented. 
(2) No person arrested under sub-section (1) shall be detained in custody for a period exceeding 
twenty-four hours from the time of his arrest unless his further detention is required or authorised under 
any other provisions of this Sanhita or of any other law for the time being in force."
BNSS_2023_s171,BNSS_2023,BNSS_2023_CH_XII,171,Prevention of injury to public property,"Prevention of injury to public property.—A police officer may of his own authority interpose 
to prevent any injury attempted to be committed in his view to any public property, movable or immovable, 
or the removal or injury of any public landmark, buoy or other mark used for navigation."
BNSS_2023_s172,BNSS_2023,BNSS_2023_CH_XII,172,Persons bound to conform to lawful directions of police,"Persons bound to conform to lawful directions of police.— (1) All persons shall be bound to 
conform to the lawful directions of a police officer given in fulfilment of any of his duty under this Chapter.

(2) A police officer may detain or remove any person resisting, refusing, ignoring or disregarding to 
conform to any direction given by him under sub-section (1) and may either take such person before a 
Magistrate or, in petty cases, release him as soon as possible within a period of twenty-four hours. 
CHAPTER XIII 
INFORMATION TO THE POLICE AND THEIR POWERS TO INVESTIGATE"
BNSS_2023_s173,BNSS_2023,BNSS_2023_CH_XIII,173,Information in cognizable cases,"Information in cognizable cases.—(1) Every information relating to the commission of a 
cognizable offence, irrespective of the area where the offence is committed, may be given orally or by 
electronic communication to an officer in charge of a police station, and if given— 
(i) orally, it shall be reduced to writing by him or under his direction, and be read over to the 
informant; and every such information, whether given in writing or reduced to writing as aforesaid, 
shall be signed by the person giving it; 
(ii) by electronic communication, it shall be taken on record by him on being signed within three 
days by the person giving it, 
and the substance thereof shall be entered in a book to be kept by such officer in such form as the State 
Government may by rules prescribe in this behalf: 
Provided that if the information is given by the woman against whom an offence under section 64, 
section 65, section 66, section 67, section 68, section 69, section 70, section 71, section 74, section 75, 
section 76, section 77, section 78, section 79 or section 124 of the Bharatiya Nyaya Sanhita, 2023 is alleged 
to have been committed or attempted, then such information shall be recorded, by a woman police officer 
or any woman officer: 
Provided further that— 
(a) in the event that the person against whom an offence under section 64, section 65, section 66, 
section 67, section 68, section 69, section 70, section 71, section 74, section 75, section 76, section 77, 
section 78, section 79 or section 124 of the Bharatiya Nyaya Sanhita, 2023 is alleged to have been 
committed or attempted, is temporarily or permanently mentally or physically disabled, then such 
information shall be recorded by a police officer, at the residence of the person seeking to report such 
offence or at a convenient place of such person's choice, in the presence of an interpreter or a special 
educator, as the case may be; 
(b) the recording of such information shall be videographed; 
(c) the police officer shall get the statement of the person recorded by a Magistrate under clause (a) 
of sub-section (6) of section 183 as soon as possible. 
(2) A copy of the information as recorded under sub-section (1) shall be given forthwith, free of cost, 
to the informant or the victim. 
(3) Without prejudice to the provisions contained in section 175, on receipt of information relating to 
the commission of any cognizable offence, which is made punishable for three years or more but less than 
seven years, the officer in charge of the police station may with the prior permission from an officer not 
below the rank of Deputy Superintendent of Police, considering the nature and gravity of the offence,— 
(i) proceed to conduct preliminary enquiry to ascertain whether there exists a prima facie case for 
proceeding in the matter within a period of fourteen days; or 
(ii) proceed with investigation when there exists a prima facie case. 
(4) Any person aggrieved by a refusal on the part of an officer in charge of a police station to record 
the information referred to in sub-section (1), may send the substance of such information, in writing and 
by post, to the Superintendent of Police concerned who, if satisfied that such information discloses the

commission of a cognizable offence, shall either investigate the case himself or direct an investigation to 
be made by any police officer subordinate to him, in the manner provided by this Sanhita, and such officer 
shall have all the powers of an officer in charge of the police station in relation to that offence failing which 
such aggrieved person may make an application to the Magistrate."
BNSS_2023_s174,BNSS_2023,BNSS_2023_CH_XIII,174,Information as to non-cognizable cases and investigation of such cases,"Information as to non-cognizable cases and investigation of such cases.—(1) When 
information is given to an officer in charge of a police station of the commission within the limits of such 
station of a non-cognizable offence, he shall enter or cause to be entered the substance of the information 
in a book to be kept by such officer in such form as the State Government may by rules prescribe in this 
behalf, and,— 
(i) refer the informant to the Magistrate; 
(ii) forward the daily diary report of all such cases fortnightly to the Magistrate. 
(2) No police officer shall investigate a non-cognizable case without the order of a Magistrate having 
power to try such case or commit the case for trial. 
(3) Any police officer receiving such order may exercise the same powers in respect of the investigation 
(except the power to arrest without warrant) as an officer in charge of a police station may exercise in a 
cognizable case. 
(4) Where a case relates to two or more offences of which at least one is cognizable, the case shall be 
deemed to be a cognizable case, notwithstanding that the other offences are non-cognizable."
BNSS_2023_s175,BNSS_2023,BNSS_2023_CH_XIII,175,Police officer’s power to investigate cognizable case,"Police officer’s power to investigate cognizable case.—(1) Any officer in charge of a police 
station may, without the order of a Magistrate, investigate any cognizable case which a Court having 
jurisdiction over the local area within the limits of such station would have power to inquire into or try 
under the provisions of Chapter XIV: 
Provided that considering the nature and gravity of the offence, the Superintendent of Police may 
require the Deputy Superintendent of Police to investigate the case. 
(2) No proceeding of a police officer in any such case shall at any stage be called in question on the 
ground that the case was one which such officer was not empowered under this section to investigate. 
(3) Any Magistrate empowered under section 210 may, after considering the application supported by 
an affidavit made under sub-section (4) of section 173, and after making such inquiry as he thinks necessary 
and submission made in this regard by the police officer, order such an investigation as above-mentioned. 
(4) Any Magistrate empowered under section 210, may, upon receiving a complaint against a public 
servant arising in course of the discharge of his official duties, order investigation, subject to— 
(a) receiving a report containing facts and circumstances of the incident from the officer superior 
to him; and 
(b) after consideration of the assertions made by the public servant as to the situation that led to the 
incident so alleged."
BNSS_2023_s176,BNSS_2023,BNSS_2023_CH_XIII,176,Procedure for investigation,"Procedure for investigation.—(1) If, from information received or otherwise, an officer in charge 
of a police station has reason to suspect the commission of an offence which he is empowered under 
section 175 to investigate, he shall forthwith send a report of the same to a Magistrate empowered to take 
cognizance of such offence upon a police report and shall proceed in person, or shall depute one of his 
subordinate officers not being below such rank as the State Government may, by general or special order, 
prescribe in this behalf, to proceed, to the spot, to investigate the facts and circumstances of the case, and, 
if necessary, to take measures for the discovery and arrest of the offender:

(a) when information as to the commission of any such offence is given against any person by name 
and the case is not of a serious nature, the officer in charge of a police station need not proceed in 
person or depute a subordinate officer to make an investigation on the spot; 
(b) if it appears to the officer in charge of a police station that there is no sufficient ground for 
entering on an investigation, he shall not investigate the case: 
Provided further that in relation to an offence of rape, the recording of statement of the victim shall be 
conducted at the residence of the victim or in the place of her choice and as far as practicable by a woman 
police officer in the presence of her parents or guardian or near relatives or social worker of the locality and 
such statement may also be recorded through any audio-video electronic means including mobile phone. 
(2) In each of the cases mentioned in clauses (a) and (b) of the first proviso to sub-section (1), the 
officer in charge of the police station shall state in his report the reasons for not fully complying with the 
requirements of that sub-section by him, and, forward the daily diary report fortnightly to the Magistrate 
and in the case mentioned inclause (b) of the said proviso, the officer shall also forthwith notify to the 
informant, if any, in such manner as may be prescribed by rules made by the State Government. 
(3) On receipt of every information relating to the commission of an offence which is made punishable 
for seven years or more, the officer in charge of a police station shall, from such date, as may be notified 
within a period of five years by the State Government in this regard, cause the forensic expert to visit the 
crime scene to collect forensic evidence in the offence and also cause videography of the process on mobile 
phone or any other electronic device: 
Provided that where forensic facility is not available in respect of any such offence, the State 
Government shall, until the facility in respect of that matter is developed or made in the State, notify the 
utilisation of such facility of any other State."
BNSS_2023_s177,BNSS_2023,BNSS_2023_CH_XIII,177,Report how submitted,"Report how submitted.—(1) Every report sent to a Magistrate under section 176 shall, if the State 
Government so directs, be submitted through such superior officer of police as the State Government, by 
general or special order, appoints in that behalf. 
(2) Such superior officer may give such instructions to the officer in charge of the police station as he 
thinks fit, and shall, after recording such instructions on such report, transmit the same without delay to the"
BNSS_2023_s178,BNSS_2023,BNSS_2023_CH_XIII,178,Power to hold investigation or preliminary inquiry,"Power to hold investigation or preliminary inquiry.—The Magistrate, on receiving a report 
under section 176, may direct an investigation, or, if he thinks fit, at once proceed, or depute any Magistrate 
subordinate to him to proceed, to hold a preliminary inquiry into, or otherwise to dispose of, the case in the 
manner provided in this Sanhita."
BNSS_2023_s179,BNSS_2023,BNSS_2023_CH_XIII,179,Police officer's power to require attendance of witnesses,"Police officer's power to require attendance of witnesses.—(1) Any police officer making an 
investigation under this Chapter may, by order in writing, require the attendance before himself of any 
person being within the limits of his own or any adjoining station who, from the information given or 
otherwise, appears to be acquainted with the facts and circumstances of the case; and such person shall 
attend as so required: 
Provided that no male person under the age of fifteen years or above the age of sixty years or a woman 
or a mentally or physically disabled person or a person with acute illness shall be required to attend at any 
place other than the place in which such person resides: 
Provided further that if such person is willing to attend at the police station, such person may be 
permitted so to do.

(2) The State Government may, by rules made in this behalf, provide for the payment by the police 
officer of the reasonable expenses of every person, attending under sub-section (1) at any place other than 
his residence."
BNSS_2023_s180,BNSS_2023,BNSS_2023_CH_XIII,180,Examination of witnesses by police,"Examination of witnesses by police.—(1) Any police officer making an investigation under this 
Chapter, or any police officer not below such rank as the State Government may, by general or special 
order, prescribe in this behalf, acting on the requisition of such officer, may examine orally any person 
supposed to be acquainted with the facts and circumstances of the case. 
(2) Such person shall be bound to answer truly all questions relating to such case put to him by such 
officer, other than questions the answers to which would have a tendency to expose him to a criminal charge 
or to a penalty or forfeiture. 
(3) The police officer may reduce into writing any statement made to him in the course of an 
examination under this section; and if he does so, he shall make a separate and true record of the statement 
of each such person whose statement he records: 
Provided that statement made under this sub-section may also be recorded by audio-video electronic 
means: 
Provided further that the statement of a woman against whom an offence under section 64, section 65, 
section 66, section 67, section 68, section 69, section 70, section 71, section 74, section 75, section 76, 
section 77, section 78, section 79 or section 124 of the Bharatiya Nyaya Sanhita, 2023 is alleged to have 
been committed or attempted, shall be recorded, by a woman police officer or any woman officer."
BNSS_2023_s181,BNSS_2023,BNSS_2023_CH_XIII,181,Statements to police and use thereof,"Statements to police and use thereof.—(1) No statement made by any person to a police officer 
in the course of an investigation under this Chapter, shall, if reduced to writing, be signed by the person 
making it; nor shall any such statement or any record thereof, whether in a police diary or otherwise, or any 
part of such statement or record, be used for any purpose, save as hereinafter provided, at any inquiry or 
trial in respect of any offence under investigation at the time when such statement was made: 
Provided that when any witness is called for the prosecution in such inquiry or trial whose statement 
has been reduced into writing as aforesaid, any part of his statement, if duly proved, may be used by the 
accused, and with the permission of the Court, by the prosecution, to contradict such witness in the manner 
provided by section 148 of the Bharatiya Sakshya Adhiniyam, 2023; and when any part of such statement 
is so used, any part thereof may also be used in the re-examination of such witness, but for the purpose only 
of explaining any matter referred to in his cross-examination. 
(2) Nothing in this section shall be deemed to apply to any statement falling within the provisions of 
clause (a) of section 26 of the Bharatiya Sakshya Adhiniyam, 2023; or to affect the provisions of the proviso 
to sub-section (2) of section 23 of that Adhiniyam. 
Explanation.—An omission to state a fact or circumstance in the statement referred to in 
sub-section (1) may amount to contradiction if the same appears to be significant and otherwise relevant 
having regard to the context in which such omission occurs and whether any omission amounts to a 
contradiction in the particular context shall be a question of fact."
BNSS_2023_s182,BNSS_2023,BNSS_2023_CH_XIII,182,No inducement to be offered,"No inducement to be offered.—(1) No police officer or other person in authority shall offer or 
make, or cause to be offered or made, any such inducement, threat or promise as is mentioned in 
section 22 of the Bharatiya Sakshya Adhiniyam, 2023. 
(2) But no police officer or other person shall prevent, by any caution or otherwise, any person from 
making in the course of any investigation under this Chapter any statement which he may be disposed to 
make of his own free will: 
Provided that nothing in this sub-section shall affect the provisions of sub-section (4) of section 183."
BNSS_2023_s183,BNSS_2023,BNSS_2023_CH_XIII,183,Recording of confessions and statements,"Recording of confessions and statements.—(1) Any Magistrate of the District in which the 
information about commission of any offence has been registered, may, whether or not he has jurisdiction 
in the case, record any confession or statement made to him in the course of an investigation under this 
Chapter or under any other law for the time being in force, or at any time afterwards but before the 
commencement of the inquiry or trial: 
Provided that any confession or statement made under this sub-section may also be recorded by audiovideo electronic means in the presence of the advocate of the person accused of an offence: 
Provided further that no confession shall be recorded by a police officer on whom any power of a 
Magistrate has been conferred under any law for the time being in force. 
(2) The Magistrate shall, before recording any such confession, explain to the person making it that he 
is not bound to make a confession and that, if he does so, it may be used as evidence against him; and the 
Magistrate shall not record any such confession unless, upon questioning the person making it, he has 
reason to believe that it is being made voluntarily. 
(3) If at any time before the confession is recorded, the person appearing before the Magistrate states 
that he is not willing to make the confession, the Magistrate shall not authorise the detention of such person 
in police custody. 
(4) Any such confession shall be recorded in the manner provided in section 316 for recording the 
examination of an accused person and shall be signed by the person making the confession; and the 
Magistrate shall make a memorandum at the foot of such record to the following effect:— 
“I have explained to (name) that he is not bound to make a confession and that, if he does so, any 
confession he may make may be used as evidence against him and I believe that this confession was 
voluntarily made. It was taken in my presence and hearing, and was read over to the person making it 
and admitted by him to be correct, and it contains a full and true account of the statement made by him. 
(Signed) A. B. 
Magistrate.”. 
(5) Any statement (other than a confession) made under sub-section (1) shall be recorded in such 
manner hereinafter provided for the recording of evidence as is, in the opinion of the Magistrate, best fitted 
to the circumstances of the case; and the Magistrate shall have power to administer oath to the person whose 
statement is so recorded. 
(6) (a) In cases punishable under section 64, section 65, section 66, section 67, section 68, section 69, 
section 70, section 71, section 74, section 75, section 76, section 77, section 78, section 79 or section 124 
of the Bharatiya Nyaya Sanhita, 2023, the Magistrate shall record the statement of the person against whom 
such offence has been committed in the manner specified in sub-section (5), as soon as the commission of 
the offence is brought to the notice of the police: 
Provided that such statement shall, as far as practicable, be recorded by a woman Magistrate and in her 
absence by a male Magistrate in the presence of a woman: 
Provided further that in cases relating to the offences punishable with imprisonment for ten years or 
more or with imprisonment for life or with death, the Magistrate shall record the statement of the witness 
brought before him by the police officer: 
Provided also that if the person making the statement is temporarily or permanently, mentally or 
physically disabled, the Magistrate shall take the assistance of an interpreter or a special educator in 
recording the statement:

Provided also that if the person making the statement is temporarily or permanently, mentally or 
physically disabled, the statement made by the person, with the assistance of an interpreter or a special 
educator, shall be recorded through audio-video electronic means preferably by mobile phone; 
(b) a statement recorded under clause (a) of a person, who is temporarily or permanently, mentally or 
physically disabled, shall be considered a statement in lieu of examination-in-chief, as specified in section 
142 of the Bharatiya Sakshya Adhiniyam, 2023 such that the maker of the statement can be cross-examined 
on such statement, without the need for recording the same at the time of trial. 
(7) The Magistrate recording a confession or statement under this section shall forward it to the 
Magistrate by whom the case is to be inquired into or tried."
BNSS_2023_s184,BNSS_2023,BNSS_2023_CH_XIII,184,Medical examination of victim of rape,"Medical examination of victim of rape.—(1) Where, during the stage when an offence of 
committing rape or attempt to commit rape is under investigation, it is proposed to get the person of the 
woman with whom rape is alleged or attempted to have been committed or attempted, examined 
by a medical expert, such examination shall be conducted by a registered medical practitioner employed in 
a hospital run by the Government or a local authority and in the absence of such a practitioner, by any other 
registered medical practitioner, with the consent of such woman or of a person competent to give such 
consent on her behalf and such woman shall be sent to such registered medical practitioner within 
twenty-four hours from the time of receiving the information relating to the commission of such offence. 
(2) The registered medical practitioner, to whom such woman is sent, shall, without delay, examine her 
person and prepare a report of his examination giving the following particulars, namely:— 
(i) the name and address of the woman and of the person by whom she was brought; 
(ii) the age of the woman; 
(iii) the description of material taken from the person of the woman for DNA profiling; 
(iv) marks of injury, if any, on the person of the woman; 
(v) general mental condition of the woman; and 
(vi) other material particulars in reasonable detail. 
(3) The report shall state precisely the reasons for each conclusion arrived at. 
(4) The report shall specifically record that the consent of the woman or of the person competent to 
give such consent on her behalf to such examination had been obtained. 
(5) The exact time of commencement and completion of the examination shall also be noted in the 
(6) The registered medical practitioner shall, within a period of seven days forward the report to the 
investigating officer who shall forward it to the Magistrate referred to in section 193 as part of the 
documents referred to in clause (a) of sub-section (6) of that section. 
(7) Nothing in this section shall be construed as rendering lawful any examination without the consent 
of the woman or of any person competent to give such consent on her behalf. 
Explanation.—For the purposes of this section, “examination” and “registered medical practitioner” 
shall have the same meanings as respectively assigned to them in section 51."
BNSS_2023_s185,BNSS_2023,BNSS_2023_CH_XIII,185,Search by police officer,"Search by police officer.—(1) Whenever an officer in charge of a police station or a police officer 
making an investigation has reasonable grounds for believing that anything necessary for the purposes of 
an investigation into any offence which he is authorised to investigate may be found in any place within the 
limits of the police station of which he is in charge, or to which he is attached, and that such thing cannot 
in his opinion be otherwise obtained without undue delay, such officer may, after recording in writing the 
grounds of his belief in the case-diary and specifying in such writing, so far as possible, the thing for which

has not been released on bail or his bail has been cancelled, authorise, from time to time, the detention of 
the accused in such custody as such Magistrate thinks fit, for a term not exceeding fifteen days in the whole, 
or in parts, at any time during the initial forty days or sixty days out of detention period of sixty days or 
ninety days, as the case may be, as provided in sub-section (3), and if he has no jurisdiction to try the case 
or commit it for trial, and considers further detention unnecessary, he may order the accused to be forwarded 
to a Magistrate having such jurisdiction. 
(3) The Magistrate may authorise the detention of the accused person, beyond the period of fifteen days, 
if he is satisfied that adequate grounds exist for doing so, but no Magistrate shall authorise the detention of 
the accused person in custody under this sub-section for a total period exceeding— 
(i) ninety days, where the investigation relates to an offence punishable with death, imprisonment 
for life or imprisonment for a term of ten years or more; 
(ii) sixty days, where the investigation relates to any other offence, and, on the expiry of the said 
period of ninety days, or sixty days, as the case may be, the accused person shall be released on bail if 
he is prepared to and does furnish bail, and every person released on bail under this sub-section shall 
be deemed to be so released under the provisions of Chapter XXXV for the purposes of that Chapter. 
(4) No Magistrate shall authorise detention of the accused in custody of the police under this section 
unless the accused is produced before him in person for the first time and subsequently every time till the 
accused remains in the custody of the police, but the Magistrate may extend further detention in judicial 
custody on production of the accused either in person or through the audio-video electronic means. 
(5) No Magistrate of the second class, not specially empowered in this behalf by the High Court, shall 
authorise detention in the custody of the police. 
Explanation I.—For the avoidance of doubts, it is hereby declared that, notwithstanding the expiry of 
the period specified in sub-section (3), the accused shall be detained in custody so long as he does not 
furnish bail. 
Explanation II.—If any question arises whether an accused person was produced before the Magistrate 
as required under sub-section (4), the production of the accused person may be proved by his signature on 
the order authorising detention or by the order certified by the Magistrate as to production of the accused 
person through the audio-video electronic means, as the case may be: 
Provided that in case of a woman under eighteen years of age, the detention shall be authorised to be 
in the custody of a remand home or recognised social institution: 
Provided further that no person shall be detained otherwise than in police station under police custody 
or in prison under judicial custody or a place declared as prison by the Central Government or the State 
(6) Notwithstanding anything contained in sub-section (1) to sub-section (5), the officer in charge of 
the police station or the police officer making the investigation, if he is not below the rank of a 
sub-inspector, may, where a Magistrate is not available, transmit to the nearest Executive Magistrate, on 
whom the powers of a Magistrate have been conferred, a copy of the entry in the diary hereinafter specified 
relating to the case, and shall, at the same time, forward the accused to such Executive Magistrate, and 
thereupon such Executive Magistrate, may, for reasons to be recorded in writing, authorise the detention of 
the accused person in such custody as he may think fit for a term not exceeding seven days in the aggregate; 
and, on the expiry of the period of detention so authorised, the accused person shall be released on bail 
except where an order for further detention of the accused person has been made by a Magistrate competent 
to make such order; and, where an order for such further detention is made, the period during which the 
accused person was detained in custody under the orders made by an Executive Magistrate under this subsection, shall be taken into account in computing the period specified in sub-section (3):

Provided that before the expiry of the period aforesaid, the Executive Magistrate shall transmit to the 
nearest Judicial Magistrate the records of the case together with a copy of the entries in the diary relating 
to the case which was transmitted to him by the officer in charge of the police station or the police officer 
making the investigation, as the case may be. 
(7) A Magistrate authorising under this section detention in the custody of the police shall record his 
reasons for so doing. 
(8) Any Magistrate other than the Chief Judicial Magistrate making such order shall forward a copy of 
his order, with his reasons for making it, to the Chief Judicial Magistrate. 
(9) If in any case triable by a Magistrate as a summons-case, the investigation is not concluded within 
a period of six months from the date on which the accused was arrested, the Magistrate shall make an order 
stopping further investigation into the offence unless the officer making the investigation satisfies the 
Magistrate that for special reasons and in the interests of justice the continuation of the investigation beyond 
the period of six months is necessary. 
(10) Where any order stopping further investigation into an offence has been made under 
sub-section (9), the Sessions Judge may, if he is satisfied, on an application made to him or otherwise, that 
further investigation into the offence ought to be made, vacate the order made under sub-section (9) and 
direct further investigation to be made into the offence subject to such directions with regard to bail and 
other matters as he may specify."
BNSS_2023_s188,BNSS_2023,BNSS_2023_CH_XIII,188,Report of investigation by subordinate police officer,"Report of investigation by subordinate police officer.—When any subordinate police officer 
has made any investigation under this Chapter, he shall report the result of such investigation to the officer 
in charge of the police station."
BNSS_2023_s189,BNSS_2023,BNSS_2023_CH_XIII,189,Release of accused when evidence deficient,"Release of accused when evidence deficient.—If, upon an investigation under this Chapter, it 
appears to the officer in charge of the police station that there is not sufficient evidence or reasonable round 
of suspicion to justify the forwarding of the accused to a Magistrate, such officer shall, if such person is in 
custody, release him on his executing a bond or bail bond, as such officer may direct, to appear, if and when 
so required, before a Magistrate empowered to take cognizance of the offence on a police report, and to try 
the accused or commit him for trial."
BNSS_2023_s190,BNSS_2023,BNSS_2023_CH_XIII,190,"Cases to be sent to Magistrate, when evidence is sufficient","Cases to be sent to Magistrate, when evidence is sufficient.—(1) If, upon an investigation under 
this Chapter, it appears to the officer in charge of the police station that there is sufficient evidence or 
reasonable ground as aforesaid, such officer shall forward the accused under custody to a Magistrate 
empowered to take cognizance of the offence upon a police report and to try the accused or commit him for 
trial, or, if the offence is bailable and the accused is able to give security, shall take security from him for 
his appearance before such Magistrate on a day fixed and for his attendance from day to day before such 
Magistrate until otherwise directed: 
Provided that if the accused is not in custody, the police officer shall take security from such person for 
his appearance before the Magistrate and the Magistrate to whom such report is forwarded shall not refuse 
to accept the same on the ground that the accused is not taken in custody. 
(2) When the officer in charge of a police station forwards an accused person to a Magistrate or takes 
security for his appearance before such Magistrate under this section, he shall send to such Magistrate any 
weapon or other article which it may be necessary to produce before him, and shall require the complainant 
(if any) and so many of the persons who appear to such officer to be acquainted with the facts and 
circumstances of the case as he may think necessary, to execute a bond to appear before the Magistrate as 
thereby directed and prosecute or give evidence (as the case may be) in the matter of the charge against the 
accused."
BNSS_2023_s194,BNSS_2023,BNSS_2023_CH_XIII,194,"Police to enquire and report on suicide, etc","Police to enquire and report on suicide, etc.—(1) When the officer in charge of a police station 
or some other police officer specially empowered by the State Government in that behalf receives 
information that a person has committed suicide, or has been killed by another or by an animal or by 
machinery or by an accident, or has died under circumstances raising a reasonable suspicion that some other 
person has committed an offence, he shall immediately give intimation thereof to the nearest Executive 
Magistrate empowered to hold inquests, and, unless otherwise directed by any rule made by the State 
Government, or by any general or special order of the District or Sub-divisional Magistrate, shall proceed 
to the place where the body of such deceased person is, and there, in the presence of two or more respectable 
inhabitants of the neighbourhood, shall make an investigation, and draw up a report of the apparent cause 
of death, describing such wounds, fractures, bruises, and other marks of injury as may be found on the body, 
and stating in what manner, or by what weapon or instrument (if any), such marks appear to have been 
inflicted. 
(2) The report shall be signed by such police officer and other persons, or by so many of them as concur 
therein, and shall be forwarded to the District Magistrate or the Sub-divisional Magistrate within twentyfour hours. 
(3) When— 
(i) the case involves suicide by a woman within seven years of her marriage; or 
(ii) the case relates to the death of a woman within seven years of her marriage in any circumstances 
raising a reasonable suspicion that some other person committed an offence in relation to such 
woman; or 
(iii) the case relates to the death of a woman within seven years of her marriage and any relative of 
the woman has made a request in this behalf; or 
(iv) there is any doubt regarding the cause of death; or 
(v) the police officer for any other reason considers it expedient so to do, 
 he shall, subject to such rules as the State Government may prescribe in this behalf, forward the body, with 
a view to its being examined, to the nearest Civil Surgeon, or other qualified medical person appointed in 
this behalf by the State Government, if the state of the weather and the distance admit of its being so 
forwarded without risk of such putrefaction on the road as would render such examination useless. 
(4) The following Magistrates are empowered to hold inquests, namely, any District Magistrate or Subdivisional Magistrate and any other Executive Magistrate specially empowered in this behalf by the State 
Government or the District Magistrate."
BNSS_2023_s195,BNSS_2023,BNSS_2023_CH_XIII,195,Power to summon persons,"Power to summon persons.—(1) A police officer proceeding under section 194 may, by order in 
writing, summon two or more persons as aforesaid for the purpose of the said investigation, and any other 
person who appears to be acquainted with the facts of the case and every person so summoned shall be 
bound to attend and to answer truly all questions other than questions the answers to which would have a 
tendency to expose him to a criminal charge or to a penalty or forfeiture: 
Provided that no male person under the age of fifteen years or above the age of sixty years or a woman 
or a mentally or physically disabled person or a person with acute illness shall be required to attend at any 
place other than the place where such person resides: 
Provided further that if such person is willing to attend and answer at the police station, such person 
may be permitted so to do. 
(2) If the facts do not disclose a cognizable offence to which section 190 applies, such persons shall not 
be required by the police officer to attend a Magistrate's Court."
BNSS_2023_s196,BNSS_2023,BNSS_2023_CH_XIII,196,Inquiry by Magistrate into cause of death,"Inquiry by Magistrate into cause of death.—(1) When the case is of the nature referred to in 
clause (i) or clause (ii) of sub-section (3) of section 194, the nearest Magistrate empowered to hold inquests 
shall, and in any other case mentioned in sub-section (1) of section 194, any Magistrate so empowered may 
hold an inquiry into the cause of death either instead of, or in addition to, the investigation held by the 
police officer; and if he does so, he shall have all the powers in conducting it which he would have in 
holding an inquiry into an offence. 
(2) Where,— 
(a) any person dies or disappears; or 
(b) rape is alleged to have been committed on any woman, while such person or woman is in the 
custody of the police or in any other custody authorisedby the Magistrate or the Court, under this 
Sanhita in addition to the inquiry or investigation held by the police, an inquiry shall be held by the 
Magistrate within whose local jurisdiction the offence has been committed. 
(3) The Magistrate holding such an inquiry shall record the evidence taken by him in connection 
therewith in any manner hereinafter specified according to the circumstances of the case. 
(4) Whenever such Magistrate considers it expedient to make an examination of the dead body of any 
person who has been already interred, in order to discover the cause of his death, the Magistrate may cause 
the body to be disinterred and examined. 
(5) Where an inquiry is to be held under this section, the Magistrate shall, wherever practicable, inform 
the relatives of the deceased whose names and addresses are known, and shall allow them to remain present 
at the inquiry. 
(6) The Magistrate or the Executive Magistrate or the police officer holding an inquiry or investigation 
under sub-section (2) shall, within twenty-four hours of the death of a person, forward the body with a view 
to its being examined to the nearest Civil Surgeon or other qualified medical person appointed in this behalf 
by the State Government, unless it is not possible to do so for reasons to be recorded in writing. 
Explanation.—In this section, the expression ""relative"" means parents, children, brothers, sisters and 
spouse. 
CHAPTER XIV 
JURISDICTION OF THE CRIMINAL COURTS IN INQUIRIES AND TRIALS"
BNSS_2023_s197,BNSS_2023,BNSS_2023_CH_XIV,197,Ordinary place of inquiry and trial,"Ordinary place of inquiry and trial.—Every offence shall ordinarily be inquired into and tried 
by a Court within whose local jurisdiction it was committed."
BNSS_2023_s198,BNSS_2023,BNSS_2023_CH_XIV,198,Place of inquiry or trial,"Place of inquiry or trial.—(a) When it is uncertain in which of several local areas an offence was 
committed; or 
(b) where an offence is committed partly in one local area and partly in another; or 
(c) where an offence is a continuing one, and continues to be committed in more local areas than 
one; or 
(d) where it consists of several acts done in different local areas, it may be inquired into or tried by a 
Court having jurisdiction over any of such local areas."
BNSS_2023_s199,BNSS_2023,BNSS_2023_CH_XIV,199,Offence triable where act is done or consequence ensues,"Offence triable where act is done or consequence ensues.—When an act is an offence by reason 
of anything which has been done and of a consequence which has ensued, the offence may be inquired into 
or tried by a Court within whose local jurisdiction such thing has been done or such consequence has 
ensued."
BNSS_2023_s200,BNSS_2023,BNSS_2023_CH_XIV,200,Place of trial where act is an offence by reason of relation to other offence,"Place of trial where act is an offence by reason of relation to other offence.—When an act is 
an offence by reason of its relation to any other act which is also an offence or which would be an offence 
if the doer were capable of committing an offence, the first-mentioned offence may be inquired into or tried 
by a Court within whose local jurisdiction either act was done."
BNSS_2023_s201,BNSS_2023,BNSS_2023_CH_XIV,201,Place of trial in case of certain offences,"Place of trial in case of certain offences.—(1) Any offence of dacoity, or of dacoity with murder, 
of belonging to a gang of dacoits, or of escaping from custody, may be inquired into or tried by a Court 
within whose local jurisdiction the offence was committed or the accused person is found. 
(2) Any offence of kidnapping or abduction of a person may be inquired into or tried by a Court within 
whose local jurisdiction the person was kidnapped or abducted or was conveyed or concealed or detained. 
(3) Any offence of theft, extortion or robbery may be inquired into or tried by a Court within whose 
local jurisdiction the offence was committed or the stolen property which isthe subject of the offence was 
possessed by any person committing it or by any person who received or retained such property knowing 
or having reason to believe it to be stolen property. 
(4) Any offence of criminal misappropriation or of criminal breach of trust may be inquired into or tried 
by a Court within whose local jurisdiction the offence was committed or any part of the property which is 
the subject of the offence was received or retained, or was required to be returned or accounted for, by the 
accused person. 
(5) Any offence which includes the possession of stolen property may be inquired into or tried by a 
Court within whose local jurisdiction the offence was committed or the stolen property was possessed by 
any person who received or retained it knowing or having reason to believe it to be stolen property."
BNSS_2023_s202,BNSS_2023,BNSS_2023_CH_XIV,202,"Offences committed by means of electronic communications, letters, etc","Offences committed by means of electronic communications, letters, etc.—(1) Any offence 
which includes cheating, may, if the deception is practised by means of electronic communications or letters 
or telecommunication messages, be inquired into or tried by any Court within whose local jurisdiction such 
electronic communications or letters or messages were sent or were received; and any offence of cheating 
and dishonestly inducing delivery of property may be inquired into or tried by a Court within whose local 
jurisdiction the property was delivered by the person deceived or was received by the accused person. 
(2) Any offence punishable under section 82 of the Bharatiya Nyaya Sanhita, 2023 may be inquired 
into or tried by a Court within whose local jurisdiction the offence was committed or the offender last 
resided with his or her spouse by the first marriage, or the wife by the first marriage has taken up permanent 
residence after the commission of the offence."
BNSS_2023_s203,BNSS_2023,BNSS_2023_CH_XIV,203,Offence committed on journey or voyage,"Offence committed on journey or voyage.—When an offence is committed whilst the person by 
or against whom, or the thing in respect of which, the offence is committed is in the course of performing 
a journey or voyage, the offence may be inquired into or tried by a Court through or into whose local 
jurisdiction that person or thing passed in the course of that journey or voyage."
BNSS_2023_s204,BNSS_2023,BNSS_2023_CH_XIV,204,Place of trial for offences triable together,"Place of trial for offences triable together.—Where— 
(a) the offences committed by any person are such that he may be charged with, and tried at one 
trial for, each such offence by virtue of the provisions of section 242, section 243 or section 244; or 
(b) the offence or offences committed by several persons are such that they may be charged with 
and tried together by virtue of the provisions of section 246, the offences may be inquired into or tried 
by any Court competent to inquire into or try any of the offences."
BNSS_2023_s205,BNSS_2023,BNSS_2023_CH_XIV,205,Power to order cases to be tried in different sessions divisions,"Power to order cases to be tried in different sessions divisions.—Notwithstanding anything 
contained in the preceding provisions of this Chapter, the State Government may direct that any case or 
class of cases committed for trial in any district may be tried in any sessions division: 
Provided that such direction is not repugnant to any direction previously issued by the High Court or 
the Supreme Court under the Constitution, or under this Sanhita or any other law for the time being in force."
BNSS_2023_s216,BNSS_2023,BNSS_2023_CH_XIV,216,"Procedure for witnesses in case of threatening, etc","Procedure for witnesses in case of threatening, etc.—A witness or any other person may file a 
complaint in relation to an offence under section 232 of the Bharatiya Nyaya Sanhita, 2023."
BNSS_2023_s217,BNSS_2023,BNSS_2023_CH_XIV,217,Prosecution for offences against State and for criminal conspiracy to commit such,"Prosecution for offences against State and for criminal conspiracy to commit such 
offence.—(1) No Court shall take cognizance of— 
(a) any offence punishable under Chapter VII or under section 196, section 299 or sub-section (1) 
of section 353 of the Bharatiya Nyaya Sanhita, 2023; or 
(b) a criminal conspiracy to commit such offence; or 
(c) any such abetment, as is described in section 47 of the Bharatiya Nyaya Sanhita, 2023, except 
with the previous sanction of the Central Government or of the State Government. 
(2) No Court shall take cognizance of— 
(a) any offence punishable under section 197 or sub-section (2) or sub-section (3) of section 353 
of the Bharatiya Nyaya Sanhita, 2023; or 
(b) a criminal conspiracy to commit such offence, except with the previous sanction of the Central 
Government or of the State Government or of the District Magistrate. 
(3) No Court shall take cognizance of the offence of any criminal conspiracy punishable under 
sub-section (2) of section 61 of the Bharatiya Nyaya Sanhita, 2023, other than a criminal conspiracy to 
commit an offence punishable with death, imprisonment for life or rigorous imprisonment for a term of two 
years or upwards, unless the State Government or the District Magistrate has consented in writing to the 
initiation of the proceedings: 
Provided that where the criminal conspiracy is one to which the provisions of section 215 apply, no 
such consent shall be necessary. 
(4) The Central Government or the State Government may, before according sanction under 
sub-section (1) or sub-section (2) and the District Magistrate may, before according sanction under 
sub-section (2) and the State Government or the District Magistrate may, before giving consent under 
sub-section (3), order a preliminary investigation by a police officer not being below the rank of Inspector, 
in which case such police officer shall have the powers referred to in sub-section (3) of section 174."
BNSS_2023_s218,BNSS_2023,BNSS_2023_CH_XIV,218,Prosecution of Judges and public servants,"Prosecution of Judges and public servants.—(1) When any person who is or was a Judge or 
Magistrate or a public servant not removable from his office save by or with the sanction of the Government 
is accused of any offence alleged to have been committed by him while acting or purporting to act in the 
discharge of his official duty, no Court shall take cognizance of such offence except with the previous 
sanction save as otherwise provided in the Lokpal and Lokayuktas Act, 2013 (1 of 2014)— 
(a) in the case of a person who is employed or, as the case may be, was at the time of commission 
of the alleged offence employed, in connection with the affairs of the Union, of the Central 
(b) in the case of a person who is employed or, as the case may be, was at the time of commission 
of the alleged offence employed, in connection with the affairs of a State, of the State Government: 
Provided that where the alleged offence was committed by a person referred to in clause (b) during the 
period while a Proclamation issued under clause (1) of article 356 of the Constitution was in force in a 
State, clause (b) will apply as if for the expression ""State Government"" occurring therein, the expression 
“Central Government” were substituted: 
Provided further that such Government shall take a decision within a period of one hundred and twenty 
days from the date of the receipt of the request for sanction and in case it fails to do so, the sanction shall 
be deemed to have been accorded by such Government:

(4) The authorisation referred to in clause (b) of the proviso to sub-section (1), shall be in writing, shall 
be signed or otherwise attested by the husband, shall contain a statement to the effect that he has been 
informed of the allegations upon which the complaint is to be founded, shall be countersigned by his 
Commanding Officer, and shall be accompanied by a certificate signed by that Officer to the effect that 
leave of absence for the purpose of making a complaint in person cannot for the time being be granted to 
the husband. 
(5) Any document purporting to be such an authorisation and complying with the provisions of 
sub-section (4), and any document purporting to be a certificate required by that sub-section shall, unless 
the contrary is proved, be presumed to be genuine and shall be received in evidence. 
(6) No Court shall take cognizance of an offence under section 64 of the Bharatiya Nyaya Sanhita, 
2023, where such offence consists of sexual intercourse by a man with his own wife, the wife being under 
eighteen years of age, if more than one year has elapsed from the date of the commission of the offence."
BNSS_2023_s220,BNSS_2023,BNSS_2023_CH_XIV,220,"Prosecution of offences under section 85 of Bharatiya Nyaya Sanhita, 2023","Prosecution of offences under section 85 of Bharatiya Nyaya Sanhita, 2023.— No Court shall 
take cognizance of an offence punishable under section 85 of the Bharatiya Nyaya Sanhita, 2023 except 
upon a police report of facts which constitute such offence or upon a complaint made by the person 
aggrieved by the offence or by her father, mother, brother, sister or by her father’s or mother’s brother or 
sister or, with the leave of the Court, by any other person related to her by blood, marriage or adoption."
BNSS_2023_s221,BNSS_2023,BNSS_2023_CH_XIV,221,Cognizance of offence,"Cognizance of offence.— No Court shall take cognizance of an offence punishable under 
section 67 of the Bharatiya Nyaya Sanhita, 2023 where the persons are in a marital relationship, except 
upon prima facie satisfaction of the facts which constitute the offence upon a complaint having been filed 
or made by the wife against the husband."
BNSS_2023_s222,BNSS_2023,BNSS_2023_CH_XIV,222,Prosecution for defamation,"Prosecution for defamation.—(1) No Court shall take cognizance of an offence punishable under 
section 356 of the Bharatiya Nyaya Sanhita, 2023 except upon a complaint made by some person aggrieved 
by the offence: 
Provided that where such person is a child, or is of unsound mind or is having intellectual disability or 
is from sickness or infirmity unable to make a complaint, or is a woman who, according to the local customs 
and manners, ought not to be compelled to appear in public, some other person may, with the leave of the 
Court, make a complaint on his or her behalf. 
(2) Notwithstanding anything contained in this Sanhita, when any offence falling under section 356 of 
such commission, is the President of India, the Vice-President of India, the Governor of a State, the 
Administrator of a Union territory or a Minister of the Union or of a State or of a Union territory, or any 
other public servant employed in connection with the affairs of the Union or of a State in respect of his 
conduct in the discharge of his public functions, a Court of Session may take cognizance of such offence, 
without the case being committed to it, upon a complaint in writing made by the Public Prosecutor. 
(3) Every complaint referred to in sub-section (2) shall set forth the facts which constitute the offence 
alleged, the nature of such offence and such other particulars as are reasonably sufficient to give notice to 
the accused of the offence alleged to have been committed by him. 
(4) No complaint under sub-section (2) shall be made by the Public Prosecutor except with the previous 
sanction— 
(a) of the State Government,— 
(i) in the case of a person who is or has been the Governor of that State or a Minister of that 
(ii) in the case of any other public servant employed in connection with the affairs of the State; 
(b) of the Central Government, in any other case.

(5) No Court of Session shall take cognizance of an offence under sub-section (2) unless the complaint 
is made within six months from the date on which the offence is alleged to have been committed. 
(6) Nothing in this section shall affect the right of the person against whom the offence is alleged to 
have been committed, to make a complaint in respect of that offence before a Magistrate having jurisdiction 
or the power of such Magistrate to take cognizance of the offence upon such complaint. 
CHAPTER XVI 
COMPLAINTS TO MAGISTRATES"
BNSS_2023_s223,BNSS_2023,BNSS_2023_CH_XVI,223,Examination of complainant,"Examination of complainant.—(1) A Magistrate having jurisdiction while taking cognizance of 
an offence on complaint shall examine upon oath the complainant and the witnesses present, if any, and the 
substance of such examination shall be reduced to writing and shall be signed by the complainant and the 
witnesses, and also by the Magistrate: 
Provided that no cognizance of an offence shall be taken by the Magistrate without giving the accused 
an opportunity of being heard: 
Provided further that when the complaint is made in writing, the Magistrate need not examine the 
complainant and the witnesses— 
(a) if a public servant acting or purporting to act in the discharge of his official duties or a Court 
has made the complaint; or 
(b) if the Magistrate makes over the case for inquiry or trial to another Magistrate under 
section 212: 
Provided also that if the Magistrate makes over the case to another Magistrate under section 212 after 
examining the complainant and the witnesses, the latter Magistrate need not re-examine them. 
(2) A Magistrate shall not take cognizance on a complaint against a public servant for any offence 
alleged to have been committed in course of the discharge of his official functions or duties unless— 
(a) such public servant is given an opportunity to make assertions as to the situation that led to the 
incident so alleged; and 
(b) a report containing facts and circumstances of the incident from the officer superior to such 
public servant is received."
BNSS_2023_s224,BNSS_2023,BNSS_2023_CH_XVI,224,Procedure by Magistrate not competent to take cognizance of case,"Procedure by Magistrate not competent to take cognizance of case.—If the complaint is made 
to a Magistrate who is not competent to take cognizance of the offence, he shall,— 
(a) if the complaint is in writing, return it for presentation to the proper Court with an endorsement 
to that effect; 
(b) if the complaint is not in writing, direct the complainant to the proper Court."
BNSS_2023_s225,BNSS_2023,BNSS_2023_CH_XVI,225,Postponement of issue of process,"Postponement of issue of process.—(1) Any Magistrate, on receipt of a complaint of an offence 
of which he is authorised to take cognizance or which has been made over to him under section 212, may, 
if he thinks fit, and shall, in a case where the accused is residing at a place beyond the area in which he 
exercises his jurisdiction, postpone the issue of process against the accused, and either inquire into the case 
himself or direct an investigation to be made by a police officer or by such other person as he thinks fit, for 
the purpose of deciding whether or not there is sufficient ground for proceeding: 
Provided that no such direction for investigation shall be made,— 
(a) where it appears to the Magistrate that the offence complained of is triable exclusively by the 
Court of Session; or

(b) where the complaint has not been made by a Court, unless the complainant and the witnesses 
present (if any) have been examined on oath under section 223. 
(2) In an inquiry under sub-section (1), the Magistrate may, if he thinks fit, take evidence of witnesses 
on oath: 
Provided that if it appears to the Magistrate that the offence complained of is triable exclusively by the 
Court of Session, he shall call upon the complainant to produce all his witnesses and examine them on oath. 
(3) If an investigation under sub-section (1) is made by a person not being a police officer, he shall 
have for that investigation all the powers conferred by this Sanhita on an officer in charge of a police station 
except the power to arrest without warrant."
BNSS_2023_s226,BNSS_2023,BNSS_2023_CH_XVI,226,Dismissal of complaint,"Dismissal of complaint.—If, after considering the statements on oath (if any) of the complainant 
and of the witnesses and the result of the inquiry or investigation (if any) under section 225, the Magistrate 
is of opinion that there is no sufficient ground for proceeding, he shall dismiss the complaint, and in every 
such case he shall briefly record his reasons for so doing. 
CHAPTER XVII 
COMMENCEMENT OF PROCEEDINGS BEFORE MAGISTRATES"
BNSS_2023_s227,BNSS_2023,BNSS_2023_CH_XVII,227,Issue of process,"Issue of process.—(1) If in the opinion of a Magistrate taking cognizance of an offence there is 
sufficient ground for proceeding, and the case appears to be— 
(a) a summons-case, he shall issue summons to the accused for his attendance; or 
(b) a warrant-case, he may issue a warrant, or, if he thinks fit, a summons, for causing the accused 
to be brought or to appear at a certain time before such Magistrate or (if he has no jurisdiction himself) 
some other Magistrate having jurisdiction: 
Provided that summons or warrants may also be issued through electronic means. 
(2) No summons or warrant shall be issued against the accused under sub-section (1) until a list of the 
prosecution witnesses has been filed. 
(3) In a proceeding instituted upon a complaint made in writing, every summons or warrant issued 
under sub-section (1) shall be accompanied by a copy of such complaint. 
(4) When by any law for the time being in force any process-fees or other fees are payable, no process 
shall be issued until the fees are paid and, if such fees are not paid within a reasonable time, the Magistrate 
may dismiss the complaint. 
(5) Nothing in this section shall be deemed to affect the provisions of section 90."
BNSS_2023_s228,BNSS_2023,BNSS_2023_CH_XVII,228,Magistrate may dispense with personal attendance of accused,"Magistrate may dispense with personal attendance of accused.—(1) Whenever a Magistrate 
issues a summons, he may, if he sees reason so to do, dispense with the personal attendance of the accused 
and permit him to appear by his advocate. 
(2) But the Magistrate inquiring into or trying the case may, in his discretion, at any stage of the 
proceedings, direct the personal attendance of the accused, and, if necessary, enforce such attendance in the 
manner hereinbefore provided."
BNSS_2023_s229,BNSS_2023,BNSS_2023_CH_XVII,229,Special summons in cases of petty offence,"Special summons in cases of petty offence.—(1) If, in the opinion of a Magistrate taking 
cognizance of a petty offence, the case may be summarily disposed of under section 283 or section 284, the 
Magistrate shall, except where he is, for reasons to be recorded in writing of a contrary opinion, issue 
summons to the accused requiring him either to appear in person or by an advocate before the Magistrate 
on a specified date, or if he desires to plead guilty to the charge without appearing before the Magistrate,

to transmit before the specified date, by post or by messenger to the Magistrate, the said plea in writing and 
the amount of fine specified in the summons or if he desires to appear by an advocate and to plead guilty 
to the charge through such advocate, to authorise, in writing, the advocate to plead guilty to the charge on 
his behalf and to pay the fine through such advocate: 
Provided that the amount of the fine specified in such summons shall not exceed five thousand rupees. 
(2) For the purposes of this section, “petty offence” means any offence punishable only with fine not 
exceeding five thousand rupees, but does not include any offence so punishable under the Motor Vehicles 
Act, 1988 (59 of 1988), or under any other law which provides for convicting the accused person in his 
absence on a plea of guilty. 
(3) The State Government may, by notification, specially empower any Magistrate to exercise the 
powers conferred by sub-section (1) in relation to any offence which is compoundable under section 359 
or any offence punishable with imprisonment for a term not exceeding three months, or with fine, or with 
both where the Magistrate is of opinion that, having regard to the facts and circumstances of the case, the 
imposition of fine only would meet the ends of justice."
BNSS_2023_s230,BNSS_2023,BNSS_2023_CH_XVII,230,Supply to accused of copy of police report and other documents,"Supply to accused of copy of police report and other documents.—In any case where the 
proceeding has been instituted on a police report, the Magistrate shall without delay, and in no case beyond 
fourteen days from the date of production or appearance of the accused, furnish to the accused and the 
victim (if represented by an advocate) free of cost, a copy of each of the following:— 
(i) the police report; 
(ii) the first information report recorded under section 173; 
(iii) the statements recorded under sub-section (3) of section 180 of all persons whom the 
prosecution proposes to examine as its witnesses, excluding therefrom any part in regard to which a 
request for such exclusion has been made by the police officer under sub-section (7) of section 193; 
(iv) the confessions and statements, if any, recorded under section 183; 
(v) any other document or relevant extract thereof forwarded to the Magistrate with the police report 
under sub-section (6) of section 193: 
Provided that the Magistrate may, after perusing any such part of a statement as is referred to in 
clause (iii) and considering the reasons given by the police officer for the request, direct that a copy of that 
part of the statement or of such portion thereof as the Magistrate thinks proper, shall be furnished to the 
accused: 
Provided further that if the Magistrate is satisfied that any such document is voluminous, he shall, 
instead of furnishing the accused and the victim (if represented by an advocate) with a copy thereof, may 
furnish the copies through electronic means or direct that he will only be allowed to inspect it either 
personally or through an advocate in Court: 
Provided also that supply of documents in electronic form shall be considered as duly furnished."
BNSS_2023_s231,BNSS_2023,BNSS_2023_CH_XVII,231,Supply of copies of statements and documents to accused in other cases triable by Court of,"Supply of copies of statements and documents to accused in other cases triable by Court of 
Session.—Where, in a case instituted otherwise than on a police report, it appears to the Magistrate issuing 
process under section 227 that the offence is triable exclusively by the Court of Session, the Magistrate 
shall forthwith furnish to the accused, free of cost, a copy of each of the following:—"
BNSS_2023_s242,BNSS_2023,BNSS_2023_CH_XVII,242,Offences of same kind within year may be charged together,"Offences of same kind within year may be charged together.— (1) When a person is accused 
of more offences than one of the same kind committed within the space of twelve months from the first to 
the last of such offences, whether in respect of the same person or not, he may be charged with, and tried 
at one trial for, any number of them not exceeding five. 
(2) Offences are of the same kind when they are punishable with the same amount of punishment under 
the same section of the Bharatiya Nyaya Sanhita, 2023 or of any special or local law: 
Provided that for the purposes of this section, an offence punishable under sub-section (2) of 
section 303 of the Bharatiya Nyaya Sanhita, 2023 shall be deemed to be an offence of the same kind as an 
offence punishable under section 305 of the said Sanhita, and that an offence punishable under any section 
of the said Sanhita, or of any special or local law, shall be deemed to be an offence of the same kind as an 
attempt to commit such offence, when such an attempt is an offence."
BNSS_2023_s243,BNSS_2023,BNSS_2023_CH_XVII,243,Trial for more than one offence,"Trial for more than one offence.—(1) If, in one series of acts so connected together as to form 
the same transaction, more offences than one are committed by the same person, he may be charged with, 
and tried at one trial for, every such offence. 
(2) When a person charged with one or more offences of criminal breach of trust or dishonest 
misappropriation of property as provided in sub-section (2) of section 235 or in sub-section (1) of 
section 242, is accused of committing, for the purpose of facilitating or concealing the commission of that 
offence or those offences, one or more offences of falsification of accounts, he may be charged with, and 
tried at one trial for, every such offence. 
(3) If the acts alleged constitute an offence falling within two or more separate definitions of any law 
in force for the time being by which offences are defined or punished, the person accused of them may be 
charged with, and tried at one trial for, each of such offences. 
(4) If several acts, of which one or more than one would by itself or themselves constitute an offence, 
constitute when combined a different offence, the person accused of them may be charged with, and tried 
at one trial for the offence constituted by such acts when combined, and for any offence constituted by any 
one, or more, of such acts. 
(5) Nothing contained in this section shall affect section 9 of the Bharatiya Nyaya Sanhita, 2023. 
Illustrations to sub-section (1) 
(a) A rescues B, a person in lawful custody, and in so doing causes grievous hurt to C, a constable in 
whose custody B was. A may be charged with, and convicted of, offences under sub-section (2) of 
section 121 and section 263 of the Bharatiya Nyaya Sanhita, 2023. 
(b) A commits house-breaking by day with intent to commit rape, and commits, in the house so entered, 
rape with B's wife. A may be separately charged with, and convicted of, offences under section 64 and subsection (3) of section 331 of the Bharatiya Nyaya Sanhita, 2023. 
(c) A has in his possession several seals, knowing them to be counterfeit and intending to use them for 
the purpose of committing several forgeries punishable under section 337 of the Bharatiya Nyaya Sanhita,"
BNSS_2023_s2023,BNSS_2023,BNSS_2023_CH_XVII,2023,"A may be separately charged with, and convicted of, the possession of each seal under","A may be separately charged with, and convicted of, the possession of each seal under 
sub-section (2) of section 341 of the Bharatiya Nyaya Sanhita, 2023. 
(d) With intent to cause injury to B, A institutes a criminal proceeding against him, knowing that there 
is no just or lawful ground for such proceeding, and also falsely accuses B of having committed an offence, 
knowing that there is no just or lawful ground for such charge. A may be separately charged with, and 
convicted of, two offences under section 248 of the Bharatiya Nyaya Sanhita, 2023. 
(e) A, with intent to cause injury to B, falsely accuses him of having committed an offence, knowing 
that there is no just or lawful ground for such charge. On the trial, A gives false evidence against B,

(g) persons accused of any offence under Chapter X of the Bharatiya Nyaya Sanhita, 2023 relating 
to counterfeit coin and persons accused of any other offence under the said Chapter relating to the same 
coin, or of abetment of or attempting to commit any such offence; and the provisions contained in the 
former part of this Chapter shall, so far as may be, apply to all such charges: 
Provided that where a number of persons are charged with separate offences and such persons do not 
fall within any of the categories specified in this section, the Magistrate or Court of Session may, if such 
persons by an application in writing, so desire, and if he or it is satisfied that such persons would not be 
prejudicially affected thereby, and it is expedient so to do, try all such persons together."
BNSS_2023_s247,BNSS_2023,BNSS_2023_CH_XVII,247,Withdrawal of remaining charges on conviction on one of several charges,"Withdrawal of remaining charges on conviction on one of several charges.—When a charge 
containing more heads than one is framed against the same person, and when a conviction has been had on 
one or more of them, the complainant, or the officer conducting the prosecution, may, with the consent of 
the Court, withdraw the remaining charge or charges, or the Court of its own accord may stay the inquiry 
into, or trial of, such charge or charges and such withdrawal shall have the effect of an acquittal on such 
charge or charges, unless the conviction be set aside, in which case the said Court (subject to the order of 
the Court setting aside the conviction) may proceed with the inquiry into, or trial of, the charge or charges 
so withdrawn. 
CHAPTER XIX 
TRIAL BEFORE A COURT OF SESSION"
BNSS_2023_s248,BNSS_2023,BNSS_2023_CH_XIX,248,Trial to be conducted by Public Prosecutor,"Trial to be conducted by Public Prosecutor.—In every trial before a Court of Session, the 
prosecution shall be conducted by a Public Prosecutor."
BNSS_2023_s249,BNSS_2023,BNSS_2023_CH_XIX,249,Opening case for prosecution,"Opening case for prosecution.—When the accused appears or is brought before the Court, in 
pursuance of a commitment of the case under section 232, or under any other law for the time being in 
force, the prosecutor shall open his case by describing the charge brought against the accused and stating 
by what evidence he proposes to prove the guilt of the accused."
BNSS_2023_s250,BNSS_2023,BNSS_2023_CH_XIX,250,Discharge,"Discharge.—(1) The accused may prefer an application for discharge within a period of sixty days 
from the date of commitment of the case under section 232. 
(2) If, upon consideration of the record of the case and the documents submitted therewith, and after 
hearing the submissions of the accused and the prosecution in this behalf, the Judge considers that there is 
not sufficient ground for proceeding against the accused, he shall discharge the accused and record his 
reasons for so doing."
BNSS_2023_s251,BNSS_2023,BNSS_2023_CH_XIX,251,Framing of charge,"Framing of charge.—(1) If, after such consideration and hearing as aforesaid, the Judge is of 
opinion that there is ground for presuming that the accused has committed an offence which— 
(a) is not exclusively triable by the Court of Session, he may, frame a charge against the accused 
and, by order, transfer the case for trial to the Chief Judicial Magistrate, or any other Judicial Magistrate 
of the first class and direct the accused to appear before the Chief Judicial Magistrate, or the Judicial 
Magistrate of the first class, on such date as he deems fit, and thereupon such Magistrate shall try the 
offence in accordance with the procedure for the trial of warrant-cases instituted on a police report; 
(b) is exclusively triable by the Court, he shall frame in writing a charge against the accused within 
a period of sixty days from the date of first hearing on charge. 
(2) Where the Judge frames any charge under clause (b) of sub-section (1), the charge shall be read and 
explained to the accused present either physically or through audio-video electronic means and the accused 
shall be asked whether he pleads guilty of the offence charged or claims to be tried."
BNSS_2023_s252,BNSS_2023,BNSS_2023_CH_XIX,252,Conviction on plea of guilty,"Conviction on plea of guilty.—If the accused pleads guilty, the Judge shall record the plea and 
may, in his discretion, convict him thereon."
BNSS_2023_s253,BNSS_2023,BNSS_2023_CH_XIX,253,Date for prosecution evidence,"Date for prosecution evidence.—If the accused refuses to plead, or does not plead, or claims to 
be tried or is not convicted under section 252, the Judge shall fix a date for the examination of witnesses, 
and may, on the application of the prosecution, issue any process for compelling the attendance of any 
witness or the production of any document or other thing."
BNSS_2023_s254,BNSS_2023,BNSS_2023_CH_XIX,254,Evidence for prosecution,"Evidence for prosecution.— (1) On the date so fixed, the Judge shall proceed to take all such 
evidence as may be produced in support of the prosecution: 
Provided that evidence of a witness under this sub-section may be recorded by audio-video electronic 
means. 
(2) The deposition of evidence of any public servant may be taken through audio-video electronic 
means. 
(3) The Judge may, in his discretion, permit the cross-examination of any witness to be deferred until 
any other witness or witnesses have been examined or recall any witness for further cross-examination."
BNSS_2023_s255,BNSS_2023,BNSS_2023_CH_XIX,255,Acquittal,"Acquittal.—If, after taking the evidence for the prosecution, examining the accused and hearing 
the prosecution and the defence on the point, the Judge considers that there is no evidence that the accused 
committed the offence, the Judge shall record an order of acquittal."
BNSS_2023_s256,BNSS_2023,BNSS_2023_CH_XIX,256,Entering upon defence,"Entering upon defence.—(1) Where the accused is not acquitted under section 255, he shall be 
called upon to enter on his defence and adduce any evidence he may have in support thereof. 
(2) If the accused puts in any written statement, the Judge shall file it with the record. 
(3) If the accused applies for the issue of any process for compelling the attendance of any witness or 
the production of any document or thing, the Judge shall issue such process unless he considers, for reasons 
to be recorded, that such application should be refused on the ground that it is made for the purpose of 
vexation or delay or for defeating the ends of justice."
BNSS_2023_s257,BNSS_2023,BNSS_2023_CH_XIX,257,Arguments,"Arguments.—When the examination of the witnesses (if any) for the defence is complete, the 
prosecutor shall sum up his case and the accused or his advocate shall be entitled to reply: 
Provided that where any point of law is raised by the accused or his advocate, the prosecution may, 
with the permission of the Judge, make his submissions with regard to such point of law."
BNSS_2023_s258,BNSS_2023,BNSS_2023_CH_XIX,258,Judgment of acquittal or conviction,"Judgment of acquittal or conviction.—(1) After hearing arguments and points of law (if any), 
the Judge shall give a judgment in the case, as soon as possible, within a period of thirty days from the date 
of completion of arguments, which may be extended to a period of forty-five days for reasons to be recorded 
in writing. 
(2) If the accused is convicted, the Judge shall, unless he proceeds in accordance with the provisions of 
section 401, hear the accused on the questions of sentence, and then pass sentence on him according to law."
BNSS_2023_s259,BNSS_2023,BNSS_2023_CH_XIX,259,Previous conviction,"Previous conviction.— In a case where a previous conviction is charged under the provisions of 
sub-section (7) of section 234, and the accused does not admit that he has been previously convicted as 
alleged in the charge, the Judge may, after he has convicted the said accused under section 252 or section 
258, take evidence in respect of the alleged previous conviction, and shall record a finding thereon: 
Provided that no such charge shall be read out by the Judge nor shall the accused be asked to plead 
thereto nor shall the previous conviction be referred to by the prosecution or in any evidence adduced by it, 
unless and until the accused has been convicted under section 252 or section 258."
BNSS_2023_s260,BNSS_2023,BNSS_2023_CH_XIX,260,Procedure in cases instituted under sub-section (2) of section 222,"Procedure in cases instituted under sub-section (2) of section 222.—(1) A Court of Session 
taking cognizance of an offence under sub-section (2) of section 222 shall try the case in accordance with 
the procedure for the trial of warrant-cases instituted otherwise than on a police report before a Court of 
Magistrate:

Provided that the person against whom the offence is alleged to have been committed shall, unless the 
Court of Session, for reasons to be recorded, otherwise directs, be examined as a witness for the prosecution. 
(2) Every trial under this section shall be held in camera if either party thereto so desires or if the Court 
thinks fit so to do. 
(3) If, in any such case, the Court discharges or acquits all or any of the accused and is of opinion that 
there was no reasonable cause for making the accusation against them or any of them, it may, by its order 
of discharge or acquittal, direct the person against whom the offence was alleged to have been committed 
(other than the President, the Vice-President or the Governor of a State or the Administrator of a Union 
territory) to show cause why he should not pay compensation to such accused or to each or any of such 
accused, when there are more than one. 
(4) The Court shall record and consider any cause which may be shown by the person so directed, and 
if it is satisfied that there was no reasonable cause for making the accusation, it may, for reasons to be 
recorded, make an order that compensation to such amount not exceeding five thousand rupees, as it may 
determine, be paid by such person to the accused or to each or any of them. 
(5) Compensation awarded under sub-section (4) shall be recovered as if it were a fine imposed by a 
(6) No person who has been directed to pay compensation under sub-section (4) shall, by reason of 
such order, be exempted from any civil or criminal liability in respect of the complaint made under this 
section: 
Provided that any amount paid to an accused person under this section shall be taken into account in 
awarding compensation to such person in any subsequent civil suit relating to the same matter. 
(7) The person who has been ordered under sub-section (4) to pay compensation may appeal from the 
order, in so far as it relates to the payment of compensation, to the High Court. 
(8) When an order for payment of compensation to an accused person is made, the compensation shall 
not be paid to him before the period allowed for the presentation of the appeal has elapsed, or, if an appeal 
is presented, before the appeal has been decided. 
CHAPTER XX 
TRIAL OF WARRANT-CASES BY MAGISTRATES 
A.—Cases instituted on a police report"
BNSS_2023_s261,BNSS_2023,BNSS_2023_CH_XX,261,Compliance with section 230,"Compliance with section 230.—When, in any warrant-case instituted on a police report, the 
accused appears or is brought before a Magistrate at the commencement of the trial, the Magistrate shall 
satisfy himself that he has complied with the provisions of section 230."
BNSS_2023_s262,BNSS_2023,BNSS_2023_CH_XX,262,When accused shall be discharged,"When accused shall be discharged.—(1) The accused may prefer an application for discharge 
within a period of sixty days from the date of supply of copies of documents under section 230. 
(2) If, upon considering the police report and the documents sent with it under section 193 and making 
such examination, if any, of the accused, either physically or through audio-video electronic means, as the 
Magistrate thinks necessary and after giving the prosecution and the accused an opportunity of being heard, 
the Magistrate considers the charge against the accused to be groundless, he shall discharge the accused, 
and record his reasons for so doing."
BNSS_2023_s263,BNSS_2023,BNSS_2023_CH_XX,263,Framing of charge,"Framing of charge.—(1) If, upon such consideration, examination, if any, and hearing, the 
Magistrate is of opinion that there is ground for presuming that the accused has committed an offence triable 
under this Chapter, which such Magistrate is competent to try and which, in his opinion, could be adequately 
punished by him, he shall frame in writing a charge against the accused within a period of sixty days from 
the date of first hearing on charge.

(2) The charge shall then be read and explained to the accused, and he shall be asked whether he pleads 
guilty of the offence charged or claims to be tried."
BNSS_2023_s264,BNSS_2023,BNSS_2023_CH_XX,264,Conviction on plea of guilty,"Conviction on plea of guilty.— If the accused pleads guilty, the Magistrate shall record the plea 
and may, in his discretion, convict him thereon."
BNSS_2023_s265,BNSS_2023,BNSS_2023_CH_XX,265,Evidence for prosecution,"Evidence for prosecution.—(1) If the accused refuses to plead or does not plead, or claims to be 
tried or the Magistrate does not convict the accused under section 264, the Magistrate shall fix a date for 
the examination of witnesses: 
Provided that the Magistrate shall supply in advance to the accused, the statement of witnesses recorded 
during investigation by the police. 
(2) The Magistrate may, on the application of the prosecution, issue a summons to any of its witnesses 
directing him to attend or to produce any document or other thing. 
(3) On the date so fixed, the Magistrate shall proceed to take all such evidence as may be produced in 
support of the prosecution: 
Provided that the Magistrate may permit the cross-examination of any witness to be deferred until any 
other witness or witnesses have been examined or recall any witness for further cross-examination: 
Provided further that the examination of a witness under this sub-section may be done by audio-video 
electronic means at the designated place to be notified by the State Government."
BNSS_2023_s266,BNSS_2023,BNSS_2023_CH_XX,266,Evidence for defence,"Evidence for defence.—(1) The accused shall then be called upon to enter upon his defence and 
produce his evidence; and if the accused puts in any written statement, the Magistrate shall file it with the 
record. 
(2) If the accused, after he has entered upon his defence, applies to the Magistrate to issue any process 
for compelling the attendance of any witness for the purpose of examination or cross-examination, or the 
production of any document or other thing, the Magistrate shall issue such process unless he considers that 
such application should be refused on the ground that it is made for the purpose of vexation or delay or for 
defeating the ends of justice and such ground shall be recorded by him in writing: 
Provided that when the accused has cross-examined or had the opportunity of cross-examining any 
witness before entering on his defence, the attendance of such witness shall not be compelled under this 
section, unless the Magistrate is satisfied that it is necessary for the ends of justice: 
Provided further that the examination of a witness under this sub-section may be done by audio-video 
electronic means at the designated place to be notified by the State Government. 
(3) The Magistrate may, before summoning any witness on an application under sub-section (2), require 
that the reasonable expenses incurred by the witness in attending for the purposes of the trial be deposited 
in Court. 
B.—Cases instituted otherwise than on police report"
BNSS_2023_s267,BNSS_2023,BNSS_2023_CH_XX,267,Evidence for prosecution,"Evidence for prosecution.—(1) When, in any warrant-case instituted otherwise than on a police 
report, the accused appears or is brought before a Magistrate, the Magistrate shall proceed to hear the 
prosecution and take all such evidence as may be produced in support of the prosecution. 
(2) The Magistrate may, on the application of the prosecution, issue a summons to any of its witnesses 
directing him to attend or to produce any document or other thing."
BNSS_2023_s268,BNSS_2023,BNSS_2023_CH_XX,268,When accused shall be discharged,"When accused shall be discharged.—(1) If, upon taking all the evidence referred to in 
section 267, the Magistrate considers, for reasons to be recorded, that no case against the accused has been 
made out which, if unrebutted, would warrant his conviction, the Magistrate shall discharge him.

complainant to be present, in his discretion, notwithstanding anything hereinbefore contained, at any time 
before the charge has been framed, discharge the accused."
BNSS_2023_s273,BNSS_2023,BNSS_2023_CH_XX,273,Compensation for accusation without reasonable cause,"Compensation for accusation without reasonable cause.—(1) If, in any case instituted upon 
complaint or upon information given to a police officer or to a Magistrate, one or more persons is or are 
accused before a Magistrate of any offence triable by a Magistrate, and the Magistrate by whom the case is 
heard discharges or acquits all or any of the accused, and is of opinion that there was no reasonable ground 
for making the accusation against them or any of them, the Magistrate may, by his order of discharge or 
acquittal, if the person upon whose complaint or information the accusation was made is present, call upon 
him forthwith to show cause why he should not pay compensation to such accused or to each or any of such 
accused when there are more than one; or, if such person is not present, direct the issue of a summons to 
him to appear and show cause as aforesaid. 
(2) The Magistrate shall record and consider any cause which such complainant or informant may show, 
and if he is satisfied that there was no reasonable ground for making the accusation, may, for reasons to be 
recorded, make an order that compensation to such amount, not exceeding the amount of fine he is 
empowered to impose, as he may determine, be paid by such complainant or informant to the accused or to 
each or any of them. 
(3) The Magistrate may, by the order directing payment of the compensation under sub-section (2), 
further order that, in default of payment, the person ordered to pay such compensation shall undergo simple 
imprisonment for a period not exceeding thirty days. 
(4) When any person is imprisoned under sub-section (3), the provisions of sub-section (6) of 
section 8 of the Bharatiya Nyaya Sanhita, 2023 shall, so far as may be, apply. 
(5) No person who has been directed to pay compensation under this section shall, by reason of such 
order, be exempted from any civil or criminal liability in respect of the complaint made or information 
given by him: 
Provided that any amount paid to an accused person under this section shall be taken into account in 
awarding compensation to such person in any subsequent civil suit relating to the same matter. 
(6) A complainant or informant who has been ordered under sub-section (2) by a Magistrate of the 
second class to pay compensation exceeding two thousand rupees, may appeal from the order, as if such 
complainant or informant had been convicted on a trial held by such Magistrate. 
(7) When an order for payment of compensation to an accused person is made in a case which is subject 
to appeal under sub-section (6), the compensation shall not be paid to him before the period allowed for the 
presentation of the appeal has elapsed, or, if an appeal is presented, before the appeal has been decided; and 
where such order is made in a case which is not so subject to appeal the compensation shall not be paid 
before the expiration of one month from the date of the order. 
(8) The provisions of this section apply to summons-cases as well as to warrant-cases. 
CHAPTER XXI 
TRIAL OF SUMMONS-CASES BY MAGISTRATES"
BNSS_2023_s274,BNSS_2023,BNSS_2023_CH_XXI,274,Substance of accusation to be stated,"Substance of accusation to be stated.—When in a summons-case the accused appears or is 
brought before the Magistrate, the particulars of the offence of which he is accused shall be stated to him, 
and he shall be asked whether he pleads guilty or has any defence to make, but it shall not be necessary to 
frame a formal charge: 
Provided that if the Magistrate considers the accusation as groundless, he shall, after recording reasons 
in writing, release the accused and such release shall have the effect of discharge."
BNSS_2023_s275,BNSS_2023,BNSS_2023_CH_XXI,275,Conviction on plea of guilty,"Conviction on plea of guilty.—If the accused pleads guilty, the Magistrate shall record the plea 
as nearly as possible in the words used by the accused and may, in his discretion, convict him thereon."
BNSS_2023_s276,BNSS_2023,BNSS_2023_CH_XXI,276,Conviction on plea of guilty in absence of accused in petty cases,"Conviction on plea of guilty in absence of accused in petty cases.—(1) Where a summons has 
been issued under section 229 and the accused desires to plead guilty to the charge without appearing before 
the Magistrate, he shall transmit to the Magistrate, by post or by messenger, a letter containing his plea and 
also the amount of fine specified in the summons. 
(2) The Magistrate may, in his discretion, convict the accused in his absence, on his plea of guilty and 
sentence him to pay the fine specified in the summons, and the amount transmitted by the accused shall be 
adjusted towards that fine, or where an advocate authorised by the accused in this behalf pleads guilty on 
behalf of the accused, the Magistrate shall record the plea as nearly as possible in the words used by the 
advocate and may, in his discretion, convict the accused on such plea and sentence him as aforesaid."
BNSS_2023_s277,BNSS_2023,BNSS_2023_CH_XXI,277,Procedure when not convicted,"Procedure when not convicted.—(1) If the Magistrate does not convict the accused under section 
275 or section 276, the Magistrate shall proceed to hear the prosecution and take all such evidence as may 
be produced in support of the prosecution, and also to hear the accused and take all such evidence as he 
produces in his defence. 
(2) The Magistrate may, if he thinks fit, on the application of the prosecution or the accused, issue a 
summons to any witness directing him to attend or to produce any document or other thing. 
(3) The Magistrate may, before summoning any witness on such application, require that the reasonable 
expenses of the witness incurred in attending for the purposes of the trial be deposited in Court."
BNSS_2023_s278,BNSS_2023,BNSS_2023_CH_XXI,278,Acquittal or conviction,"Acquittal or conviction.—(1) If the Magistrate, upon taking the evidence referred to in 
section 277 and such further evidence, if any, as he may, of his own motion, cause to be produced, finds 
the accused not guilty, he shall record an order of acquittal. 
(2) Where the Magistrate does not proceed in accordance with the provisions of section 364 or 
section 401, he shall, if he finds the accused guilty, pass sentence upon him according to law. 
(3) A Magistrate may, under section 275 or section 278, convict the accused of any offence triable 
under this Chapter, which from the facts admitted or proved he appears to have committed, whatever may 
be the nature of the complaint or summons, if the Magistrate is satisfied that the accused would not be 
prejudiced thereby."
BNSS_2023_s279,BNSS_2023,BNSS_2023_CH_XXI,279,Non-appearance or death of complainant,"Non-appearance or death of complainant.—(1) If the summons has been issued on complaint, 
and on the day appointed for the appearance of the accused, or any day subsequent thereto to which the 
hearing may be adjourned, the complainant does not appear, the Magistrate shall, after giving thirty days’ 
time to the complainant to be present, notwithstanding anything hereinbefore contained, acquit the accused, 
unless for some reason he thinks it proper to adjourn the hearing of the case to some other day: 
Provided that where the complainant is represented by an advocate or by the officer conducting the 
prosecution or where the Magistrate is of opinion that the personal attendance of the complainant is not 
necessary, the Magistrate may, dispense with his attendance and proceed with the case. 
(2) The provisions of sub-section (1) shall, so far as may be, apply also to cases where the 
non-appearance of the complainant is due to his death."
BNSS_2023_s280,BNSS_2023,BNSS_2023_CH_XXI,280,Withdrawal of complaint,"Withdrawal of complaint.—If a complainant, at any time before a final order is passed in any 
case under this Chapter, satisfies the Magistrate that there are sufficient grounds for permitting him to 
withdraw his complaint against the accused, or if there be more than one accused, against all or any of them, 
the Magistrate may permit him to withdraw the same, and shall thereupon acquit the accused against whom 
the complaint is so withdrawn."
BNSS_2023_s281,BNSS_2023,BNSS_2023_CH_XXI,281,Power to stop proceedings in certain cases,"Power to stop proceedings in certain cases.—In any summons-case instituted otherwise than 
upon complaint, a Magistrate of the first class or, with the previous sanction of the Chief Judicial Magistrate,

(2) For the purposes of sub-section (1), the Central Government shall, by notification, determine the 
offences under the law for the time being in force which shall be the offences affecting the socio-economic 
condition of the country."
BNSS_2023_s290,BNSS_2023,BNSS_2023_CH_XXI,290,Application for plea bargaining,"Application for plea bargaining.—(1) A person accused of an offence may file an application 
for plea bargaining within a period of thirty days from the date of framing of charge in the Court in which 
such offence is pending for trial. 
(2) The application under sub-section (1) shall contain a brief description of the case relating to which 
the application is filed including the offence to which the case relates and shall be accompanied by an 
affidavit sworn by the accused stating therein that he has voluntarily preferred, after understanding the 
nature and extent of punishment provided under the law for the offence, the plea bargaining in his case and 
that he has not previously been convicted by a Court in which he had been charged with the same offence. 
(3) After receiving the application under sub-section (1), the Court shall issue notice to the Public 
Prosecutor or the complainant of the case and to the accused to appear on the date fixed for the case. 
(4) When the Public Prosecutor or the complainant of the case and the accused appear on the date fixed 
under sub-section (3), the Court shall examine the accused in camera, where the other party in the case 
shall not be present, to satisfy itself that the accused has filed the application voluntarily and where— 
(a) the Court is satisfied that the application has been filed by the accused voluntarily, it shall 
provide time, not exceeding sixty days, to the Public Prosecutor or the complainant of the case and the 
accused to work out a mutually satisfactory disposition of the case which may include giving to the 
victim by the accused the compensation and other expenses during the case and thereafter fix the date 
for further hearing of the case; 
(b) the Court finds that the application has been filed involuntarily by the accused or he has 
previously been convicted by a Court in a case in which he had been charged with the same offence, it 
shall proceed further in accordance with the provisions of this Sanhita from the stage such application 
has been filed under sub-section (1)."
BNSS_2023_s291,BNSS_2023,BNSS_2023_CH_XXI,291,Guidelines for mutually satisfactory disposition,"Guidelines for mutually satisfactory disposition.—In working out a mutually satisfactory 
disposition under clause (a) of sub-section (4) of section 290, the Court shall follow the following 
procedure, namely:— 
(a) in a case instituted on a police report, the Court shall issue notice to the Public Prosecutor, the 
police officer who has investigated the case, the accused and the victim of the case to participate in the 
meeting to work out a satisfactory disposition of the case: 
Provided that throughout such process of working out a satisfactory disposition of the case, it shall 
be the duty of the Court to ensure that the entire process is completed voluntarily by the parties 
participating in the meeting: 
Provided further that the accused, if he so desires, may participate in such meeting with his 
advocate, if any, engaged in the case; 
(b) in a case instituted otherwise than on police report, the Court shall issue notice to the accused 
and the victim of the case to participate in a meeting to work out a satisfactory disposition of the case: 
Provided that it shall be the duty of the Court to ensure, throughout such process of working out a 
satisfactory disposition of the case, that it is completed voluntarily by the parties participating in the 
meeting: 
Provided further that if the victim of the case or the accused so desires, he may participate in such 
meeting with his advocate engaged in the case."
BNSS_2023_s299,BNSS_2023,BNSS_2023_CH_XXI,299,Statements of accused not to be used,"Statements of accused not to be used.—Notwithstanding anything contained in any law for the 
time being in force, the statements or facts stated by an accused in an application for plea bargaining filed 
under section 290 shall not be used for any other purpose except for the purpose of this Chapter."
BNSS_2023_s300,BNSS_2023,BNSS_2023_CH_XXI,300,Non-application of Chapter,"Non-application of Chapter.—Nothing in this Chapter shall apply to any juvenile or child as 
defined in section 2 of the Juvenile Justice (Care and Protection of Children) Act, 2015 (2 of 2016). 
CHAPTER XXIV 
ATTENDANCE OF PERSONS CONFINED OR DETAINED IN PRISONS"
BNSS_2023_s301,BNSS_2023,BNSS_2023_CH_XXIV,301,Definitions,"Definitions.—In this Chapter,— 
(a) “detained” includes detained under any law providing for preventive detention; 
(b) “prison” includes,— 
(i) any place which has been declared by the State Government, by general or special order, to 
be a subsidiary jail; 
(ii) any reformatory, Borstal institution or other institution of a like nature."
BNSS_2023_s302,BNSS_2023,BNSS_2023_CH_XXIV,302,Power to require attendance of prisoners,"Power to require attendance of prisoners.—(1) Whenever, in the course of an inquiry, trial or 
proceeding under this Sanhita, it appears to a Criminal Court,— 
(a) that a person confined or detained in a prison should be brought before the Court for answering 
to a charge of an offence, or for the purpose of any proceedings against him; or 
(b) that it is necessary for the ends of justice to examine such person as a witness, 
the Court may make an order requiring the officer in charge of the prison to produce such person before the 
Court answering to the charge or for the purpose of such proceeding or for giving evidence. 
(2) Where an order under sub-section (1) is made by a Magistrate of the second class, it shall not be 
forwarded to, or acted upon by, the officer in charge of the prison unless it is countersigned by the Chief 
Judicial Magistrate, to whom such Magistrate is subordinate. 
(3) Every order submitted for countersigning under sub-section (2) shall be accompanied by a statement 
of the facts which, in the opinion of the Magistrate, render the order necessary, and the Chief Judicial 
Magistrate to whom it is submitted may, after considering such statement, decline to countersign the order."
BNSS_2023_s303,BNSS_2023,BNSS_2023_CH_XXIV,303,Power of State Government or Central Government to exclude certain persons from,"Power of State Government or Central Government to exclude certain persons from 
operation of section 302.—(1) The State Government or the Central Government, as the case may be, may, 
at any time, having regard to the matters specified in sub-section (2), by general or special order, direct that 
any person or class of persons shall not be removed from the prison in which he or they may be confined 
or detained, and thereupon, so long as the order remains in force, no order made under section 302, whether 
before or after the order of the State Government or the Central Government, shall have effect in respect of 
such person or class of persons. 
(2) Before making an order under sub-section (1), the State Government or the Central Government in 
the cases instituted by its central agency, as the case may be, shall have regard to the following matters, 
namely:— 
(a) the nature of the offence for which, or the grounds on which, the person or class of persons has 
been ordered to be confined or detained in prison;

(b) the likelihood of the disturbance of public order if the person or class of persons is allowed to 
be removed from the prison; 
(c) the public interest, generally."
BNSS_2023_s304,BNSS_2023,BNSS_2023_CH_XXIV,304,Officer in charge of prison to abstain from carrying out order in certain,"Officer in charge of prison to abstain from carrying out order in certain 
contingencies.—Where the person in respect of whom an order is made under section 302— 
(a) is by reason of sickness or infirmity unfit to be removed from the prison; or 
(b) is under committal for trial or under remand pending trial or pending a preliminary 
investigation; or 
(c) is in custody for a period which would expire before the expiration of the time required for 
complying with the order and for taking him back to the prison in which he is confined or detained; or 
(d) is a person to whom an order made by the State Government or the Central Government under 
section 303 applies, 
the officer in charge of the prison shall abstain from carrying out the Court's order and shall send to the 
Court a statement of reasons for so abstaining: 
Provided that where the attendance of such person is required for giving evidence at a place not more 
than twenty-five kilometres distance from the prison, the officer in charge of the prison shall not so abstain 
for the reason mentioned in clause (b)."
BNSS_2023_s305,BNSS_2023,BNSS_2023_CH_XXIV,305,Prisoner to be brought to Court in custody,"Prisoner to be brought to Court in custody.—Subject to the provisions of section 304, the 
officer in charge of the prison shall, upon delivery of an order made under sub-section (1) of section 302 
and duly countersigned, where necessary, under sub-section (2) thereof, cause the person named in the 
order to be taken to the Court in which his attendance is required, so as to be present there at the time 
mentioned in the order, and shall cause him to be kept in custody in or near the Court until he has been 
examined or until the Court authorises him to be taken back to the prison in which he was confined or 
detained."
BNSS_2023_s306,BNSS_2023,BNSS_2023_CH_XXIV,306,Power to issue commission for examination of witness in prison,"Power to issue commission for examination of witness in prison.—The provisions of this 
Chapter shall be without prejudice to the power of the Court to issue, under section 319, a commission for 
the examination, as a witness, of any person confined or detained in a prison; and the provisions of Part B 
of Chapter XXV shall apply in relation to the examination on commission of any such person in the prison 
as they apply in relation to the examination on commission of any other person. 
CHAPTER XXV 
EVIDENCE IN INQUIRIES AND TRIALS 
A.—Mode of taking and recording evidence"
BNSS_2023_s307,BNSS_2023,BNSS_2023_CH_XXV,307,Language of Courts,"Language of Courts.— The State Government may determine what shall be, for purposes of this 
Sanhita, the language of each Court within the State other than the High Court."
BNSS_2023_s308,BNSS_2023,BNSS_2023_CH_XXV,308,Evidence to be taken in presence of accused,"Evidence to be taken in presence of accused.—Except as otherwise expressly provided, all 
evidence taken in the course of the trial or other proceeding shall be taken in the presence of the accused, 
or, when his personal attendance is dispensed with, in the presence of his advocate including through 
audio-video electronic means at the designated place to be notified by the State Government: 
Provided that where the evidence of a woman below the age of eighteen years who is alleged to have 
been subjected to rape or any other sexual offence, is to be recorded, the Court may take appropriate

Provided that when under clause (b) evidence is taken down in English and a translation thereof in 
the language of the Court is not required by any of the parties, the Court may dispense with such 
translation."
BNSS_2023_s313,BNSS_2023,BNSS_2023_CH_XXV,313,Procedure in regard to such evidence when completed,"Procedure in regard to such evidence when completed.—(1) As the evidence of each witness 
taken under section 310 or section 311 is completed, it shall be read over to him in the presence of the 
accused, if in attendance, or of his advocate, if he appears by an advocate, and shall, if necessary, be 
corrected. 
(2) If the witness denies the correctness of any part of the evidence when the same is read over to him, 
the Magistrate or presiding Judge may, instead of correcting the evidence, make a memorandum thereon of 
the objection made to it by the witness and shall add such remarks as he thinks necessary. 
(3) If the record of the evidence is in a language different from that in which it has been given and the 
witness does not understand that language, the record shall be interpreted to him in the language in which 
it was given, or in a language which he understands."
BNSS_2023_s314,BNSS_2023,BNSS_2023_CH_XXV,314,Interpretation of evidence to accused or his advocate,"Interpretation of evidence to accused or his advocate.—(1) Whenever any evidence is given in 
a language not understood by the accused, and he is present in Court in person, it shall be interpreted to him 
in open Court in a language understood by him. 
(2) If he appears by an advocate and the evidence is given in a language other than the language of the 
Court, and not understood by the advocate, it shall be interpreted to such advocate in that language. 
(3) When documents are put for the purpose of formal proof, it shall be in the discretion of the Court 
to interpret as much thereof as appears necessary."
BNSS_2023_s315,BNSS_2023,BNSS_2023_CH_XXV,315,Remarks respecting demeanour of witness,"Remarks respecting demeanour of witness.—When a presiding Judge or Magistrate has 
recorded the evidence of a witness, he shall also record such remarks (if any) as he thinks material 
respecting the demeanour of such witness whilst under examination."
BNSS_2023_s316,BNSS_2023,BNSS_2023_CH_XXV,316,Record of examination of accused,"Record of examination of accused.—(1) Whenever the accused is examined by any Magistrate, 
or by a Court of Session, the whole of such examination, including every question put to him and every 
answer given by him, shall be recorded in full by the presiding Judge or Magistrate himself or where he is 
unable to do so owing to a physical or other incapacity, under his direction and superintendence by an 
officer of the Court appointed by him in this behalf. 
(2) The record shall, if practicable, be in the language in which the accused is examined or, if that is 
not practicable, in the language of the Court. 
(3) The record shall be shown or read to the accused, or, if he does not understand the language in 
which it is written, shall be interpreted to him in a language which he understands, and he shall be at liberty 
to explain or add to his answers. 
(4) It shall thereafter be signed by the accused and by the Magistrate or presiding Judge, who shall 
certify under his own hand that the examination was taken in his presence and hearing and that the record 
contains a full and true account of the statement made by the accused: 
Provided that where the accused is in custody and is examined through electronic communication, his 
signature shall be taken within seventy-two hours of such examination. 
(5) Nothing in this section shall be deemed to apply to the examination of an accused person in the 
course of a summary trial."
BNSS_2023_s317,BNSS_2023,BNSS_2023_CH_XXV,317,Interpreter to be bound to interpret truthfully,"Interpreter to be bound to interpret truthfully.—When the services of an interpreter are 
required by any Criminal Court for the interpretation of any evidence or statement, he shall be bound to 
state the true interpretation of such evidence or statement."
BNSS_2023_s318,BNSS_2023,BNSS_2023_CH_XXV,318,Record in High Court,"Record in High Court.—Every High Court may, by general rule, prescribe the manner in which 
the evidence of witnesses and the examination of the accused shall be taken down in cases coming before 
it, and such evidence and examination shall be taken down in accordance with such rule. 
B.—Commissions for the examination of witnesses"
BNSS_2023_s319,BNSS_2023,BNSS_2023_CH_XXV,319,When attendance of witness may be dispensed with and commission issued,"When attendance of witness may be dispensed with and commission issued.—(1) Whenever, 
in the course of any inquiry, trial or other proceeding under this Sanhita, it appears to a Court or Magistrate 
that the examination of a witness is necessary for the ends of justice, and that the attendance of such witness 
cannot be procured without an amount of delay, expense or inconvenience which, under the circumstances 
of the case, would be unreasonable, the Court or Magistrate may dispense with such attendance and may 
issue a commission for the examination of the witness in accordance with the provisions of this Chapter: 
Provided that where the examination of the President or the Vice-President of India or the Governor of 
a State or the Administrator of a Union territory as a witness is necessary for the ends of justice, a 
commission shall be issued for the examination of such a witness. 
(2) The Court may, when issuing a commission for the examination of a witness for the prosecution, 
direct that such amount as the Court considers reasonable to meet the expenses of the accused, including 
the advocate's fees, be paid by the prosecution."
BNSS_2023_s320,BNSS_2023,BNSS_2023_CH_XXV,320,Commission to whom to be issued,"Commission to whom to be issued.—(1) If the witness is within the territories to which this 
Sanhita extends, the commission shall be directed to the Chief Judicial Magistrate within whose local 
jurisdiction the witness is to be found. 
(2) If the witness is in India, but in a State or an area to which this Sanhita does not extend, the 
commission shall be directed to such Court or officer as the Central Government may, by notification, 
specify in this behalf. 
(3) If the witness is in a country or place outside India and arrangements have been made by the Central 
Government with the Government of such country or place for taking the evidence of witnesses in relation 
to criminal matters, the commission shall be issued in such form, directed to such Court or officer, and sent 
to such authority for transmission as the Central Government may, by notification, prescribe in this behalf."
BNSS_2023_s321,BNSS_2023,BNSS_2023_CH_XXV,321,Execution of commissions,"Execution of commissions.—Upon receipt of the commission, the Chief Judicial Magistrate or 
such Magistrate as he may appoint in this behalf, shall summon the witness before him or proceed to the 
place where the witness is, and shall take down his evidence in the same manner, and may for this purpose 
exercise the same powers, as in trials of warrant-cases under this Sanhita."
BNSS_2023_s322,BNSS_2023,BNSS_2023_CH_XXV,322,Parties may examine witnesses,"Parties may examine witnesses.—(1) The parties to any proceeding under this Sanhita in which 
a commission is issued may respectively forward any interrogatories in writing which the Court or 
Magistrate directing the commission may think relevant to the issue, and it shall be lawful for the 
Magistrate, Court or officer to whom the commission, is directed, or to whom the duty of executing it is 
delegated, to examine the witness upon such interrogatories. 
(2) Any such party may appear before such Magistrate, Court or Officer by an advocate, or if not in 
custody, in person, and may examine, cross-examine and re-examine the said witness."
BNSS_2023_s323,BNSS_2023,BNSS_2023_CH_XXV,323,Return of commission,"Return of commission.—(1) After any commission issued under section 319 has been duly 
executed, it shall be returned, together with the deposition of the witness examined thereunder, to the Court 
or Magistrate issuing the commission; and the commission, the return thereto and the deposition shall be 
open at all reasonable times to inspection of the parties, and may, subject to all just exceptions, be read in 
evidence in the case by either party, and shall form part of the record. 
(2) Any deposition so taken, if it satisfies the conditions specified by section 27 of the Bharatiya 
Sakshya Adhiniyam, 2023, may also be received in evidence at any subsequent stage of the case before 
another Court.

any officer in charge of the Forensic Science Laboratory or of the Government Examiner of Questioned 
Documents Organisation or of the State Examiner of Questioned Documents Organisation be permitted— 
(a) to give any evidence derived from any unpublished official records on which the report is based; 
(b) to disclose the nature or particulars of any test applied by him in the course of the examination 
of the matter or thing."
BNSS_2023_s329,BNSS_2023,BNSS_2023_CH_XXV,329,Reports of certain Government scientific experts,"Reports of certain Government scientific experts.— (1) Any document purporting to be a report 
under the hand of a Government scientific expert to whom this section applies, upon any matter or thing 
duly submitted to him for examination or analysis and report in the course of any proceeding under this 
Sanhita, may be used as evidence in any inquiry, trial or other proceeding under this Sanhita. 
(2) The Court may, if it thinks fit, summon and examine any such expert as to the subject-matter of his 
(3) Where any such expert is summoned by a Court, and he is unable to attend personally, he may, 
unless the Court has expressly directed him to appear personally, depute any responsible officer working 
with him to attend the Court, if such officer is conversant with the facts of the case and can satisfactorily 
depose in Court on his behalf. 
(4) This section applies to the following Government scientific experts, namely:— 
(a) any Chemical Examiner or Assistant Chemical Examiner to Government; 
(b) the Chief Controller of Explosives; 
(c) the Director of the Finger Print Bureau; 
(d) the Director, Haffkeine Institute, Bombay; 
(e) the Director, Deputy Director or Assistant Director of a Central Forensic Science Laboratory 
or a State Forensic Science Laboratory; 
(f) the Serologist to the Government; 
(g) any other scientific expert specified or certified, by notification, by the State Government or 
the Central Government for this purpose."
BNSS_2023_s330,BNSS_2023,BNSS_2023_CH_XXV,330,No formal proof of certain documents,"No formal proof of certain documents.—(1) Where any document is filed before any Court by 
the prosecution or the accused, the particulars of every such document shall be included in a list and the 
prosecution or the accused or the advocate for the prosecution or the accused, if any, shall be called upon 
to admit or deny the genuineness of each such document soon after supply of such documents and in no 
case later than thirty days after such supply: 
Provided that the Court may, in its discretion, relax the time limit with reasons to be recorded in writing: 
Provided further that no expert shall be called to appear before the Court unless the report of such expert 
is disputed by any of the parties to the trial. 
(2) The list of documents shall be in such form as the State Government may, by rules, provide. 
(3) Where the genuineness of any document is not disputed, such document may be read in evidence in 
any inquiry, trial or other proceeding under this Sanhita without proof of the signature of the person by 
whom it purports to be signed: 
Provided that the Court may, in its discretion, require such signature to be proved."
BNSS_2023_s331,BNSS_2023,BNSS_2023_CH_XXV,331,Affidavit in proof of conduct of public servants,"Affidavit in proof of conduct of public servants.—When any application is made to any Court 
in the course of any inquiry, trial or other proceeding under this Sanhita, and allegations are made therein

respecting any public servant, the applicant may give evidence of the facts alleged in the application by 
affidavit, and the Court may, if it thinks fit, order that evidence relating to such facts be so given."
BNSS_2023_s332,BNSS_2023,BNSS_2023_CH_XXV,332,Evidence of formal character on affidavit,"Evidence of formal character on affidavit.—(1) The evidence of any person whose evidence is 
of a formal character may be given by affidavit and may, subject to all just exceptions, be read in evidence 
in any inquiry, trial or other proceeding under this Sanhita. 
(2) The Court may, if it thinks fit, and shall, on the application of the prosecution or the accused, 
summon and examine any such person as to the facts contained in his affidavit."
BNSS_2023_s333,BNSS_2023,BNSS_2023_CH_XXV,333,Authorities before whom affidavits may be sworn,"Authorities before whom affidavits may be sworn.—(1) Affidavits to be used before any Court 
under this Sanhita may be sworn or affirmed before— 
(a) any Judge or Judicial or Executive Magistrate; or 
(b) any Commissioner of Oaths appointed by a High Court or Court of Session; or 
(c) any notary appointed under the Notaries Act, 1952 (53 of 1952). 
(2) Affidavits shall be confined to, and shall state separately, such facts as the deponent is able to prove 
from his own knowledge and such facts as he has reasonable ground to believe to be true, and in the latter 
case, the deponent shall clearly state the grounds of such belief. 
(3) The Court may order any scandalous and irrelevant matter in the affidavit to be struck out or 
amended."
BNSS_2023_s334,BNSS_2023,BNSS_2023_CH_XXV,334,Previous conviction or acquittal how proved,"Previous conviction or acquittal how proved.—In any inquiry, trial or other proceeding under 
this Sanhita, a previous conviction or acquittal may be proved, in addition to any other mode provided by 
any law for the time being in force,— 
(a) by an extract certified under the hand of the officer having the custody of the records of the 
Court in which such conviction or acquittal was held, to be a copy of the sentence or order; or 
(b) in case of a conviction, either by a certificate signed by the officer in charge of the jail in which 
the punishment or any part thereof was undergone, or by production of the warrant of commitment 
under which the punishment was suffered, together with, in each of such cases, evidence as to the 
identity of the accused person with the person so convicted or acquitted."
BNSS_2023_s335,BNSS_2023,BNSS_2023_CH_XXV,335,Record of evidence in absence of accused,"Record of evidence in absence of accused.—(1) If it is proved that an accused person has 
absconded, and that there is no immediate prospect of arresting him, the Court competent to try, or commit 
for trial, such person for the offence complained of may, in his absence, examine the witnesses (if any) 
produced on behalf of the prosecution, and record their depositions and any such deposition may, on the 
arrest of such person, be given in evidence against him on the inquiry into, or trial for, the offence with 
which he is charged, if the deponent is dead or incapable of giving evidence or cannot be found or his 
presence cannot be procured without an amount of delay, expense or inconvenience which, under the 
circumstances of the case, would be unreasonable. 
(2) If it appears that an offence punishable with death or imprisonment for life has been committed by 
some person or persons unknown, the High Court or the Sessions Judge may direct that any Magistrate of 
the first class shall hold an inquiry and examine any witnesses who can give evidence concerning the 
offence and any depositions so taken may be given in evidence against any person who is subsequently 
accused of the offence, if the deponent is dead or incapable of giving evidence or beyond the limits of India."
BNSS_2023_s336,BNSS_2023,BNSS_2023_CH_XXV,336,"Evidence of public servants, experts, police officers in certain cases","Evidence of public servants, experts, police officers in certain cases.—Where any document 
or report prepared by a public servant, scientific expert or medical officer is purported to be used as evidence 
in any inquiry, trial or other proceeding under this Sanhita, and— 
(i) such public servant, expert or officer is either transferred, retired, or died; or

(ii) such public servant, expert or officer cannot be found or is incapable of giving deposition; or 
(iii) securing presence of such public servant, expert or officer is likely to cause delay in holding 
the inquiry, trial or other proceeding, the Court shall secure presence of successor officer of such public 
servant, expert, or officer who is holding that post at the time of such deposition to give deposition on 
such document or report: 
Provided that no public servant, scientific expert or medical officer shall be called to appear before the 
Court unless the report of such public servant, scientific expert or medical officer is disputed by any of the 
parties of the trial or other proceedings: 
Provided further that the deposition of such successor public servant, expert or officer may be allowed 
through audio-video electronic means. 
CHAPTER XXVI 
GENERAL PROVISIONS AS TO INQUIRIES AND TRIALS"
BNSS_2023_s337,BNSS_2023,BNSS_2023_CH_XXVI,337,Person once convicted or acquitted not to be tried for same offence,"Person once convicted or acquitted not to be tried for same offence.—(1) A person who has 
once been tried by a Court of competent jurisdiction for an offence and convicted or acquitted of such 
offence shall, while such conviction or acquittal remains in force, not be liable to be tried again for the same 
offence, nor on the same facts for any other offence for which a different charge from the one made against 
him might have been made under sub-section (1) of section 244, or for which he might have been convicted 
under sub-section (2) thereof. 
(2) A person acquitted or convicted of any offence may be afterwards tried, with the consent of the 
State Government, for any distinct offence for which a separate charge might have been made against him 
at the former trial under sub-section (1) of section 243. 
(3) A person convicted of any offence constituted by any act causing consequences which, together 
with such act, constituted a different offence from that of which he was convicted, may be afterwards tried 
for such last-mentioned offence, if the consequences had not happened, or were not known to the Court to 
have happened, at the time when he was convicted. 
(4) A person acquitted or convicted of any offence constituted by any acts may, notwithstanding such 
acquittal or conviction, be subsequently charged with, and tried for, any other offence constituted by the 
same acts which he may have committed if the Court by which he was first tried was not competent to try 
the offence with which he is subsequently charged. 
(5) A person discharged under section 281 shall not be tried again for the same offence except with the 
consent of the Court by which he was discharged or of any other Court to which the first-mentioned Court 
is subordinate. 
(6) Nothing in this section shall affect the provisions of section 26 of the General Clauses Act, 1897 
(10 of 1897) or of section 208 of this Sanhita. 
Explanation.—The dismissal of a complaint, or the discharge of the accused, is not an acquittal for the 
purposes of this section. 
(a) A is tried upon a charge of theft as a servant and acquitted. He cannot afterwards, while the acquittal 
remains in force, be charged with theft as a servant, or, upon the same facts, with theft simply, or with 
criminal breach of trust. 
(b) A is tried for causing grievous hurt and convicted. The person injured afterwards dies. A may be 
tried again for culpable homicide.

(2) Where a corporation is the accused person or one of the accused persons in an inquiry or trial, it 
may appoint a representative for the purpose of the inquiry or trial and such appointment need not be under 
the seal of the corporation. 
(3) Where a representative of a corporation appears, any requirement of this Sanhita that anything shall 
be done in the presence of the accused or shall be read or stated or explained to the accused, shall be 
construed as a requirement that that thing shall be done in the presence of the representative or read or 
stated or explained to the representative, and any requirement that the accused shall be examined shall be 
construed as a requirement that the representative shall be examined. 
(4) Where a representative of a corporation does not appear, any such requirement as is referred to in 
sub-section (3) shall not apply. 
(5) Where a statement in writing purporting to be signed by the managing director of the corporation 
or by any person duly authorised by him (by whatever name called) having, or being one of the persons 
having the management of the affairs of the corporation to the effect that the person named in the statement 
has been appointed as the representative of the corporation for the purposes of this section, is filed, the 
Court shall, unless the contrary is proved, presume that such person has been so appointed. 
(6) If a question arises as to whether any person, appearing as the representative of a corporation in an 
inquiry or trial before a Court is or is not such representative, the question shall be determined by the Court."
BNSS_2023_s343,BNSS_2023,BNSS_2023_CH_XXVI,343,Tender of pardon to accomplice,"Tender of pardon to accomplice.—(1) With a view to obtaining the evidence of any person 
supposed to have been directly or indirectly concerned in or privy to an offence to which this section applies, 
the Chief Judicial Magistrate at any stage of the investigation or inquiry into, or the trial of, the offence, 
and the Magistrate of the first class inquiring into or trying the offence, at any stage of the inquiry or trial, 
may tender a pardon to such person on condition of his making a full and true disclosure of the whole of 
the circumstances within his knowledge relative to the offence and to every other person concerned, 
whether as principal or abettor, in the commission thereof. 
(2) This section applies to— 
(a) any offence triable exclusively by the Court of Session or by the Court of a Special Judge 
appointed under any other law for the time being in force; 
(b) any offence punishable with imprisonment which may extend to seven years or with a more 
severe sentence. 
(3) Every Magistrate who tenders a pardon under sub-section (1) shall record— 
(a) his reasons for so doing; 
(b) whether the tender was or was not accepted by the person to whom it was made, and shall, on 
application made by the accused, furnish him with a copy of such record free of cost. 
(4) Every person accepting a tender of pardon made under sub-section (1)— 
(a) shall be examined as a witness in the Court of the Magistrate taking cognizance of the offence 
and in the subsequent trial, if any; 
(b) shall, unless he is already on bail, be detained in custody until the termination of the trial. 
(5) Where a person has accepted a tender of pardon made under sub-section (1) and has been examined 
under sub-section (4), the Magistrate taking cognizance of the offence shall, without making any further 
inquiry in the case— 
(a) commit it for trial— 
(i) to the Court of Session if the offence is triable exclusively by that Court or if the Magistrate 
taking cognizance is the Chief Judicial Magistrate;

(ii) to a Court of Special Judge appointed under any other law for the time being in force, if the 
offence is triable exclusively by that Court; 
(b) in any other case, make over the case to the Chief Judicial Magistrate who shall try the case 
himself."
BNSS_2023_s344,BNSS_2023,BNSS_2023_CH_XXVI,344,Power to direct tender of pardon,"Power to direct tender of pardon.—At any time after commitment of a case but before judgment 
is passed, the Court to which the commitment is made may, with a view to obtaining at the trial the evidence 
of any person supposed to have been directly or indirectly concerned in, or privy to, any such offence, 
tender a pardon on the same condition to such person."
BNSS_2023_s345,BNSS_2023,BNSS_2023_CH_XXVI,345,Trial of person not complying with conditions of pardon,"Trial of person not complying with conditions of pardon.—(1) Where, in regard to a person 
who has accepted a tender of pardon made under section 343 or section 344, the Public Prosecutor certifies 
that in his opinion such person has, either by wilfully concealing anything essential or by giving false 
evidence, not complied with the condition on which the tender was made, such person may be tried for the 
offence in respect of which the pardon was so tendered or for any other offence of which he appears to have 
been guilty in connection with the same matter, and also for the offence of giving false evidence: 
Provided that such person shall not be tried jointly with any of the other accused: 
Provided further that such person shall not be tried for the offence of giving false evidence except with 
the sanction of the High Court, and nothing contained in section 215 or section 379 shall apply to that 
(2) Any statement made by such person accepting the tender of pardon and recorded by a Magistrate 
under section 183 or by a Court under sub-section (4) of section 343 may be given in evidence against him 
at such trial. 
(3) At such trial, the accused shall be entitled to plead that he has complied with the condition upon 
which such tender was made; in which case it shall be for the prosecution to prove that the condition has 
not been complied with. 
(4) At such trial, the Court shall— 
(a) if it is a Court of Session, before the charge is read out and explained to the accused; 
(b) if it is the Court of a Magistrate, before the evidence of the witnesses for the prosecution is 
taken, 
ask the accused whether he pleads that he has complied with the conditions on which the tender of pardon 
was made. 
(5) If the accused does so plead, the Court shall record the plea and proceed with the trial and it shall, 
before passing judgment in the case, find whether or not the accused has complied with the conditions of 
the pardon, and, if it finds that he has so complied, it shall, notwithstanding anything contained in this 
Sanhita, pass judgment of acquittal."
BNSS_2023_s346,BNSS_2023,BNSS_2023_CH_XXVI,346,Power to postpone or adjourn proceedings,"Power to postpone or adjourn proceedings.—(1) In every inquiry or trial the proceedings shall 
be continued from day-to-day basis until all the witnesses in attendance have been examined, unless the 
Court finds the adjournment of the same beyond the following day to be necessary for reasons to be 
recorded: 
Provided that when the inquiry or trial relates to an offence under section 64, section 65, section 66, 
section 67, section 68, section 70 or section 71 of the Bharatiya Nyaya Sanhita, 2023 (45 of 2023) the 
inquiry or trial shall be completed within a period of two months from the date of filing of the chargesheet. 
(2) If the Court, after taking cognizance of an offence, or commencement of trial, finds it necessary or 
advisable to postpone the commencement of, or adjourn, any inquiry or trial, it may, from time to time, for

reasons to be recorded, postpone or adjourn the same on such terms as it thinks fit, for such time as it 
considers reasonable, and may by a warrant remand the accused if in custody: 
Provided that no Court shall remand an accused person to custody under this section for a term 
exceeding fifteen days at a time: 
Provided further that when witnesses are in attendance, no adjournment or postponement shall be 
granted, without examining them, except for special reasons to be recorded in writing: 
Provided also that no adjournment shall be granted for the purpose only of enabling the accused person 
to show cause against the sentence proposed to be imposed on him: 
Provided also that— 
(a) no adjournment shall be granted at the request of a party, except where the circumstances are 
beyond the control of that party; 
(b) where the circumstances are beyond the control of a party, not more than two adjournments 
may be granted by the Court after hearing the objections of the other party and for the reasons to be 
recorded in writing; 
(c) the fact that the advocate of a party is engaged in another Court, shall not be a ground for 
adjournment; 
(d) where a witness is present in Court but a party or his advocate is not present or the party or his 
advocate though present in Court, is not ready to examine or cross-examine the witness, the Court may, 
if thinks fit, record the statement of the witness and pass such orders as it thinks fit dispensing with the 
examination-in-chief or cross-examination of the witness, as the case may be. 
Explanation 1.—If sufficient evidence has been obtained to raise a suspicion that the accused may have 
committed an offence, and it appears likely that further evidence may be obtained by a remand, this is a 
reasonable cause for a remand. 
Explanation 2.—The terms on which an adjournment or postponement may be granted include, in 
appropriate cases, the payment of costs by the prosecution or the accused."
BNSS_2023_s347,BNSS_2023,BNSS_2023_CH_XXVI,347,Local inspection,"Local inspection.—(1) Any Judge or Magistrate may, at any stage of any inquiry, trial or other 
proceeding, after due notice to the parties, visit and inspect any place in which an offence is alleged to have 
been committed, or any other place which it is in his opinion necessary to view for the purpose of properly 
appreciating the evidence given at such inquiry or trial, and shall without unnecessary delay record a 
memorandum of any relevant facts observed at such inspection. 
(2) Such memorandum shall form part of the record of the case and if the prosecutor, complainant or 
accused or any other party to the case, so desires, a copy of the memorandum shall be furnished to him free 
of cost."
BNSS_2023_s348,BNSS_2023,BNSS_2023_CH_XXVI,348,"Power to summon material witness, or examine person present","Power to summon material witness, or examine person present.—Any Court may, at any stage 
of any inquiry, trial or other proceeding under this Sanhita, summon any person as a witness, or examine 
any person in attendance, though not summoned as a witness, or re-call and re-examine any person already 
examined; and the Court shall summon and examine or re-call and re-examine any such person if his 
evidence appears to it to be essential to the just decision of the case."
BNSS_2023_s349,BNSS_2023,BNSS_2023_CH_XXVI,349,"Power of Magistrate to order person to give specimen signatures or handwriting, etc","Power of Magistrate to order person to give specimen signatures or handwriting, etc.—If a 
Magistrate of the first class is satisfied that, for the purposes of any investigation or proceeding under this 
Sanhita, it is expedient to direct any person, including an accused person, to give specimen signatures or 
finger impressions or handwriting or voice sample, he may make an order to that effect and in that case the 
person to whom the order relates shall be produced or shall attend at the time and place specified in such 
order and shall give his specimen signatures or finger impressions or handwriting or voice sample:

Provided that no order shall be made under this section unless the person has at some time been arrested 
in connection with such investigation or proceeding: 
Provided further that the Magistrate may, for the reasons to be recorded in writing, order any person to 
give such specimen or sample without him being arrested."
BNSS_2023_s350,BNSS_2023,BNSS_2023_CH_XXVI,350,Expenses of complainants and witnesses,"Expenses of complainants and witnesses.—Subject to any rules made by the State Government, 
any Criminal Court may, if it thinks fit, order payment, on the part of the Government, of the reasonable 
expenses of any complainant or witness attending for the purposes of any inquiry, trial or other proceeding 
before such Court under this Sanhita."
BNSS_2023_s351,BNSS_2023,BNSS_2023_CH_XXVI,351,Power to examine accused,"Power to examine accused.—(1) In every inquiry or trial, for the purpose of enabling the accused 
personally to explain any circumstances appearing in the evidence against him, the Court— 
(a) may at any stage, without previously warning the accused put such questions to him as the 
Court considers necessary; 
(b) shall, after the witnesses for the prosecution have been examined and before he is called on 
for his defence, question him generally on the case: 
Provided that in a summons case, where the Court has dispensed with the personal attendance of 
the accused, it may also dispense with his examination under clause (b). 
(2) No oath shall be administered to the accused when he is examined under sub-section (1). 
(3) The accused shall not render himself liable to punishment by refusing to answer such questions, or 
by giving false answers to them. 
(4) The answers given by the accused may be taken into consideration in such inquiry or trial, and put 
in evidence for or against him in any other inquiry into, or trial for, any other offence which such answers 
may tend to show he has committed. 
(5) The Court may take help of Prosecutor and Defence Counsel in preparing relevant questions which 
are to be put to the accused and the Court may permit filing of written statement by the accused as sufficient 
compliance of this section."
BNSS_2023_s352,BNSS_2023,BNSS_2023_CH_XXVI,352,Oral arguments and memorandum of arguments,"Oral arguments and memorandum of arguments.—(1) Any party to a proceeding may, as soon 
as may be, after the close of his evidence, address concise oral arguments, and may, before he concludes 
the oral arguments, if any, submit a memorandum to the Court setting forth concisely and under distinct 
headings, the arguments in support of his case and every such memorandum shall form part of the record. 
(2) A copy of every such memorandum shall be simultaneously furnished to the opposite party. 
(3) No adjournment of the proceedings shall be granted for the purpose of filing the written arguments 
unless the Court, for reasons to be recorded in writing, considers it necessary to grant such adjournment. 
(4) The Court may, if it is of opinion that the oral arguments are not concise or relevant, regulate such 
arguments."
BNSS_2023_s353,BNSS_2023,BNSS_2023_CH_XXVI,353,Accused person to be competent witness,"Accused person to be competent witness.—(1) Any person accused of an offence before a 
Criminal Court shall be a competent witness for the defence and may give evidence on oath in disproof of 
the charges made against him or any person charged together with him at the same trial: 
(a) he shall not be called as a witness except on his own request in writing; 
(b) his failure to give evidence shall not be made the subject of any comment by any of the parties 
or the Court or give rise to any presumption against himself or any person charged together with him 
at the same trial.

(3) Where the proclaimed offender is not represented by any advocate, he shall be provided with an 
advocate for his defence at the expense of the State. 
(4) Where the Court, competent to try the case or commit for trial, has examined any witnesses for 
prosecution and recorded their depositions, such depositions shall be given in evidence against such 
proclaimed offender on the inquiry into, or in trial for, the offence with which he is charged: 
Provided that if the proclaimed offender is arrested and produced or appears before the Court during 
such trial, the Court may, in the interest of justice, allow him to examine any evidence which may have 
been taken in his absence. 
(5) Where a trial is related to a person under this section, the deposition and examination of the witness, 
may, as far as practicable, be recorded by audio-video electronic means preferably mobile phone and such 
recording shall be kept in such manner as the Court may direct. 
(6) In prosecution for offences under this Sanhita, voluntary absence of accused after the trial has 
commenced under sub-section (1) shall not prevent continuing the trial including the pronouncement of the 
judgment even if he is arrested and produced or appears at the conclusion of such trial. 
(7) No appeal shall lie against the judgment under this section unless the proclaimed offender presents 
himself before the Court of appeal: 
Provided that no appeal against conviction shall lie after the expiry of three years from the date of the 
judgment. 
(8) The State may, by notification, extend the provisions of this section to any absconder mentioned in 
sub-section (1) of section 84."
BNSS_2023_s357,BNSS_2023,BNSS_2023_CH_XXVI,357,Procedure where accused does not understand proceedings,"Procedure where accused does not understand proceedings.—If the accused, though not a 
person of unsound mind, cannot be made to understand the proceedings, the Court may proceed with the 
inquiry or trial; and, in the case of a Court other than a High Court, if such proceedings result in a conviction, 
the proceedings shall be forwarded to the High Court with a report of the circumstances of the case, and the 
High Court shall pass thereon such order as it thinks fit."
BNSS_2023_s358,BNSS_2023,BNSS_2023_CH_XXVI,358,Power to proceed against other persons appearing to be guilty of offence,"Power to proceed against other persons appearing to be guilty of offence.—(1) Where, in the 
course of any inquiry into, or trial of, an offence, it appears from the evidence that any person not being the 
accused has committed any offence for which such person could be tried together with the accused, the 
Court may proceed against such person for the offence which he appears to have committed. 
(2) Where such person is not attending the Court, he may be arrested or summoned, as the circumstances 
of the case may require, for the purpose aforesaid. 
(3) Any person attending the Court, although not under arrest or upon a summons, may be detained by 
such Court for the purpose of the inquiry into, or trial of, the offence which he appears to have committed. 
(4) Where the Court proceeds against any person under sub-section (1), then— 
(a) the proceedings in respect of such person shall be commenced afresh, and the witnesses reheard; 
(b) subject to the provisions of clause (a), the case may proceed as if such person had been an 
accused person when the Court took cognizance of the offence upon which the inquiry or trial was 
commenced.

(5) When the accused has been committed for trial or when he has been convicted and an appeal is 
pending, no composition for the offence shall be allowed without the leave of the Court to which he is 
committed, or, as the case may be, before which the appeal is to be heard. 
(6) A High Court or Court of Session acting in the exercise of its powers of revision under section 442 
may allow any person to compound any offence which such person is competent to compound under this 
section. 
(7) No offence shall be compounded if the accused is, by reason of a previous conviction, liable either 
to enhanced punishment or to a punishment of a different kind for such offence. 
(8) The composition of an offence under this section shall have the effect of an acquittal of the accused 
with whom the offence has been compounded. 
(9) No offence shall be compounded except as provided by this section."
BNSS_2023_s360,BNSS_2023,BNSS_2023_CH_XXVI,360,Withdrawal from prosecution,"Withdrawal from prosecution.—The Public Prosecutor or Assistant Public Prosecutor in charge 
of a case may, with the consent of the Court, at any time before the judgment is pronounced, withdraw from 
the prosecution of any person either generally or in respect of any one or more of the offences for which he 
is tried; and, upon such withdrawal,— 
(a) if it is made before a charge has been framed, the accused shall be discharged in respect of such 
offence or offences; 
(b) if it is made after a charge has been framed, or when under this Sanhita no charge is required, 
he shall be acquitted in respect of such offence or offences: 
Provided that where such offence— 
(i) was against any law relating to a matter to which the executive power of the Union extends; or 
(ii) was investigated under any Central Act; or 
(iii) involved the misappropriation or destruction of, or damage to, any property belonging to the 
Central Government; or 
(iv) was committed by a person in the service of the Central Government while acting or purporting 
to act in the discharge of his official duty, 
and the Prosecutor in charge of the case has not been appointed by the Central Government, he shall not, 
unless he has been permitted by the Central Government to do so, move the Court for its consent to 
withdraw from the prosecution and the Court shall, before according consent, direct the Prosecutor to 
produce before it the permission granted by the Central Government to withdraw from the prosecution: 
Provided further that no Court shall allow such withdrawal without giving an opportunity of being 
heard to the victim in the case."
BNSS_2023_s361,BNSS_2023,BNSS_2023_CH_XXVI,361,Procedure in cases which Magistrate cannot dispose of,"Procedure in cases which Magistrate cannot dispose of.—(1) If, in the course of any inquiry 
into an offence or a trial before a Magistrate in any district, the evidence appears to him to warrant a 
presumption-(a) that he has no jurisdiction to try the case or commit it for trial; or 
(b) that the case is one which should be tried or committed for trial by some other Magistrate in the 
district; or 
(c) that the case should be tried by the Chief Judicial Magistrate, 
he shall stay the proceedings and submit the case, with a brief report explaining its nature, to the Chief 
Judicial Magistrate or to such other Magistrate, having jurisdiction, as the Chief Judicial Magistrate directs.

(2) The Magistrate to whom the case is submitted may, if so empowered, either try the case himself, or 
refer it to any Magistrate subordinate to him having jurisdiction, or commit the accused for trial."
BNSS_2023_s362,BNSS_2023,BNSS_2023_CH_XXVI,362,"Procedure when after commencement of inquiry or trial, Magistrate finds case should be","Procedure when after commencement of inquiry or trial, Magistrate finds case should be 
committed.—If, in any inquiry into an offence or a trial before a Magistrate, it appears to him at any stage 
of the proceedings before signing the judgment that the case is one which ought to be tried by the Court of 
Session, he shall commit it to that Court under the provisions hereinbefore contained and thereupon the 
provisions of Chapter XIX shall apply to the commitment so made."
BNSS_2023_s363,BNSS_2023,BNSS_2023_CH_XXVI,363,"Trial of persons previously convicted of offences against coinage, stamp-law or","Trial of persons previously convicted of offences against coinage, stamp-law or 
property.—(1) Where a person, having been convicted of an offence punishable under Chapter X or 
Chapter XVII of the Bharatiya Nyaya Sanhita, 2023 (45 of 2023), with imprisonment for a term of three 
years or upwards, is again accused of any offence punishable under either of those Chapters with 
imprisonment for a term of three years or upwards, and the Magistrate before whom the case is pending is 
satisfied that there is ground for presuming that such person has committed the offence, he shall be sent for 
trial to the Chief Judicial Magistrate or committed to the Court of Session, unless the Magistrate is 
competent to try the case and is of opinion that he can himself pass an adequate sentence if the accused is 
convicted. 
(2) When any person is sent for trial to the Chief Judicial Magistrate or committed to the Court of 
Session under sub-section (1), any other person accused jointly with him in the same inquiry or trial shall 
be similarly sent or committed, unless the Magistrate discharges such other person under section 262 or 
section 268, as the case may be."
BNSS_2023_s364,BNSS_2023,BNSS_2023_CH_XXVI,364,Procedure when Magistrate cannot pass sentence sufficiently severe,"Procedure when Magistrate cannot pass sentence sufficiently severe.—(1) Whenever a 
Magistrate is of opinion, after hearing the evidence for the prosecution and the accused, that the accused is 
guilty, and that he ought to receive a punishment different in kind from, or more severe than, that which 
such Magistrate is empowered to inflict, or, being a Magistrate of the second class, is of opinion that the 
accused ought to be required to execute a bond or bail bond under section 125, he may record the opinion 
and submit his proceedings, and forward the accused, to the Chief Judicial Magistrate to whom he is 
subordinate. 
(2) When more accused persons than one are being tried together, and the Magistrate considers it 
necessary to proceed under sub-section (1), in regard to any of such accused, he shall forward all the 
accused, who are in his opinion guilty, to the Chief Judicial Magistrate. 
(3) The Chief Judicial Magistrate to whom the proceedings are submitted may, if he thinks fit, examine 
the parties and recall and examine any witness who has already given evidence in the case and may call for 
and take any further evidence and shall pass such judgment, sentence or order in the case as he thinks fit, 
and is according to law."
BNSS_2023_s365,BNSS_2023,BNSS_2023_CH_XXVI,365,Conviction or commitment on evidence partly recorded by one Magistrate and partly by,"Conviction or commitment on evidence partly recorded by one Magistrate and partly by 
another.—(1) Whenever any Judge or Magistrate, after having heard and recorded the whole or any part 
of the evidence in any inquiry or a trial, ceases to exercise jurisdiction therein and is succeeded by another 
Judge or Magistrate who has and who exercises such jurisdiction, the Judge or Magistrate so succeeding 
may act on the evidence so recorded by his predecessor, or partly recorded by his predecessor and partly 
recorded by himself: 
Provided that if the succeeding Judge or Magistrate is of the opinion that further examination of any of 
the witnesses whose evidence has already been recorded is necessary in the interests of justice, he may resummon any such witness, and after such further examination, cross-examination and re-examination, if 
any, as he may permit, the witness shall be discharged.

(4) If the Magistrate is informed that the person referred to in sub-section (2) is a person of unsound 
mind, the Magistrate shall further determine whether the unsoundness of mind renders the accused 
incapable of entering defence and if the accused is found so incapable, the Magistrate shall record a finding 
to that effect, and shall examine the record of evidence produced by the prosecution and after hearing the 
advocate of the accused but without questioning the accused, if he finds that no prima facie case is made 
out against the accused, he shall, instead of postponing the enquiry, discharge the accused and deal with 
him in the manner provided under section 369: 
Provided that if the Magistrate finds that a prima facie case is made out against the accused in respect 
of whom a finding of unsoundness of mind is arrived at, he shall postpone the proceeding for such period, 
as in the opinion of the psychiatrist or clinical psychologist, is required for the treatment of the accused, 
and order the accused to be dealt with as provided under section 369. 
(5) If the Magistrate is informed that the person referred to in sub-section (2) is a person with intellectual 
disability, the Magistrate shall further determine whether the intellectual disability renders the accused 
incapable of entering defence, and if the accused is found so incapable, the Magistrate shall order closure 
of the inquiry and deal with the accused in the manner provided under section 369."
BNSS_2023_s368,BNSS_2023,BNSS_2023_CH_XXVI,368,Procedure in case of person of unsound mind tried before Court,"Procedure in case of person of unsound mind tried before Court.—(1) If at the trial of any 
person before a Magistrate or Court of Session, it appears to the Magistrate or Court that such person is of 
unsound mind and consequently incapable of making his defence, the Magistrate or Court shall, in the first 
instance, try the fact of such unsoundness of mind and incapacity, and if the Magistrate or Court, after 
considering such medical and other evidence as may be produced before him or it, is satisfied of the fact, 
he or it shall record a finding to that effect and shall postpone further proceedings in the case. 
(2) If during trial, the Magistrate or Court of Session finds the accused to be of unsound mind, he or it 
shall refer such person to a psychiatrist or clinical psychologist for care and treatment, and the psychiatrist 
or clinical psychologist, as the case may be, shall report to the Magistrate or Court whether the accused is 
suffering from unsoundness of mind: 
Provided that if the accused is aggrieved by the information given by the psychiatrist or clinical 
psychologist, as the case may be, to the Magistrate, he may prefer an appeal before the Medical Board 
which shall consist of— 
(a) head of psychiatry unit in the nearest Government hospital; and 
(b) a faculty member in psychiatry in the nearest Government medical college. 
(3) If the Magistrate or Court is informed that the person referred to in sub-section (2) is a person of 
unsound mind, the Magistrate or Court shall further determine whether the unsoundness of mind renders 
the accused incapable of entering defence and if the accused is found so incapable, the Magistrate or Court 
shall record a finding to that effect and shall examine the record of evidence produced by the prosecution 
and after hearing the advocate of the accused but without questioning the accused, if the Magistrate or Court 
finds that no prima facie case is made out against the accused, he or it shall, instead of postponing the trial, 
discharge the accused and deal with him in the manner provided under section 369: 
Provided that if the Magistrate or Court finds that a prima facie case is made out against the accused in 
respect of whom a finding of unsoundness of mind is arrived at, he shall postpone the trial for such period, 
as in the opinion of the psychiatrist or clinical psychologist, is required for the treatment of the accused. 
(4) If the Magistrate or Court finds that a prima facie case is made out against the accused and he is 
incapable of entering defence by reason of intellectual disability, he or it shall not hold the trial and order 
the accused to be dealt with in accordance with section 369."
BNSS_2023_s369,BNSS_2023,BNSS_2023_CH_XXVI,369,Release of person of unsound mind pending investigation or trial,"Release of person of unsound mind pending investigation or trial.—(1) Whenever a person if 
found under section 367 or section 368 to be incapable of entering defence by reason of unsoundness of 
mind or intellectual disability, the Magistrate or Court, as the case may be, shall, whether the case is one in 
which bail may be taken or not, order release of such person on bail: 
Provided that the accused is suffering from unsoundness of mind or intellectual disability which does 
not mandate in-patient treatment and a friend or relative undertakes to obtain regular out-patient psychiatric 
treatment from the nearest medical facility and to prevent from doing injury to himself or to any other 
(2) If the case is one in which, in the opinion of the Magistrate or Court, as the case may be, bail cannot 
be granted or if an appropriate undertaking is not given, he or it shall order the accused to be kept in such 
a place where regular psychiatric treatment can be provided, and shall report the action taken to the State 
Government: 
Provided that no order for the detention of the accused in a public mental health establishment shall be 
made otherwise than in accordance with such rules as the State Government may have made under the 
Mental Healthcare Act, 2017 (10 of 2017). 
(3) Whenever a person is found under section 367 or section 368 to be incapable of entering defence 
by reason of unsoundness of mind or intellectual disability, the Magistrate or Court, as the case may be, 
shall keeping in view the nature of the act committed and the extent of unsoundness of mind or intellectual 
disability, further determine if the release of the accused can be ordered: 
(a) if on the basis of medical opinion or opinion of a specialist, the Magistrate or Court, as the case 
may be, decide to order discharge of the accused, as provided under section 367 or section 368, such 
release may be ordered, if sufficient security is given that the accused shall be prevented from doing 
injury to himself or to any other person; 
(b) if the Magistrate or Court, as the case may be, is of the opinion that discharge of the accused 
cannot be ordered, the transfer of the accused to a residential facility for persons with unsoundness of 
mind or intellectual disability may be ordered wherein the accused may be provided care and 
appropriate education and training."
BNSS_2023_s370,BNSS_2023,BNSS_2023_CH_XXVI,370,Resumption of inquiry or trial,"Resumption of inquiry or trial.—(1) Whenever an inquiry or a trial is postponed under 
section 367 or section 368, the Magistrate or Court, as the case may be, may at any time after the person 
concerned has ceased to be of unsound mind, resume the inquiry or trial and require the accused to appear 
or be brought before such Magistrate or Court. 
(2) When the accused has been released under section 369, and the sureties for his appearance produce 
him to the officer whom the Magistrate or Court appoints in this behalf, the certificate of such officer that 
the accused is capable of making his defence shall be receivable in evidence."
BNSS_2023_s371,BNSS_2023,BNSS_2023_CH_XXVI,371,Procedure on accused appearing before Magistrate or Court,"Procedure on accused appearing before Magistrate or Court.—(1) If, when the accused 
appears or is again brought before the Magistrate or Court, as the case may be, the Magistrate or Court 
considers him capable of making his defence, the inquiry or trial shall proceed. 
(2) If the Magistrate or Court considers the accused to be still incapable of making his defence, the 
Magistrate or Court shall act according to the provisions of section 367 or section 368, as the case may be, 
and if the accused is found to be of unsound mind and consequently incapable of making his defence, shall 
deal with such accused in accordance with the provisions of section 369."
BNSS_2023_s372,BNSS_2023,BNSS_2023_CH_XXVI,372,When accused appears to have been of sound mind,"When accused appears to have been of sound mind.—When the accused appears to be of sound 
mind at the time of inquiry or trial, and the Magistrate is satisfied from the evidence given before him that 
there is reason to believe that the accused committed an act, which, if he had been of sound mind, would

have been an offence, and that he was, at the time when the act was committed, by reason of unsoundness 
of mind, incapable of knowing the nature of the act or that it was wrong or contrary to law, the Magistrate 
shall proceed with the case, and, if the accused ought to be tried by the Court of Session, commit him for 
trial before the Court of Session."
BNSS_2023_s373,BNSS_2023,BNSS_2023_CH_XXVI,373,Judgment of acquittal on ground of unsoundness of mind,"Judgment of acquittal on ground of unsoundness of mind.—Whenever any person is acquitted 
upon the ground that, at the time at which he is alleged to have committed an offence, he was, by reason of 
unsoundness of mind, incapable of knowing the nature of the act alleged as constituting the offence, or that 
it was wrong or contrary to law, the finding shall state specifically whether he committed the act or not."
BNSS_2023_s374,BNSS_2023,BNSS_2023_CH_XXVI,374,Person acquitted on ground of unsoundness of mind to be detained in safe custody,"Person acquitted on ground of unsoundness of mind to be detained in safe custody.—(1) 
Whenever the finding states that the accused person committed the act alleged, the Magistrate or Court 
before whom or which the trial has been held, shall, if such act would, but for the incapacity found, have 
constituted an offence,— 
(a) order such person to be detained in safe custody in such place and manner as the Magistrate or 
Court thinks fit; or 
(b) order such person to be delivered to any relative or friend of such person. 
(2) No order for the detention of the accused in a public mental health establishment shall be made 
under clause (a) of sub-section (1) otherwise than in accordance with such rules as the State Government 
may have made under the Mental Healthcare Act, 2017 (10 of 2017). 
(3) No order for the delivery of the accused to a relative or friend shall be made under clause (b) of subsection (1) except upon the application of such relative or friend and on his giving security to the satisfaction 
of the Magistrate or Court that the person delivered shall— 
(a) be properly taken care of and prevented from doing injury to himself or to any other person; 
(b) be produced for the inspection of such officer, and at such times and places, as the State 
Government may direct. 
(4) The Magistrate or Court shall report to the State Government the action taken under 
sub-section (1)."
BNSS_2023_s375,BNSS_2023,BNSS_2023_CH_XXVI,375,Power of State Government to empower officer in charge to discharge,"Power of State Government to empower officer in charge to discharge.—The State 
Government may empower the officer in charge of the jail in which a person is confined under the 
provisions of section 369 or section 374 to discharge all or any of the functions of the Inspector-General of 
Prisons under section 376 or section 377."
BNSS_2023_s376,BNSS_2023,BNSS_2023_CH_XXVI,376,Procedure where prisoner of unsound mind is reported capable of making his defence,"Procedure where prisoner of unsound mind is reported capable of making his defence.—If 
a person is detained under the provisions of sub-section (2) of section 369, and in the case of a person 
detained in a jail, the Inspector-General of Prisons, or, in the case of a person detained in a public mental 
health establishment, the Mental Health Review Board constituted under the Mental Healthcare Act, 2017 
(10 of 2017), shall certify that, in his or their opinion, such person is capable of making his defence, he 
shall be taken before the Magistrate or Court, as the case may be, at such time as the Magistrate or Court 
appoints, and the Magistrate or Court shall deal with such person under the provisions of section 371; and 
the certificate of such Inspector-General or visitors as aforesaid shall be receivable as evidence."
BNSS_2023_s377,BNSS_2023,BNSS_2023_CH_XXVI,377,Procedure where person of unsound mind detained is declared fit to be released,"Procedure where person of unsound mind detained is declared fit to be released.—(1) If a 
person is detained under the provisions of sub-section (2) of section 369, or section 374, and such InspectorGeneral or visitors shall certify that, in his or their judgment, he may be released without danger of his 
doing injury to himself or to any other person, the State Government may thereupon order him to be 
released, or to be detained in custody, or to be transferred to a public mental health establishment if he has 
not been already sent to such establishment; and, in case it orders him to be transferred to a public mental 
health establishment, may appoint a Commission, consisting of a Judicial and two medical officers.

(2) Such Commission shall make a formal inquiry into the state of mind of such person, take such 
evidence as is necessary, and shall report to the State Government, which may order his release or detention 
as it thinks fit."
BNSS_2023_s378,BNSS_2023,BNSS_2023_CH_XXVI,378,Delivery of person of unsound mind to care of relative or friend,"Delivery of person of unsound mind to care of relative or friend.—(1) Whenever any relative 
or friend of any person detained under the provisions of section 369 or section 374 desires that he shall be 
delivered to his care and custody, the State Government may, upon the application of such relative or friend 
and on his giving security to the satisfaction of such State Government, that the person delivered shall— 
(a) be properly taken care of and prevented from doing injury to himself or to any other person; 
(b) be produced for the inspection of such officer, and at such times and places, as the State 
Government may direct; 
(c) in the case of a person detained under sub-section (2) of section 369, be produced when required 
before such Magistrate or Court, 
order such person to be delivered to such relative or friend. 
(2) If the person so delivered is accused of any offence, the trial of which has been postponed by reason 
of his being of unsound mind and incapable of making his defence, and the inspecting officer referred to in 
clause (b) of sub-section (1), certifies at any time to the Magistrate or Court that such person is capable of 
making his defence, such Magistrate or Court shall call upon the relative or friend to whom such accused 
was delivered to produce him before the Magistrate or Court; and, upon such production the Magistrate or 
Court shall proceed in accordance with the provisions of section 371, and the certificate of the inspecting 
officer shall be receivable as evidence. 
CHAPTER XXVIII 
PROVISIONS AS TO OFFENCES AFFECTING THE ADMINISTRATION OF JUSTICE"
BNSS_2023_s379,BNSS_2023,BNSS_2023_CH_XXVIII,379,Procedure in cases mentioned in section 215,"Procedure in cases mentioned in section 215.—(1) When, upon an application made to it in this 
behalf or otherwise, any Court is of opinion that it is expedient in the interests of justice that an inquiry 
should be made into any offence referred to in clause (b) of sub-section (1) of section 215, which appears 
to have been committed in or in relation to a proceeding in that Court or, as the case may be, in respect of 
a document produced or given in evidence in a proceeding in that Court, such Court may, after such 
preliminary inquiry, if any, as it thinks necessary,— 
(a) record a finding to that effect; 
(b) make a complaint thereof in writing; 
(c) send it to a Magistrate of the first class having jurisdiction; 
(d) take sufficient security for the appearance of the accused before such Magistrate, or if the 
alleged offence is non-bailable and the Court thinks it necessary so to do, send the accused in custody 
to such Magistrate; and 
(e) bind over any person to appear and give evidence before such Magistrate. 
(2) The power conferred on a Court by sub-section (1) in respect of an offence may, in any case where 
that Court has neither made a complaint under sub-section (1) in respect of that offence nor rejected an 
application for the making of such complaint, be exercised by the Court to which such former Court is 
subordinate within the meaning of sub-section (4) of section 215. 
(3) A complaint made under this section shall be signed,— 
(a) where the Court making the complaint is a High Court, by such officer of the Court as the Court 
may appoint;

(b) in any other case, by the presiding officer of the Court or by such officer of the Court as the 
Court may authorise in writing in this behalf. 
(4) In this section, “Court” has the same meaning as in section 215."
BNSS_2023_s380,BNSS_2023,BNSS_2023_CH_XXVIII,380,Appeal,"Appeal.—(1) Any person on whose application any Court other than a High Court has refused to 
make a complaint under sub-section (1) or sub-section (2) of section 379, or against whom such a complaint 
has been made by such Court, may appeal to the Court to which such former Court is subordinate within 
the meaning of sub-section (4) of section 215, and the superior Court may thereupon, after notice to the 
parties concerned, direct the withdrawal of the complaint, or, as the case may be, making of the complaint 
which such former Court might have made under section 379, and, if it makes such complaint, the 
provisions of that section shall apply accordingly. 
(2) An order under this section, and subject to any such order, an order under section 379, shall be final, 
and shall not be subject to revision."
BNSS_2023_s381,BNSS_2023,BNSS_2023_CH_XXVIII,381,Power to order costs,"Power to order costs.—Any Court dealing with an application made to it for filing a complaint 
under section 379 or an appeal under section 380, shall have power to make such order as to costs as may 
be just."
BNSS_2023_s382,BNSS_2023,BNSS_2023_CH_XXVIII,382,Procedure of Magistrate taking cognizance,"Procedure of Magistrate taking cognizance.—(1) A Magistrate to whom a complaint is made 
under section 379 or section 380 shall, notwithstanding anything contained in Chapter XVI, proceed, as far 
as may be, to deal with the case as if it were instituted on a police report. 
(2) Where it is brought to the notice of such Magistrate, or of any other Magistrate to whom the case 
may have been transferred, that an appeal is pending against the decision arrived at in the judicial 
proceeding out of which the matter has arisen, he may, if he thinks fit, at any stage, adjourn the hearing of 
the case until such appeal is decided."
BNSS_2023_s383,BNSS_2023,BNSS_2023_CH_XXVIII,383,Summary procedure for trial for giving false evidence,"Summary procedure for trial for giving false evidence.—(1) If, at the time of delivery of any 
judgment or final order disposing of any judicial proceeding, a Court of Session or Magistrate of the first 
class expresses an opinion to the effect that any witness appearing in such proceeding had knowingly or 
wilfully given false evidence or had fabricated false evidence with the intention that such evidence should 
be used in such proceeding, it or he may, if satisfied that it is necessary and expedient in the interest of 
justice that the witness should be tried summarily for giving or fabricating, as the case may be, false 
evidence, take cognizance of the offence and may, after giving the offender a reasonable opportunity of 
showing cause why he should not be punished for such offence, try such offender summarily and sentence 
him to imprisonment for a term which may extend to three months, or to fine which may extend to one 
thousand rupees, or with both. 
(2) In every such case the Court shall follow, as nearly as may be practicable, the procedure prescribed 
for summary trials. 
(3) Nothing in this section shall affect the power of the Court to make a complaint under section 379 
for the offence, where it does not choose to proceed under this section. 
(4) Where, after any action is initiated under sub-section (1), it is made to appear to the Court of Session 
or Magistrate of the first class that an appeal or an application for revision has been preferred or filed against 
the judgment or order in which the opinion referred to in that sub-section has been expressed, it or he shall 
stay further proceedings of the trial until the disposal of the appeal or the application for revision, as the 
case may be, and thereupon the further proceedings of the trial shall abide by the results of the appeal or 
application for revision."
BNSS_2023_s384,BNSS_2023,BNSS_2023_CH_XXVIII,384,Procedure in certain cases of contempt,"Procedure in certain cases of contempt.—(1) When any such offence as is described 
in section 210, section 213, section 214, section 215 or section 267 of the Bharatiya Nyaya 
Sanhita, 2023 (45 of 2023) is committed in the view or presence of any Civil, Criminal, or Revenue Court, 
the Court may cause the offender to be detained in custody, and may, at any time before the rising of the

(2) The provisions of sub-section (1) shall also apply to criminal conspiracies to commit such offences 
and to the abetment of such offences and attempts to commit them. 
(3) If such conviction is set aside on appeal or otherwise, such order shall become void. 
(4) An order under this section may also be made by an Appellate Court or by the High Court or Court 
of Session when exercising its powers of revision. 
(5) The State Government may, by notification, make rules to carry out the provisions of this section 
relating to the notification of residence or change of, or absence from, residence by released convicts. 
(6) Such rules may provide for punishment for the breach thereof and any person charged with a breach 
of any such rule may be tried by a Magistrate of competent jurisdiction in the district in which the place 
last notified by him as his place of residence is situated."
BNSS_2023_s395,BNSS_2023,BNSS_2023_CH_XXVIII,395,Order to pay compensation,"Order to pay compensation.—(1) When a Court imposes a sentence of fine or a sentence 
(including a sentence of death) of which fine forms a part, the Court may, when passing judgment, order 
the whole or any part of the fine recovered to be applied— 
(a) in defraying the expenses properly incurred in the prosecution; 
(b) in the payment to any person of compensation for any loss or injury caused by the offence, 
when compensation is, in the opinion of the Court, recoverable by such person in a Civil Court; 
(c) when any person is convicted of any offence for having caused the death of another person or 
of having abetted the commission of such an offence, in paying compensation to the persons who are, 
under the Fatal Accidents Act, 1855 (13 of 1855), entitled to recover damages from the person 
sentenced for the loss resulting to them from such death; 
(d) when any person is convicted of any offence which includes theft, criminal misappropriation, 
criminal breach of trust, or cheating, or of having dishonestly received or retained, or of having 
voluntarily assisted in disposing of, stolen property knowing or having reason to believe the same to be 
stolen, in compensating any bona fide purchaser of such property for the loss of the same if such 
property is restored to the possession of the person entitled thereto. 
(2) If the fine is imposed in a case which is subject to appeal, no such payment shall be made before 
the period allowed for presenting the appeal has elapsed, or, if an appeal be presented, before the decision 
of the appeal. 
(3) When a Court imposes a sentence, of which fine does not form a part, the Court may, when passing 
judgment, order the accused person to pay, by way of compensation, such amount as may be specified in 
the order to the person who has suffered any loss or injury by reason of the act for which the accused person 
has been so sentenced. 
(4) An order under this section may also be made by an Appellate Court or by the High Court or Court 
of Session when exercising its powers of revision. 
(5) At the time of awarding compensation in any subsequent civil suit relating to the same matter, the 
Court shall take into account any sum paid or recovered as compensation under this section."
BNSS_2023_s396,BNSS_2023,BNSS_2023_CH_XXVIII,396,Victim compensation scheme,"Victim compensation scheme.—(1) Every State Government in co-ordination with the Central 
Government shall prepare a scheme for providing funds for the purpose of compensation to the victim or 
his dependents who have suffered loss or injury as a result of the crime and who require rehabilitation. 
(2) Whenever a recommendation is made by the Court for compensation, the District Legal Service 
Authority or the State Legal Service Authority, as the case may be, shall decide the quantum of 
compensation to be awarded under the scheme referred to in sub-section (1).

(10) Nothing in this section shall affect the provisions of the Probation of Offenders Act, 1958 
(20 of 1958), or the Juvenile Justice (Care and Protection of Children) Act, 2015 (2 of 2016) or any other 
law for the time being in force for the treatment, training or rehabilitation of youthful offenders."
BNSS_2023_s402,BNSS_2023,BNSS_2023_CH_XXVIII,402,Special reasons to be recorded in certain cases,"Special reasons to be recorded in certain cases.—Where in any case the Court could have dealt 
with,— 
(a) an accused person under section 401 or under the provisions of the Probation of Offenders Act, 
1958 (20 of 1958); or 
(b) a youthful offender under the Juvenile Justice (Care and Protection of Children) Act, 2015 
(2 of 2016) or any other law for the time being in force for the treatment, training or rehabilitation of 
youthful offenders, 
but has not done so, it shall record in its judgment the special reasons for not having done so."
BNSS_2023_s403,BNSS_2023,BNSS_2023_CH_XXVIII,403,Court not to alter judgment,"Court not to alter judgment.—Save as otherwise provided by this Sanhita or by any other law 
for the time being in force, no Court, when it has signed its judgment or final order disposing of a case, 
shall alter or review the same except to correct a clerical or arithmetical error."
BNSS_2023_s404,BNSS_2023,BNSS_2023_CH_XXVIII,404,Copy of judgment to be given to accused and other persons,"Copy of judgment to be given to accused and other persons.—(1) When the accused is 
sentenced to imprisonment, a copy of the judgment shall, immediately after the pronouncement of the 
judgment, be given to him free of cost. 
(2) On the application of the accused, a certified copy of the judgment, or when he so desires, a 
translation in his own language if practicable or in the language of the Court, shall be given to him without 
delay, and such copy shall, in every case where the judgment is appealable by the accused, be given free of 
cost: 
Provided that where a sentence of death is passed or confirmed by the High Court, a certified copy of 
the judgment shall be immediately given to the accused free of cost whether or not he applies for the same. 
(3) The provisions of sub-section (2) shall apply in relation to an order under section 136 as they apply 
in relation to a judgment which is appealable by the accused. 
(4) When the accused is sentenced to death by any Court and an appeal lies from such judgment as of 
right, the Court shall inform him of the period within which, if he wishes to appeal, his appeal should be 
preferred. 
(5) Save as otherwise provided in sub-section (2), any person affected by a judgment or order passed 
by a Criminal Court shall, on an application made in this behalf and on payment of the prescribed charges, 
be given a copy of such judgment or order or of any deposition or other part of the record: 
Provided that the Court may, if it thinks fit for some special reason, give it to him free of cost: 
Provided further that the Court may, on an application made in this behalf by the Prosecuting Officer, 
provide to the Government, free of cost, a certified copy of such judgment, order, deposition or record. 
(6) The High Court may, by rules, provide for the grant of copies of any judgment or order of a Criminal 
Court to any person who is not affected by a judgment or order, on payment, by such person, of such fees, 
and subject to such conditions, as the High Court may, by such rules, provide."
BNSS_2023_s405,BNSS_2023,BNSS_2023_CH_XXVIII,405,Judgment when to be translated,"Judgment when to be translated.—The original judgment shall be filed with the record of the 
proceedings and where the original is recorded in a language different from that of the Court, and if either 
party so requires, a translation thereof into the language of the Court shall be added to such record."
BNSS_2023_s406,BNSS_2023,BNSS_2023_CH_XXVIII,406,Court of Session to send copy of finding and sentence to District Magistrate,"Court of Session to send copy of finding and sentence to District Magistrate.—In cases tried 
by the Court of Session or a Chief Judicial Magistrate, the Court or such Magistrate, as the case may be, 
shall forward a copy of its or his finding and sentence (if any) to the District Magistrate within whose local 
jurisdiction the trial was held. 
CHAPTER XXX 
SUBMISSION OF DEATH SENTENCES FOR CONFIRMATION"
BNSS_2023_s407,BNSS_2023,BNSS_2023_CH_XXX,407,Sentence of death to be submitted by Court of Session for confirmation,"Sentence of death to be submitted by Court of Session for confirmation.—(1) When the Court 
of Session passes a sentence of death, the proceedings shall forthwith be submitted to the High Court, and 
the sentence shall not be executed unless it is confirmed by the High Court. 
(2) The Court passing the sentence shall commit the convicted person to jail custody under a warrant."
BNSS_2023_s408,BNSS_2023,BNSS_2023_CH_XXX,408,Power to direct further inquiry to be made or additional evidence to be taken,"Power to direct further inquiry to be made or additional evidence to be taken.—(1) If, when 
such proceedings are submitted, the High Court thinks that a further inquiry should be made into, or 
additional evidence taken upon, any point bearing upon the guilt or innocence of the convicted person, it 
may make such inquiry or take such evidence itself, or direct it to be made or taken by the Court of Session. 
(2) Unless the High Court otherwise directs, the presence of the convicted person may be dispensed 
with when such inquiry is made or such evidence is taken. 
(3) When the inquiry or evidence (if any) is not made or taken by the High Court, the result of such 
inquiry or evidence shall be certified to such Court."
BNSS_2023_s409,BNSS_2023,BNSS_2023_CH_XXX,409,Power of High Court to confirm sentence or annul conviction,"Power of High Court to confirm sentence or annul conviction.—In any case submitted under 
section 407, the High Court— 
(a) may confirm the sentence, or pass any other sentence warranted by law; or 
(b) may annul the conviction, and convict the accused of any offence of which the Court of Session 
might have convicted him, or order a new trial on the same or an amended charge; or 
(c) may acquit the accused person: 
Provided that no order of confirmation shall be made under this section until the period allowed for 
preferring an appeal has expired, or, if an appeal is presented within such period, until such appeal is 
disposed of."
BNSS_2023_s410,BNSS_2023,BNSS_2023_CH_XXX,410,Confirmation or new sentence to be signed by two Judges,"Confirmation or new sentence to be signed by two Judges.—In every case so submitted, the 
confirmation of the sentence, or any new sentence or order passed by the High Court, shall, when such 
Court consists of two or more Judges, be made, passed and signed by at least two of them."
BNSS_2023_s411,BNSS_2023,BNSS_2023_CH_XXX,411,Procedure in case of difference of opinion,"Procedure in case of difference of opinion.—Where any such case is heard before a Bench of 
Judges and such Judges are equally divided in opinion, the case shall be decided in the manner provided by 
section 433."
BNSS_2023_s412,BNSS_2023,BNSS_2023_CH_XXX,412,Procedure in cases submitted to High Court for confirmation,"Procedure in cases submitted to High Court for confirmation.—In cases submitted by the 
Court of Session to the High Court for the confirmation of a sentence of death, the proper officer of the 
High Court shall, without delay, after the order of confirmation or other order has been made by the High 
Court, send either physically, or through electronic means, a copy of the order, under the seal of the High 
Court and attested with his official signature, to the Court of Session. 
CHAPTER XXXI 
APPEALS"
BNSS_2023_s413,BNSS_2023,BNSS_2023_CH_XXXI,413,No appeal to lie unless otherwise provided,"No appeal to lie unless otherwise provided.—No appeal shall lie from any judgment or order of 
a Criminal Court except as provided for by this Sanhita or by any other law for the time being in force:

Provided that the victim shall have a right to prefer an appeal against any order passed by the Court 
acquitting the accused or convicting for a lesser offence or imposing inadequate compensation, and such 
appeal shall lie to the Court to which an appeal ordinarily lies against the order of conviction of such Court."
BNSS_2023_s414,BNSS_2023,BNSS_2023_CH_XXXI,414,Appeal from orders requiring security or refusal to accept or rejecting surety for keeping,"Appeal from orders requiring security or refusal to accept or rejecting surety for keeping 
peace or good behavior.—Any person, — 
(i) who has been ordered under section 136 to give security for keeping the peace or for good 
behaviour; or 
(ii) who is aggrieved by any order refusing to accept or rejecting a surety under section 140, 
may appeal against such order to the Court of Session: 
Provided that nothing in this section shall apply to persons the proceedings against whom are laid before 
a Sessions Judge in accordance with the provisions of sub-section (2) or sub-section (4) of section 141."
BNSS_2023_s415,BNSS_2023,BNSS_2023_CH_XXXI,415,Appeals from convictions,"Appeals from convictions.—(1) Any person convicted on a trial held by a High Court in its 
extraordinary original criminal jurisdiction may appeal to the Supreme Court. 
(2) Any person convicted on a trial held by a Sessions Judge or an Additional Sessions Judge or on a 
trial held by any other Court in which a sentence of imprisonment for more than seven years has been 
passed against him or against any other person convicted at the same trial, may appeal to the High Court. 
(3) Save as otherwise provided in sub-section (2), any person,-(a) convicted on a trial held by Magistrate of the first class, or of the second class; or 
(b) sentenced under section 364; or 
(c) in respect of whom an order has been made or a sentence has been passed under section 401 by 
any Magistrate, 
may appeal to the Court of Session. 
(4) When an appeal has been filed against a sentence passed under section 64, section 65, 
section 66, section 67, section 68, section 70 or section 71 of the Bharatiya Nyaya Sanhita, 2023, the appeal 
shall be disposed of within a period of six months from the date of filing of such appeal."
BNSS_2023_s416,BNSS_2023,BNSS_2023_CH_XXXI,416,No appeal in certain cases when accused pleads guilty,"No appeal in certain cases when accused pleads guilty.—Notwithstanding anything in section 
415, where an accused person has pleaded guilty and has been convicted on such plea, there shall be no 
appeal,— 
(i) if the conviction is by a High Court; or 
(ii) if the conviction is by a Court of Session or Magistrate of the first or second class, except as to 
the extent or legality of the sentence."
BNSS_2023_s417,BNSS_2023,BNSS_2023_CH_XXXI,417,No appeal in petty cases,"No appeal in petty cases.—Notwithstanding anything in section 415, there shall be no appeal by 
a convicted person in any of the following cases, namely: — 
(a) where a High Court passes only a sentence of imprisonment for a term not exceeding three 
months or of fine not exceeding one thousand rupees, or of both such imprisonment and fine; 
(b) where a Court of Session passes only a sentence of imprisonment for a term not exceeding three 
months or of fine not exceeding two hundred rupees, or of both such imprisonment and fine; 
(c) where a Magistrate of the first class passes only a sentence of fine not exceeding one hundred 
rupees; or 
(d) where, in a case tried summarily, a Magistrate empowered to act under section 283 passes only 
a sentence of fine not exceeding two hundred rupees:

(3) No appeal to the High Court under sub-section (1) or sub-section (2) shall be entertained except 
with the leave of the High Court. 
(4) If such an order of acquittal is passed in any case instituted upon complaint and the High Court, on 
an application made to it by the complainant in this behalf, grants special leave to appeal from the order of 
acquittal, the complainant may present such an appeal to the High Court. 
(5) No application under sub-section (4) for the grant of special leave to appeal from an order of 
acquittal shall be entertained by the High Court after the expiry of six months, where the complainant is a 
public servant, and sixty days in every other case, computed from the date of that order of acquittal. 
(6) If, in any case, the application under sub-section (4) for the grant of special leave to appeal from an 
order of acquittal is refused, no appeal from that order of acquittal shall lie under sub-section (1) or under 
sub-section (2)."
BNSS_2023_s420,BNSS_2023,BNSS_2023_CH_XXXI,420,Appeal against conviction by High Court in certain cases,"Appeal against conviction by High Court in certain cases.—Where the High Court has, on 
appeal, reversed an order of acquittal of an accused person and convicted him and sentenced him to death 
or to imprisonment for life or to imprisonment for a term of ten years or more, he may appeal to the Supreme"
BNSS_2023_s421,BNSS_2023,BNSS_2023_CH_XXXI,421,Special right of appeal in certain cases,"Special right of appeal in certain cases.—Notwithstanding anything in this Chapter, when more 
persons than one are convicted in one trial, and an appealable judgment or order has been passed in respect 
of any of such persons, all or any of the persons convicted at such trial shall have a right of appeal."
BNSS_2023_s422,BNSS_2023,BNSS_2023_CH_XXXI,422,Appeal to Court of Session how heard,"Appeal to Court of Session how heard.—(1) Subject to the provisions of sub-section (2), an 
appeal to the Court of Session or Sessions Judge shall be heard by the Sessions Judge or by an Additional 
Sessions Judge: 
Provided that an appeal against a conviction on a trial held by a Magistrate of the second class may be 
heard and disposed of by the Chief Judicial Magistrate. 
(2) An Additional Sessions Judge or a Chief Judicial Magistrate shall hear only such appeals as the 
Sessions Judge of the division may, by general or special order, make over to him or as the High Court 
may, by special order, direct him to hear."
BNSS_2023_s423,BNSS_2023,BNSS_2023_CH_XXXI,423,Petition of appeal,"Petition of appeal.—Every appeal shall be made in the form of a petition in writing presented by 
the appellant or his advocate, and every such petition shall (unless the Court to which it is presented 
otherwise directs) be accompanied by a copy of the judgment or order appealed against."
BNSS_2023_s424,BNSS_2023,BNSS_2023_CH_XXXI,424,Procedure when appellant in jail,"Procedure when appellant in jail.—If the appellant is in jail, he may present his petition of 
appeal and the copies accompanying the same to the officer in charge of the jail, who shall thereupon 
forward such petition and copies to the proper Appellate Court."
BNSS_2023_s425,BNSS_2023,BNSS_2023_CH_XXXI,425,Summary dismissal of appeal,"Summary dismissal of appeal.—(1) If upon examining the petition of appeal and copy of the 
judgment received under section 423 or section 424, the Appellate Court considers that there is no sufficient 
ground for interfering, it may dismiss the appeal summarily: 
(a) no appeal presented under section 423 shall be dismissed unless the appellant or his advocate 
has had a reasonable opportunity of being heard in support of the same; 
(b) no appeal presented under section 424 shall be dismissed except after giving the appellant a 
reasonable opportunity of being heard in support of the same, unless the Appellate Court considers that 
the appeal is frivolous or that the production of the accused in custody before the Court would involve 
such inconvenience as would be disproportionate in the circumstances of the case; 
(c) no appeal presented under section 424 shall be dismissed summarily until the period allowed 
for preferring such appeal has expired.

(2) Before dismissing an appeal under this section, the Court may call for the record of the case. 
(3) Where the Appellate Court dismissing an appeal under this section is a Court of Session or of the 
Chief Judicial Magistrate, it shall record its reasons for doing so. 
(4) Where an appeal presented under section 424 has been dismissed summarily under this section and 
the Appellate Court finds that another petition of appeal duly presented under section 423 on behalf of the 
same appellant has not been considered by it, that Court may, notwithstanding anything contained in section 
434, if satisfied that it is necessary in the interests of justice so to do, hear and dispose of such appeal in 
accordance with law."
BNSS_2023_s426,BNSS_2023,BNSS_2023_CH_XXXI,426,Procedure for hearing appeals not dismissed summarily,"Procedure for hearing appeals not dismissed summarily.—(1) If the Appellate Court does not 
dismiss the appeal summarily, it shall cause notice of the time and place at which such appeal will be heard 
to be given— 
(i) to the appellant or his advocate; 
(ii) to such officer as the State Government may appoint in this behalf; 
(iii) if the appeal is from a judgment of conviction in a case instituted upon complaint, to the 
complainant; 
(iv) if the appeal is under section 418 or section 419, to the accused, and shall also furnish such 
officer, complainant and accused with a copy of the grounds of appeal. 
(2) The Appellate Court shall then send for the record of the case, if such record is not already available 
in that Court, and hear the parties: 
Provided that if the appeal is only as to the extent or the legality of the sentence, the Court may dispose 
of the appeal without sending for the record. 
(3) Where the only ground for appeal from a conviction is the alleged severity of the sentence, the 
appellant shall not, except with the leave of the Court, urge or be heard in support of any other ground."
BNSS_2023_s427,BNSS_2023,BNSS_2023_CH_XXXI,427,Powers of Appellate Court,"Powers of Appellate Court.—After perusing such record and hearing the appellant or his 
advocate, if he appears, and the Public Prosecutor if he appears, and in case of an appeal under section 418 
or section 419, the accused, if he appears, the Appellate Court may, if it considers that there is no sufficient 
ground for interfering, dismiss the appeal, or may— 
(a) in an appeal from an order of acquittal, reverse such order and direct that further inquiry be 
made, or that the accused be re-tried or committed for trial, as the case may be, or find him guilty and 
pass sentence on him according to law; 
(b) in an appeal from a conviction— 
(i) reverse the finding and sentence and acquit or discharge the accused, or order him to be 
re-tried by a Court of competent jurisdiction subordinate to such Appellate Court or committed for 
trial; or 
(ii) alter the finding, maintaining the sentence; or 
(iii) with or without altering the finding, alter the nature or the extent, or the nature and extent, 
of the sentence, but not so as to enhance the same; 
(c) in an appeal for enhancement of sentence— 
(i) reverse the finding and sentence and acquit or discharge the accused or order him to be 
re-tried by a Court competent to try the offence; or 
(ii) alter the finding maintaining the sentence; or

(iii) with or without altering the finding, alter the nature or the extent, or, the nature and extent, 
of the sentence, so as to enhance or reduce the same; 
(d) in an appeal from any other order, alter or reverse such order; 
(e) make any amendment or any consequential or incidental order that may be just or proper: 
Provided that the sentence shall not be enhanced unless the accused has had an opportunity of showing 
cause against such enhancement: 
Provided further that the Appellate Court shall not inflict greater punishment for the offence which in 
its opinion the accused has committed, than might have been inflicted for that offence by the Court passing 
the order or sentence under appeal."
BNSS_2023_s428,BNSS_2023,BNSS_2023_CH_XXXI,428,Judgments of subordinate Appellate Court,"Judgments of subordinate Appellate Court.—The rules contained in Chapter XXIX as to the 
judgment of a Criminal Court of original jurisdiction shall apply, so far as may be practicable, to the 
judgment in appeal of a Court of Session or Chief Judicial Magistrate: 
Provided that, unless the Appellate Court otherwise directs, the accused shall not be brought up, or 
required to attend, to hear judgment delivered."
BNSS_2023_s429,BNSS_2023,BNSS_2023_CH_XXXI,429,Order of High Court on appeal to be certified to lower Court,"Order of High Court on appeal to be certified to lower Court.—(1) Whenever a case is decided 
on appeal by the High Court under this Chapter, it shall certify its judgment or order to the Court by which 
the finding, sentence or order appealed against was recorded or passed and if such Court is that of a Judicial 
Magistrate other than the Chief Judicial Magistrate, the High Court's judgment or order shall be sent through 
the Chief Judicial Magistrate, and if such Court is that of an Executive Magistrate, the High Court's 
judgment or order shall be sent through the District Magistrate. 
(2) The Court to which the High Court certifies its judgment or order shall thereupon make such orders 
as are conformable to the judgment or order of the High Court; and if necessary, the record shall be amended 
in accordance therewith."
BNSS_2023_s430,BNSS_2023,BNSS_2023_CH_XXXI,430,Suspension of sentence pending appeal; release of appellant on bail,"Suspension of sentence pending appeal; release of appellant on bail.—(1) Pending any appeal 
by a convicted person, the Appellate Court may, for reasons to be recorded by it in writing, order that the 
execution of the sentence or order appealed against be suspended and, also, if he is in confinement, that he 
be released on bail, or on his own bond or bail bond: 
Provided that the Appellate Court shall, before releasing on his own bond or bail bond a convicted 
person who is convicted of an offence punishable with death or imprisonment for life or imprisonment for 
a term of not less than ten years, shall give opportunity to the Public Prosecutor for showing cause in writing 
against such release: 
Provided further that in cases where a convicted person is released on bail it shall be open to the Public 
Prosecutor to file an application for the cancellation of the bail. 
(2) The power conferred by this section on an Appellate Court may be exercised also by the High Court 
in the case of an appeal by a convicted person to a Court subordinate thereto. 
(3) Where the convicted person satisfies the Court by which he is convicted that he intends to present 
an appeal, the Court shall,— 
(i) where such person, being on bail, is sentenced to imprisonment for a term not exceeding three 
years; or 
(ii) where the offence of which such person has been convicted is a bailable one, and he is on bail, 
order that the convicted person be released on bail, unless there are special reasons for refusing bail, for 
such period as will afford sufficient time to present the appeal and obtain the orders of the Appellate Court

under sub-section (1); and the sentence of imprisonment shall, so long as he is so released on bail, be 
deemed to be suspended. 
(4) When the appellant is ultimately sentenced to imprisonment for a term or to imprisonment for life, 
the time during which he is so released shall be excluded in computing the term for which he is so sentenced."
BNSS_2023_s431,BNSS_2023,BNSS_2023_CH_XXXI,431,Arrest of accused in appeal from acquittal,"Arrest of accused in appeal from acquittal.—When an appeal is presented under section 419, 
the High Court may issue a warrant directing that the accused be arrested and brought before it or any 
subordinate Court, and the Court before which he is brought may commit him to prison pending the disposal 
of the appeal or admit him to bail."
BNSS_2023_s432,BNSS_2023,BNSS_2023_CH_XXXI,432,Appellate Court may take further evidence or direct it to be taken,"Appellate Court may take further evidence or direct it to be taken.—(1) In dealing with any 
appeal under this Chapter, the Appellate Court, if it thinks additional evidence to be necessary, shall record 
its reasons and may either take such evidence itself, or direct it to be taken by a Magistrate or, when the 
Appellate Court is a High Court, by a Court of Session or a Magistrate. 
(2) When the additional evidence is taken by the Court of Session or the Magistrate, it or he shall certify 
such evidence to the Appellate Court, and such Court shall thereupon proceed to dispose of the appeal. 
(3) The accused or his advocate shall have the right to be present when the additional evidence is taken. 
(4) The taking of evidence under this section shall be subject to the provisions of Chapter XXV, as if it 
were an inquiry."
BNSS_2023_s433,BNSS_2023,BNSS_2023_CH_XXXI,433,Procedure where Judges of Court of appeal are equally divided,"Procedure where Judges of Court of appeal are equally divided.—When an appeal under this 
Chapter is heard by a High Court before a Bench of Judges and they are divided in opinion, the appeal, with 
their opinions, shall be laid before another Judge of that Court, and that Judge, after such hearing as he 
thinks fit, shall deliver his opinion, and the judgment or order shall follow that opinion: 
Provided that if one of the Judges constituting the Bench, or, where the appeal is laid before another 
Judge under this section, that Judge, so requires, the appeal shall be re-heard and decided by a larger Bench 
of Judges."
BNSS_2023_s434,BNSS_2023,BNSS_2023_CH_XXXI,434,Finality of judgments and orders on appeal,"Finality of judgments and orders on appeal.—Judgments and orders passed by an Appellate 
Court upon an appeal shall be final, except in the cases provided for in section 418, section 419, 
sub-section (4) of section 425 or Chapter XXXII: 
Provided that notwithstanding the final disposal of an appeal against conviction in any case, the 
Appellate Court may hear and dispose of, on the merits,— 
(a) an appeal against acquittal under section 419, arising out of the same case; or 
(b) an appeal for the enhancement of sentence under section 418, arising out of the same case."
BNSS_2023_s435,BNSS_2023,BNSS_2023_CH_XXXI,435,Abatement of appeals,"Abatement of appeals.—(1) Every appeal under section 418 or section 419 shall finally abate on 
the death of the accused. 
(2) Every other appeal under this Chapter (except an appeal from a sentence of fine) shall finally abate 
on the death of the appellant: 
Provided that where the appeal is against a conviction and sentence of death or of imprisonment, and 
the appellant dies during the pendency of the appeal, any of his near relatives may, within thirty days of the 
death of the appellant, apply to the Appellate Court for leave to continue the appeal; and if leave is granted, 
the appeal shall not abate. 
Explanation.—In this section, “near relative” means a parent, spouse, lineal descendant, brother or 
sister.

CHAPTER XXXII 
REFERENCE AND REVISION"
BNSS_2023_s436,BNSS_2023,BNSS_2023_CH_XXXII,436,Reference to High Court,"Reference to High Court.—(1) Where any Court is satisfied that a case pending before it involves 
a question as to the validity of any Act, Ordinance or Regulation or of any provision contained in an Act, 
Ordinance or Regulation, the determination of which is necessary for the disposal of the case, and is of 
opinion that such Act, Ordinance, Regulation or provision is invalid or inoperative, but has not been so 
declared by the High Court to which that Court is subordinate or by the Supreme Court, the Court shall 
state a case setting out its opinion and the reasons therefor, and refer the same for the decision of the High 
Explanation.—In this section, “Regulation” means any Regulation as defined in the General Clauses 
Act, 1897 (10 of 1897), or in the General Clauses Act of a State. 
(2) A Court of Session may, if it thinks fit in any case pending before it to which the provisions of subsection (1) do not apply, refer for the decision of the High Court any question of law arising in the hearing 
of such case. 
(3) Any Court making a reference to the High Court under sub-section (1) or sub-section (2) may, 
pending the decision of the High Court thereon, either commit the accused to jail or release him on bail to 
appear when called upon."
BNSS_2023_s437,BNSS_2023,BNSS_2023_CH_XXXII,437,Disposal of case according to decision of High Court,"Disposal of case according to decision of High Court.—(1) When a question has been so 
referred, the High Court shall pass such order thereon as it thinks fit, and shall cause a copy of such order 
to be sent to the Court by which the reference was made, which shall dispose of the case conformably to 
the said order. 
(2) The High Court may direct by whom the costs of such reference shall be paid."
BNSS_2023_s438,BNSS_2023,BNSS_2023_CH_XXXII,438,Calling for records to exercise powers of revision,"Calling for records to exercise powers of revision.—(1) The High Court or any Sessions Judge 
may call for and examine the record of any proceeding before any inferior Criminal Court situate within its 
or his local jurisdiction for the purpose of satisfying itself or himself as to the correctness, legality or 
propriety of any finding, sentence or order, recorded or passed, and as to the regularity of any proceedings 
of such inferior Court, and may, when calling, for such record, direct that the execution of any sentence or 
order be suspended, and if the accused is in confinement that he be released on his own bond or bail bond 
pending the examination of the record. 
Explanation.—All Magistrates, whether Executive or Judicial, and whether exercising original or 
appellate jurisdiction, shall be deemed to be inferior to the Sessions Judge for the purposes of this subsection and of section 439. 
(2) The powers of revision conferred by sub-section (1) shall not be exercised in relation to any 
interlocutory order passed in any appeal, inquiry, trial or other proceeding. 
(3) If an application under this section has been made by any person either to the High Court or to the 
Sessions Judge, no further application by the same person shall be entertained by the other of them."
BNSS_2023_s439,BNSS_2023,BNSS_2023_CH_XXXII,439,Power to order inquiry,"Power to order inquiry.—On examining any record under section 438 or otherwise, the High 
Court or the Sessions Judge may direct the Chief Judicial Magistrate by himself or by any of the Magistrates 
subordinate to him to make, and the Chief Judicial Magistrate may himself make or direct any subordinate 
Magistrate to make, further inquiry into any complaint which has been dismissed under section 226 or subsection (4) of section 227, or into the case of any person accused of an offence who has been discharged: 
Provided that no Court shall make any direction under this section for inquiry into the case of any 
person who has been discharged unless such person has had an opportunity of showing cause why such 
direction should not be made."
BNSS_2023_s450,BNSS_2023,BNSS_2023_CH_XXXII,450,Withdrawal of cases by Judicial Magistrates,"Withdrawal of cases by Judicial Magistrates.—(1) Any Chief Judicial Magistrate may 
withdraw any case from, or recall any case which he has made over to, any Magistrate subordinate to him, 
and may inquire into or try such case himself, or refer it for inquiry or trial to any other such Magistrate 
competent to inquire into or try the same. 
(2) Any Judicial Magistrate may recall any case made over by him under sub-section (2) of section 212 
to any other Magistrate and may inquire into or try such cases himself."
BNSS_2023_s451,BNSS_2023,BNSS_2023_CH_XXXII,451,Making over or withdrawal of cases by Executive Magistrates,"Making over or withdrawal of cases by Executive Magistrates.—Any District Magistrate or 
Sub-divisional Magistrate may— 
(a) make over, for disposal, any proceeding which has been started before him, to any Magistrate 
subordinate to him; 
(b) withdraw any case from, or recall any case which he has made over to, any Magistrate subordinate 
to him, and dispose of such proceeding himself or refer it for disposal to any other Magistrate."
BNSS_2023_s452,BNSS_2023,BNSS_2023_CH_XXXII,452,Reasons to be recorded,"Reasons to be recorded.—A Sessions Judge or Magistrate making an order under section 448, 
section 449, section 450 or section 451 shall record his reasons for making it. 
CHAPTER XXXIV 
EXECUTION, SUSPENSION, REMISSION AND COMMUTATION OF SENTENCES 
A.—Death sentences"
BNSS_2023_s453,BNSS_2023,BNSS_2023_CH_XXXIV,453,Execution of order passed under section 409,"Execution of order passed under section 409.—When in a case submitted to the High Court for 
the confirmation of a sentence of death, the Court of Session receives the order of confirmation or other 
order of the High Court thereon, it shall cause such order to be carried into effect by issuing a warrant or 
taking such other steps as may be necessary."
BNSS_2023_s454,BNSS_2023,BNSS_2023_CH_XXXIV,454,Execution of sentence of death passed by High Court,"Execution of sentence of death passed by High Court.—When a sentence of death is passed by 
the High Court in appeal or in revision, the Court of Session shall, on receiving the order of the High Court, 
cause the sentence to be carried into effect by issuing a warrant."
BNSS_2023_s455,BNSS_2023,BNSS_2023_CH_XXXIV,455,Postponement of execution of sentence of death in case of appeal to Supreme,"Postponement of execution of sentence of death in case of appeal to Supreme 
Court.—(1) Where a person is sentenced to death by the High Court and an appeal from its judgment lies 
to the Supreme Court under sub-clause (a) or sub-clause (b) of clause (1) of article 134 of the Constitution, 
the High Court shall order the execution of the sentence to be postponed until the period allowed for 
preferring such appeal has expired, or if, an appeal is preferred within that period, until such appeal is 
disposed of. 
(2) Where a sentence of death is passed or confirmed by the High Court, and the person sentenced 
makes an application to the High Court for the grant of a certificate under article 132 or under sub-clause 
(c) of clause (1) of article 134 of the Constitution, the High Court shall order the execution of the sentence 
to be postponed until such application is disposed of by the High Court, or if a certificate is granted on such 
application, until the period allowed for preferring an appeal to the Supreme Court on such certificate has 
expired. 
(3) Where a sentence of death is passed or confirmed by the High Court, and the High Court is satisfied 
that the person sentenced intends to present a petition to the Supreme Court for the grant of special leave 
to appeal under article 136 of the Constitution, the High Court shall order the execution of the sentence to 
be postponed for such period as it considers sufficient to enable him to present such petition."
BNSS_2023_s456,BNSS_2023,BNSS_2023_CH_XXXIV,456,Commutation of sentence of death on pregnant woman,"Commutation of sentence of death on pregnant woman.—If a woman sentenced to death is 
found to be pregnant, the High Court shall commute the sentence to imprisonment for life.

B.—Imprisonment"
BNSS_2023_s457,BNSS_2023,BNSS_2023_CH_XXXIV,457,Power to appoint place of imprisonment,"Power to appoint place of imprisonment.—(1) Except when otherwise provided by any law for 
the time being in force, the State Government may direct in what place any person liable to be imprisoned 
or committed to custody under this Sanhita shall be confined. 
(2) If any person liable to be imprisoned or committed to custody under this Sanhita is in confinement 
in a civil jail, the Court or Magistrate ordering the imprisonment or committal may direct that the person 
be removed to a criminal jail. 
(3) When a person is removed to a criminal jail under sub-section (2), he shall, on being released 
therefrom, be sent back to the civil jail, unless either— 
(a) three years have elapsed since he was removed to the criminal jail, in which case he shall be 
deemed to have been released from the civil jail under section 58 of the Code of Civil Procedure, 1908 
(5 of 1908); or 
(b) the Court which ordered his imprisonment in the civil jail has certified to the officer in charge 
of the criminal jail that he is entitled to be released under section 58 of the Code of Civil Procedure, 
1908 (5 of 1908)."
BNSS_2023_s458,BNSS_2023,BNSS_2023_CH_XXXIV,458,Execution of sentence of imprisonment,"Execution of sentence of imprisonment.—(1) Where the accused is sentenced to imprisonment 
for life or to imprisonment for a term in cases other than those provided for by section 453, the Court 
passing the sentence shall forthwith forward a warrant to the jail or other place in which he is, or is to be, 
confined, and, unless the accused is already confined in such jail or other place, shall forward him to such 
jail or other place, with the warrant: 
Provided that where the accused is sentenced to imprisonment till the rising of the Court, it shall not be 
necessary to prepare or forward a warrant to a jail, and the accused may be confined in such place as the 
Court may direct. 
(2) Where the accused is not present in Court when he is sentenced to such imprisonment as is 
mentioned in sub-section (1), the Court shall issue a warrant for his arrest for the purpose of forwarding 
him to the jail or other place in which he is to be confined; and in such case, the sentence shall commence 
on the date of his arrest."
BNSS_2023_s459,BNSS_2023,BNSS_2023_CH_XXXIV,459,Direction of warrant for execution,"Direction of warrant for execution.—Every warrant for the execution of a sentence of 
imprisonment shall be directed to the officer in charge of the jail or other place in which the prisoner is, or 
is to be, confined."
BNSS_2023_s460,BNSS_2023,BNSS_2023_CH_XXXIV,460,Warrant with whom to be lodged,"Warrant with whom to be lodged.—When the prisoner is to be confined in a jail, the warrant 
shall be lodged with the jailor. 
C.— Levy of fine"
BNSS_2023_s461,BNSS_2023,BNSS_2023_CH_XXXIV,461,Warrant for levy of fine,"Warrant for levy of fine.—(1) When an offender has been sentenced to pay a fine, but no such 
payment has been made, the Court passing the sentence may take action for the recovery of the fine in either 
or both of the following ways, that is to say, it may— 
(a) issue a warrant for the levy of the amount by attachment and sale of any movable property 
belonging to the offender; 
(b) issue a warrant to the Collector of the district, authorising him to realise the amount as arrears 
of land revenue from the movable or immovable property, or both, of the defaulter: 
Provided that, if the sentence directs that in default of payment of the fine, the offender shall be imprisoned, 
and if such offender has undergone the whole of such imprisonment in default, no Court shall issue such warrant 
unless, for special reasons to be recorded in writing, it considers it necessary so to do, or unless it has made an 
order for the payment of expenses or compensation out of the fine under section 395.

(2) The State Government may make rules regulating the manner in which warrants under clause (a) of 
sub-section (1) are to be executed, and for the summary determination of any claims made by any person 
other than the offender in respect of any property attached in execution of such warrant. 
(3) Where the Court issues a warrant to the Collector under clause (b) of sub-section (1), the Collector 
shall realise the amount in accordance with the law relating to recovery of arrears of land revenue, as if 
such warrant were a certificate issued under such law: 
Provided that no such warrant shall be executed by the arrest or detention in prison of the offender."
BNSS_2023_s462,BNSS_2023,BNSS_2023_CH_XXXIV,462,Effect of such warrant,"Effect of such warrant.—A warrant issued under clause (a) of sub-section (1) of section 461 by 
any Court may be executed within the local jurisdiction of such Court, and it shall authorise the attachment 
and sale of any such property outside such jurisdiction, when it is endorsed by the District Magistrate within 
whose local jurisdiction such property is found."
BNSS_2023_s463,BNSS_2023,BNSS_2023_CH_XXXIV,463,Warrant for levy of fine issued by a Court in any territory to which this Sanhita does not,"Warrant for levy of fine issued by a Court in any territory to which this Sanhita does not 
extend.—Notwithstanding anything in this Sanhita or in any other law for the time being in force, when an 
offender has been sentenced to pay a fine by a Criminal Court in any territory to which this Sanhita does 
not extend and the Court passing the sentence issues a warrant to the Collector of a district in the territories 
to which this Sanhita extends, authorising him to realise the amount as if it were an arrear of land revenue, 
such warrant shall be deemed to be a warrant issued under clause (b) of sub-section (1) of section 461 by a 
Court in the territories to which this Sanhita extends, and the provisions of sub-section (3) of the said section 
as to the execution of such warrant shall apply accordingly."
BNSS_2023_s464,BNSS_2023,BNSS_2023_CH_XXXIV,464,Suspension of execution of sentence of imprisonment,"Suspension of execution of sentence of imprisonment.—(1) When an offender has been 
sentenced to fine only and to imprisonment in default of payment of the fine, and the fine is not paid 
forthwith, the Court may— 
(a) order that the fine shall be payable either in full on or before a date not more than thirty days 
from the date of the order, or in two or three installments, of which the first shall be payable on or 
before a date not more than thirty days from the date of the order and the other or others at an interval 
or at intervals, as the case may be, of not more than thirty days; 
(b) suspend the execution of the sentence of imprisonment and release the offender, on the 
execution by the offender of a bond or bail bond, as the Court thinks fit, conditioned for his appearance 
before the Court on the date or dates on or before which payment of the fine or the installments thereof, 
as the case may be, is to be made; and if the amount of the fine or of any installment, as the case may 
be, is not realised on or before the latest date on which it is payable under the order, the Court may 
direct the sentence of imprisonment to be carried into execution at once. 
(2) The provisions of sub-section (1) shall be applicable also in any case in which an order for the 
payment of money has been made on non-recovery of which imprisonment may be awarded and the money 
is not paid forthwith; and, if the person against whom the order has been made, on being required to enter 
into a bond such as is referred to in that sub-section, fails to do so, the Court may at once pass sentence of 
D.—General provisions regarding execution"
BNSS_2023_s465,BNSS_2023,BNSS_2023_CH_XXXIV,465,Who may issue warrant,"Who may issue warrant.—Every warrant for the execution of a sentence may be issued either by 
the Judge or Magistrate who passed the sentence, or by his successor-in-office."
BNSS_2023_s466,BNSS_2023,BNSS_2023_CH_XXXIV,466,Sentence on escaped convict when to take effect,"Sentence on escaped convict when to take effect.—(1) When a sentence of death, imprisonment 
for life or fine is passed under this Sanhita on an escaped convict, such sentence shall, subject to the 
provisions hereinbefore contained, take effect immediately. 
(2) When a sentence of imprisonment for a term is passed under this Sanhita on an escaped 
convict, —

(a) if such sentence is severer in kind than the sentence which such convict was undergoing when 
he escaped, the new sentence shall take effect immediately; 
(b) if such sentence is not severer in kind than the sentence which such convict was undergoing 
when he escaped, the new sentence shall take effect after he has suffered imprisonment for a further 
period equal to that which, at the time of his escape, remained unexpired of his former sentence. 
(3) For the purposes of sub-section (2), a sentence of rigorous imprisonment shall be deemed to be 
severer in kind than a sentence of simple imprisonment."
BNSS_2023_s467,BNSS_2023,BNSS_2023_CH_XXXIV,467,Sentence on offender already sentenced for another offence,"Sentence on offender already sentenced for another offence.—(1) When a person already 
undergoing a sentence of imprisonment is sentenced on a subsequent conviction to imprisonment or 
imprisonment for life, such imprisonment or imprisonment for life shall commence at the expiration of the 
imprisonment to which he has been previously sentenced, unless the Court directs that the subsequent 
sentence shall run concurrently with such previous sentence: 
Provided that where a person who has been sentenced to imprisonment by an order under section 141 
in default of furnishing security is, whilst undergoing such sentence, sentenced to imprisonment for an 
offence committed prior to the making of such order, the latter sentence shall commence immediately. 
(2) When a person already undergoing a sentence of imprisonment for life is sentenced on a subsequent 
conviction to imprisonment for a term or imprisonment for life, the subsequent sentence shall run 
concurrently with such previous sentence."
BNSS_2023_s468,BNSS_2023,BNSS_2023_CH_XXXIV,468,Period of detention undergone by accused to be set off against sentence of imprisonment,"Period of detention undergone by accused to be set off against sentence of imprisonment.—
Where an accused person has, on conviction, been sentenced to imprisonment for a term, not being 
imprisonment in default of payment of fine, the period of detention, if any, undergone by him during the 
investigation, inquiry or trial of the same case and before the date of such conviction, shall be set off against 
the term of imprisonment imposed on him on such conviction, and the liability of such person to undergo 
imprisonment on such conviction shall be restricted to the remainder, if any, of the term of imprisonment 
imposed on him: 
Provided that in cases referred to in section 475, such period of detention shall be set off against the 
period of fourteen years referred to in that section."
BNSS_2023_s469,BNSS_2023,BNSS_2023_CH_XXXIV,469,Saving,"Saving.—(1) Nothing in section 466 or section 467 shall be held to excuse any person from any 
part of the punishment to which he is liable upon his former or subsequent conviction. 
(2) When an award of imprisonment in default of payment of a fine is annexed to a substantive sentence 
of imprisonment and the person undergoing the sentence is after its execution to undergo a further 
substantive sentence or further substantive sentences of imprisonment, effect shall not be given to the award 
of imprisonment in default of payment of the fine until the person has undergone the further sentence or 
sentences."
BNSS_2023_s470,BNSS_2023,BNSS_2023_CH_XXXIV,470,Return of warrant on execution of sentence,"Return of warrant on execution of sentence.—When a sentence has been fully executed, the 
officer executing it shall return the warrant to the Court from which it is issued, with an endorsement under 
his hand certifying the manner in which the sentence has been executed."
BNSS_2023_s471,BNSS_2023,BNSS_2023_CH_XXXIV,471,Money ordered to be paid recoverable as a fine,"Money ordered to be paid recoverable as a fine.—Any money (other than a fine) payable by 
virtue of any order made under this Sanhita, and the method of recovery of which is not otherwise expressly 
provided for, shall be recoverable as if it were a fine: 
Provided that section 461 shall, in its application to an order under section 400, by virtue of this section, 
be construed as if in the proviso to sub-section (1) of section 461, after the words and figures “under section 
395”, the words and figures “or an order for payment of costs under section 400” had been inserted.

E.—Suspension, remission and commutation of sentences"
BNSS_2023_s472,BNSS_2023,BNSS_2023_CH_XXXIV,472,Mercy petition in death sentence cases,"Mercy petition in death sentence cases.—(1) A convict under the sentence of death or his legal 
heir or any other relative may, if he has not already submitted a petition for mercy, file a mercy petition 
before the President of India under article 72 or the Governor of the State under article 161 of the 
Constitution within a period of thirty days from the date on which the Superintendent of the jail, — 
(i) informs him about the dismissal of the appeal, review or special leave to appeal by the Supreme 
Court; or 
(ii) informs him about the date of confirmation of the sentence of death by the High Court and the 
time allowed to file an appeal or special leave in the Supreme Court has expired. 
(2) The petition under sub-section (1) may, initially be made to the Governor and on its rejection or 
disposal by the Governor, the petition shall be made to the President within a period of sixty days from the 
date of rejection or disposal of such petition. 
(3) The Superintendent of the jail or officer in charge of the jail shall ensure, that every convict, in case 
there are more than one convict in a case, also files the mercy petition within a period of sixty days and on 
non-receipt of such petition from the other convicts, Superintendent of the jail shall send the names, 
addresses, copy of the record of the case and all other details of the case to the Central Government or the 
State Government for consideration along with the said mercy petition. 
(4) The Central Government shall, on receipt of the mercy petition seek the comments of the State 
Government and consider the petition along with the records of the case and make recommendations to the 
President in this behalf, as expeditiously as possible, within a period of sixty days from the date of receipt 
of comments of the State Government and records from Superintendent of the Jail. 
(5) The President may, consider, decide and dispose of the mercy petition and, in case there are more 
than one convict in a case, the petitions shall be decided by the President together in the interests of justice. 
(6) Upon receipt of the order of the President on the mercy petition, the Central Government shall 
within forty-eight hours, communicate the same to the Home Department of the State Government and the 
Superintendent of the jail or officer in charge of the jail. 
(7) No appeal shall lie in any Court against the order of the President or of the Governor made 
under article 72 or article 161 of the Constitution and it shall be final, and any question as to the arriving of 
the decision by the President or the Governor shall not be inquired into in any Court."
BNSS_2023_s473,BNSS_2023,BNSS_2023_CH_XXXIV,473,Power to suspend or remit sentences,"Power to suspend or remit sentences.—(1) When any person has been sentenced to punishment 
for an offence, the appropriate Government may, at any time, without conditions or upon any conditions 
which the person sentenced accepts, suspend the execution of his sentence or remit the whole or any part 
of the punishment to which he has been sentenced. 
(2) Whenever an application is made to the appropriate Government for the suspension or remission of 
a sentence, the appropriate Government may require the presiding Judge of the Court before or by which 
the conviction was had or confirmed, to state his opinion as to whether the application should be granted or 
refused, together with his reasons for such opinion and also to forward with the statement of such opinion 
a certified copy of the record of the trial or of such record thereof as exists. 
(3) If any condition on which a sentence has been suspended or remitted is, in the opinion of the 
appropriate Government, not fulfilled, the appropriate Government may cancel the suspension or remission, 
and thereupon the person in whose favour the sentence has been suspended or remitted may, if at large, be 
arrested by any police officer, without warrant and remanded to undergo the unexpired portion of the 
sentence.

any Central Act other than this Sanhita; or 
(b) which involved the misappropriation or destruction of, or damage to, any property belonging to 
the Central Government; or 
(c) which was committed by a person in the service of the Central Government while acting or 
purporting to act in the discharge of his official duty, 
shall not be exercised by the State Government except after concurrence with the Central Government. 
(2) No order of suspension, remission or commutation of sentences passed by the State Government in 
relation to a person, who has been convicted of offences, some of which relate to matters to which the 
executive power of the Union extends, and who has been sentenced to separate terms of imprisonment 
which are to run concurrently, shall have effect unless an order for the suspension, remission or 
commutation, as the case may be, of such sentences has also been made by the Central Government in 
relation to the offences committed by such person with regard to matters to which the executive power of 
the Union extends. 
CHAPTER XXXV 
PROVISIONS AS TO BAIL AND BONDS"
BNSS_2023_s478,BNSS_2023,BNSS_2023_CH_XXXV,478,In what cases bail to be taken,"In what cases bail to be taken.—(1) When any person other than a person accused of a nonbailable offence is arrested or detained without warrant by an officer in charge of a police station, or appears 
or is brought before a Court, and is prepared at any time while in the custody of such officer or at any stage 
of the proceeding before such Court to give bail, such person shall be released on bail: 
Provided that such officer or Court, if he or it thinks fit, may, and shall, if such person is indigent and 
is unable to furnish surety, instead of taking bail bond from such person, discharge him on his executing a 
bond for his appearance as hereinafter provided. 
Explanation.—Where a person is unable to give bail bond within a week of the date of his arrest, it 
shall be a sufficient ground for the officer or the Court to presume that he is an indigent person for the 
purposes of this proviso: 
Provided further that nothing in this section shall be deemed to affect the provisions of sub-section (3) 
of section 135 or section 492. 
(2) Notwithstanding anything in sub-section (1), where a person has failed to comply with the 
conditions of the bond or bail bond as regards the time and place of attendance, the Court may refuse to 
release him on bail, when on a subsequent occasion in the same case he appears before the Court or is 
brought in custody and any such refusal shall be without prejudice to the powers of the Court to call upon 
any person bound by such bond or bail bond to pay the penalty thereof under section 491."
BNSS_2023_s479,BNSS_2023,BNSS_2023_CH_XXXV,479,Maximum period for which under trial prisoner can be detained,"Maximum period for which under trial prisoner can be detained.—(1) Where a person has, 
during the period of investigation, inquiry or trial under this Sanhita of an offence under any law (not being 
an offence for which the punishment of death or life imprisonment has been specified as one of the 
punishments under that law) undergone detention for a period extending up to one-half of the maximum 
period of imprisonment specified for that offence under that law, he shall be released by the Court on bail: 
Provided that where such person is a first-time offender (who has never been convicted of any offence 
in the past) he shall be released on bond by the Court, if he has undergone detention for the period extending 
up to one-third of the maximum period of imprisonment specified for such offence under that law: 
Provided further that the Court may, after hearing the Public Prosecutor and for reasons to be recorded 
by it in writing, order the continued detention of such person for a period longer than one-half of the said 
period or release him on bail bond instead of his bond:

Provided also that no such person shall in any case be detained during the period of investigation, 
inquiry or trial for more than the maximum period of imprisonment provided for the said offence under that 
law. 
Explanation.—In computing the period of detention under this section for granting bail, the period of 
detention passed due to delay in proceeding caused by the accused shall be excluded. 
(2) Notwithstanding anything in sub-section (1), and subject to the third proviso thereof, where an 
investigation, inquiry or trial in more than one offence or in multiple cases are pending against a person, he 
shall not be released on bail by the Court. 
(3) The Superintendent of jail, where the accused person is detained, on completion of one-half or onethird of the period mentioned in sub-section (1), as the case may be, shall forthwith make an application in 
writing to the Court to proceed under sub-section (1) for the release of such person on bail."
BNSS_2023_s480,BNSS_2023,BNSS_2023_CH_XXXV,480,When bail may be taken in case of non-bailable offence,"When bail may be taken in case of non-bailable offence.—(1) When any person accused of, or 
suspected of, the commission of any non-bailable offence is arrested or detained without warrant by an 
officer in charge of a police station or appears or is brought before a Court other than the High Court or 
Court of Session, he may be released on bail, but— 
(i) such person shall not be so released if there appear reasonable grounds for believing that he has 
been guilty of an offence punishable with death or imprisonment for life; 
(ii) such person shall not be so released if such offence is a cognizable offence and he had been 
previously convicted of an offence punishable with death, imprisonment for life or imprisonment for 
seven years or more, or he had been previously convicted on two or more occasions of a cognizable 
offence punishable with imprisonment for three years or more but less than seven years: 
Provided that the Court may direct that a person referred to in clause (i) or clause (ii) be released on 
bail if such person is a child or is a woman or is sick or infirm: 
Provided further that the Court may also direct that a person referred to in clause (ii) be released on bail 
if it is satisfied that it is just and proper so to do for any other special reason: 
Provided also that the mere fact that an accused person may be required for being identified by 
witnesses during investigation or for police custody beyond the first fifteen days shall not be sufficient 
ground for refusing to grant bail if he is otherwise entitled to be released on bail and gives an undertaking 
that he shall comply with such directions as may be given by the Court: 
Provided also that no person shall, if the offence alleged to have been committed by him is punishable 
with death, imprisonment for life, or imprisonment for seven years or more, be released on bail by the Court 
under this sub-section without giving an opportunity of hearing to the Public Prosecutor. 
(2) If it appears to such officer or Court at any stage of the investigation, inquiry or trial, as the case 
may be, that there are not reasonable grounds for believing that the accused has committed a non-bailable 
offence, but that there are sufficient grounds for further inquiry into his guilt, the accused shall, subject to 
the provisions of section 492 and pending such inquiry, be released on bail, or, at the discretion of such 
officer or Court, on the execution by him of a bond for his appearance as hereinafter provided. 
(3) When a person accused or suspected of the commission of an offence punishable with imprisonment 
which may extend to seven years or more or of an offence under Chapter VI, Chapter VII or Chapter XVII 
of the Bharatiya Nyaya Sanhita, 2023 or abetment of, or conspiracy or attempt to commit, any such offence, 
is released on bail under sub-section (1), the Court shall impose the conditions,-(a) that such person shall attend in accordance with the conditions of the bond executed under this 
Chapter;

(b) that such person shall not commit an offence similar to the offence of which he is accused, or 
suspected, of the commission of which he is suspected; and 
(c) that such person shall not directly or indirectly make any inducement, threat or promise to any 
person acquainted with the facts of the case so as to dissuade him from disclosing such facts to the 
Court or to any police officer or tamper with the evidence, 
and may also impose, in the interests of justice, such other conditions as it considers necessary. 
(4) An officer or a Court releasing any person on bail under sub-section (1) or sub-section (2), shall 
record in writing his or its reasons or special reasons for so doing. 
(5) Any Court which has released a person on bail under sub-section (1) or sub-section (2), may, if it 
considers it necessary so to do, direct that such person be arrested and commit him to custody. 
(6) If, in any case triable by a Magistrate, the trial of a person accused of any non-bailable offence is 
not concluded within a period of sixty days from the first date fixed for taking evidence in the case, such 
person shall, if he is in custody during the whole of the said period, be released on bail to the satisfaction 
of the Magistrate, unless for reasons to be recorded in writing, the Magistrate otherwise directs. 
(7) If, at any time, after the conclusion of the trial of a person accused of a non-bailable offence and 
before judgment is delivered, the Court is of opinion that there are reasonable grounds for believing that 
the accused is not guilty of any such offence, it shall release the accused, if he is in custody, on the execution 
by him of a bond for his appearance to hear judgment delivered."
BNSS_2023_s481,BNSS_2023,BNSS_2023_CH_XVII,481,Bail to require accused to appear before next Appellate Court,"Bail to require accused to appear before next Appellate Court.—(1) Before conclusion of the 
trial and before disposal of the appeal, the Court trying the offence or the Appellate Court, as the case may 
be, shall require the accused to execute a bond or bail bond, to appear before the higher Court as and when 
such Court issues notice in respect of any appeal or petition filed against the judgment of the respective 
Court and such bond shall be in force for six months. 
(2) If such accused fails to appear, the bond stand forfeited and the procedure under section 491 shall 
apply."
BNSS_2023_s482,BNSS_2023,BNSS_2023_CH_XVII,482,Direction for grant of bail to person apprehending arrest,"Direction for grant of bail to person apprehending arrest.—(1) When any person has reason 
to believe that he may be arrested on an accusation of having committed a non-bailable offence, he may 
apply to the High Court or the Court of Session for a direction under this section; and that Court may, if it 
thinks fit, direct that in the event of such arrest, he shall be released on bail. 
(2) When the High Court or the Court of Session makes a direction under sub-section (1), it may include 
such conditions in such directions in the light of the facts of the particular case, as it may think fit, 
including— 
(i) a condition that the person shall make himself available for interrogation by a police officer as 
and when required; 
(ii) a condition that the person shall not, directly or indirectly, make any inducement, threat or 
promise to any person acquainted with the facts of the case so as to dissuade him from disclosing such 
facts to the Court or to any police officer; 
(iii) a condition that the person shall not leave India without the previous permission of the Court; 
(iv) such other condition as may be imposed under sub-section (3) of section 480, as if the bail were 
granted under that section. 
(3) If such person is thereafter arrested without warrant by an officer in charge of a police station on 
such accusation, and is prepared either at the time of arrest or at any time while in the custody of such 
officer to give bail, he shall be released on bail; and if a Magistrate taking cognizance of such offence

decides that a warrant should be issued in the first instance against that person, he shall issue a bailable 
warrant in conformity with the direction of the Court under sub-section (1). 
(4) Nothing in this section shall apply to any case involving the arrest of any person on accusation of 
having committed an offence under section 65 and sub-section (2) of section 70 of the Bharatiya Nyaya 
Sanhita, 2023."
BNSS_2023_s483,BNSS_2023,BNSS_2023_CH_XVII,483,Special powers of High Court or Court of Session regarding bail,"Special powers of High Court or Court of Session regarding bail.—(1) A High Court or Court 
of Session may direct,— 
(a) that any person accused of an offence and in custody be released on bail, and if the offence is of the 
nature specified in sub-section (3) of section 480, may impose any condition which it considers necessary 
for the purposes mentioned in that sub-section; 
(b) that any condition imposed by a Magistrate when releasing any person on bail be set aside or 
modified: 
Provided that the High Court or the Court of Session shall, before granting bail to a person who is 
accused of an offence which is triable exclusively by the Court of Session or which, though not so triable, 
is punishable with imprisonment for life, give notice of the application for bail to the Public Prosecutor 
unless it is, for reasons to be recorded in writing, of opinion that it is not practicable to give such notice: 
Provided further that the High Court or the Court of Session shall, before granting bail to a person who 
is accused of an offence triable under section 65 or sub-section (2) of section 70 of the Bharatiya Nyaya 
Sanhita, 2023, give notice of the application for bail to the Public Prosecutor within a period of fifteen days 
from the date of receipt of the notice of such application. 
(2) The presence of the informant or any person authorised by him shall be obligatory at the time of 
hearing of the application for bail to the person under section 65 or sub-section (2) of section 70 of the 
Bharatiya Nyaya Sanhita, 2023. 
(3) A High Court or Court of Session may direct that any person who has been released on bail under 
this Chapter be arrested and commit him to custody."
BNSS_2023_s484,BNSS_2023,BNSS_2023_CH_XVII,484,Amount of bond and reduction thereof,"Amount of bond and reduction thereof.—(1) The amount of every bond executed under this 
Chapter shall be fixed with due regard to the circumstances of the case and shall not be excessive. 
(2) The High Court or the Court of Session may direct that the bail required by a police officer or 
Magistrate be reduced."
BNSS_2023_s485,BNSS_2023,BNSS_2023_CH_XVII,485,Bond of accused and sureties,"Bond of accused and sureties.—(1) Before any person is released on bond or bail bond, a bond 
for such sum of money as the police officer or Court, as the case may be, thinks sufficient shall be executed 
by such person, and, when he is released on bond or bail bond, by one or more sufficient sureties conditioned 
that such person shall attend at the time and place mentioned in the bond, and shall continue so to attend 
until otherwise directed by the police officer or Court, as the case may be. 
(2) Where any condition is imposed for the release of any person on bail, the bond or bail bond shall 
also contain that condition. 
(3) If the case so requires, the bond or bail bond shall also bind the person released on bail to appear 
when called upon at the High Court, Court of Session or other Court to answer the charge. 
(4) For the purpose of determining whether the sureties are fit or sufficient, the Court may accept 
affidavits in proof of the facts contained therein relating to the sufficiency or fitness of the sureties, or, if it 
considers necessary, may either hold an enquiry itself or cause an inquiry to be made by a Magistrate 
subordinate to the Court, as to such sufficiency or fitness."
BNSS_2023_s486,BNSS_2023,BNSS_2023_CH_XVII,486,Declaration by sureties,"Declaration by sureties.—Every person standing surety to an accused person for his release on 
bail, shall make a declaration before the Court as to the number of persons to whom he has stood surety 
including the accused, giving therein all the relevant particulars."
BNSS_2023_s487,BNSS_2023,BNSS_2023_CH_XVII,487,Discharge from custody,"Discharge from custody.—(1) As soon as the bond or bail bond has been executed, the person 
for whose appearance it has been executed shall be released; and, when he is in jail, the court admitting him 
to bail shall issue an order of release to the officer in charge of the jail, and such officer on receipt of the 
orders shall release him. 
(2) Nothing in this section, section 478 or section 480, shall be deemed to require the release of any 
person liable to be detained for some matter other than that in respect of which the bond or bail bond was 
executed."
BNSS_2023_s488,BNSS_2023,BNSS_2023_CH_XVII,488,Power to order sufficient bail when that first taken is insufficient,"Power to order sufficient bail when that first taken is insufficient.—If, through mistake, 
fraud or otherwise, insufficient sureties have been accepted, or if they afterwards become insufficient, the 
Court may issue a warrant of arrest directing that the person released on bail be brought before it and may 
order him to find sufficient sureties, and, on his failing so to do, may commit him to jail."
BNSS_2023_s489,BNSS_2023,BNSS_2023_CH_XVII,489,Discharge of sureties,"Discharge of sureties.—(1) All or any sureties for the attendance and appearance of a person 
released on bail may at any time apply to a Magistrate to discharge the bond, either wholly or so far as 
relates to the applicants. 
(2) On such application being made, the Magistrate shall issue his warrant of arrest directing that the 
person so released be brought before him. 
(3) On the appearance of such person pursuant to the warrant, or on his voluntary surrender, the 
Magistrate shall direct the bond to be discharged either wholly or so far as relates to the applicants, and 
shall call upon such person to find other sufficient sureties, and, if he fails to do so, may commit him to jail."
BNSS_2023_s490,BNSS_2023,BNSS_2023_CH_XVII,490,Deposit instead of recognizance,"Deposit instead of recognizance.—When any person is required by any Court or officer to 
execute a bond or bail bond, such Court or officer may, except in the case of a bond for good behaviour, 
permit him to deposit a sum of money or Government promissory notes to such amount as the Court or 
officer may fix in lieu of executing such bond."
BNSS_2023_s491,BNSS_2023,BNSS_2023_CH_XVII,491,Procedure when bond has been forfeited,"Procedure when bond has been forfeited.—(1) Where, — 
(a) a bond under this Sanhita is for appearance, or for production of property, before a Court and it 
is proved to the satisfaction of that Court, or of any Court to which the case has subsequently been 
transferred, that the bond has been forfeited; or 
(b) in respect of any other bond under this Sanhita, it is proved to the satisfaction of the Court by 
which the bond was taken, or of any Court to which the case has subsequently been transferred, or of 
the Court of any Magistrate of the first class, that the bond has been forfeited, 
the Court shall record the grounds of such proof, and may call upon any person bound by such bond to pay 
the penalty thereof or to show cause why it should not be paid. 
Explanation.—A condition in a bond for appearance, or for production of property, before a Court shall 
be construed as including a condition for appearance, or as the case may be, for production of property, 
before any Court to which the case may subsequently be transferred. 
(2) If sufficient cause is not shown and the penalty is not paid, the Court may proceed to recover the 
same as if such penalty were a fine imposed by it under this Sanhita: 
Provided that where such penalty is not paid and cannot be recovered in the manner aforesaid, the 
person so bound as surety shall be liable, by order of the Court ordering the recovery of the penalty, to 
imprisonment in civil jail for a term which may extend to six months.

(3) The Court may, after recording its reasons for doing so, remit any portion of the penalty mentioned 
and enforce payment in part only. 
(4) Where a surety to a bond dies before the bond is forfeited, his estate shall be discharged from all 
liability in respect of the bond. 
(5) Where any person who has furnished security under section 125 or section 136 or section 401 is 
convicted of an offence the commission of which constitutes a breach of the conditions of his bond, or of a 
bond executed in lieu of his bond under section 494, a certified copy of the judgment of the Court by which 
he was convicted of such offence may be used as evidence in proceedings under this section against his 
surety or sureties, and, if such certified copy is so used, the Court shall presume that such offence was 
committed by him unless the contrary is proved."
BNSS_2023_s492,BNSS_2023,BNSS_2023_CH_XVII,492,Cancellation of bond and bail bond,"Cancellation of bond and bail bond.—Without prejudice to the provisions of section 491, where 
a bond or bail bond under this Sanhita is for appearance of a person in a case and it is forfeited for breach 
of a condition,— 
(a) the bond executed by such person as well as the bond, if any, executed by one or more of his 
sureties in that case shall stand cancelled; and 
(b) thereafter no such person shall be released only on his own bond in that case, if the police officer 
or the Court, as the case may be, for appearance before whom the bond was executed, is satisfied that 
there was no sufficient cause for the failure of the person bound by the bond to comply with its 
condition: 
Provided that subject to any other provisions of this Sanhita he may be released in that case upon the 
execution of a fresh personal bond for such sum of money and bond by one or more of such sureties as the 
police officer or the Court, as the case may be, thinks sufficient."
BNSS_2023_s493,BNSS_2023,BNSS_2023_CH_XVII,493,Procedure in case of insolvency or death of surety or when a bond is forfeited,"Procedure in case of insolvency or death of surety or when a bond is forfeited.—When any 
surety to a bail bond under this Sanhita becomes insolvent or dies, or when any bond is forfeited under the 
provisions of section 491, the Court by whose order such bond was taken, or a Magistrate of the first class 
may order the person from whom such security was demanded to furnish fresh security in accordance with 
the directions of the original order, and if such security is not furnished, such Court or Magistrate may 
proceed as if there had been a default in complying with such original order."
BNSS_2023_s494,BNSS_2023,BNSS_2023_CH_XVII,494,Bond required from child,"Bond required from child.—When the person required by any Court, or officer to execute a bond 
is a child, such Court or officer may accept, in lieu thereof, a bond executed by a surety or sureties only."
BNSS_2023_s495,BNSS_2023,BNSS_2023_CH_XVII,495,Appeal from orders under section 491,"Appeal from orders under section 491.—All orders passed under section 491 shall be 
appealable,— 
(i) in the case of an order made by a Magistrate, to the Sessions Judge; 
(ii) in the case of an order made by a Court of Session, to the Court to which an appeal lies from an 
order made by such Court."
BNSS_2023_s496,BNSS_2023,BNSS_2023_CH_XVII,496,Power to direct levy of amount due on certain recognizances,"Power to direct levy of amount due on certain recognizances.—The High Court or Court of 
Session may direct any Magistrate to levy the amount due on a bond for appearance or attendance at such 
High Court or Court of Session. 
CHAPTER XXXVI 
DISPOSAL OF PROPERTY"
BNSS_2023_s497,BNSS_2023,BNSS_2023_CH_XXXVI,497,Order for custody and disposal of property pending trial in certain cases,"Order for custody and disposal of property pending trial in certain cases.—(1) When any 
property is produced before any Criminal Court or the Magistrate empowered to take cognizance or commit 
the case for trial during any investigation, inquiry or trial, the Court or the Magistrate may make such order 
as it thinks fit for the proper custody of such property pending the conclusion of the investigation, inquiry"
BNSS_2023_s512,BNSS_2023,BNSS_2023_CH_XXXVI,512,Defect or error not to make attachment unlawful,"Defect or error not to make attachment unlawful.—No attachment made under this Sanhita 
shall be deemed unlawful, nor shall any person making the same be deemed a trespasser, on account of any 
defect or want of form in the summons, conviction, writ of attachment or other proceedings relating thereto. 
CHAPTER XXXVIII 
LIMITATION FOR TAKING COGNIZANCE OF CERTAIN OFFENCES"
BNSS_2023_s513,BNSS_2023,BNSS_2023_CH_XXXVIII,513,Definitions,"Definitions.—For the purposes of this Chapter, unless the context otherwise requires, “period of 
limitation” means the period specified in section 514 for taking cognizance of an offence."
BNSS_2023_s514,BNSS_2023,BNSS_2023_CH_XXXVIII,514,Bar to taking cognizance after lapse of period of limitation,"Bar to taking cognizance after lapse of period of limitation.—(1) Except as otherwise provided 
in this Sanhita, no Court shall take cognizance of an offence of the category specified in sub-section (2), 
after the expiry of the period of limitation. 
(2) The period of limitation shall be— 
(a) six months, if the offence is punishable with fine only; 
(b) one year, if the offence is punishable with imprisonment for a term not exceeding one year; 
(c) three years, if the offence is punishable with imprisonment for a term exceeding one year but 
not exceeding three years. 
(3) For the purposes of this section, the period of limitation, in relation to offences which may be tried 
together, shall be determined with reference to the offence which is punishable with the more severe 
punishment or, as the case may be, the most severe punishment. 
Explanation.—For the purpose of computing the period of limitation, the relevant date shall be the date 
of filing complaint under section 223 or the date of recording of information under section 173."
BNSS_2023_s515,BNSS_2023,BNSS_2023_CH_XXXVIII,515,Commencement of period of limitation,"Commencement of period of limitation.—(1) The period of limitation, in relation to an offender, 
shall commence,— 
(a) on the date of the offence; or 
(b) where the commission of the offence was not known to the person aggrieved by the offence or 
to any police officer, the first day on which such offence comes to the knowledge of such person or to 
any police officer, whichever is earlier; or 
(c) where it is not known by whom the offence was committed, the first day on which the identity 
of the offender is known to the person aggrieved by the offence or to the police officer making 
investigation into the offence, whichever is earlier. 
(2) In computing the said period, the day from which such period is to be computed shall be excluded."
BNSS_2023_s516,BNSS_2023,BNSS_2023_CH_XXXVIII,516,Exclusion of time in certain cases,"Exclusion of time in certain cases.—(1) In computing the period of limitation, the time during 
which any person has been prosecuting with due diligence another prosecution, whether in a Court of first 
instance or in a Court of appeal or revision, against the offender, shall be excluded: 
Provided that no such exclusion shall be made unless the prosecution relates to the same facts and is 
prosecuted in good faith in a Court which from defect of jurisdiction or other cause of a like nature, is 
unable to entertain it. 
(2) Where the institution of the prosecution in respect of an offence has been stayed by an injunction 
or order, then, in computing the period of limitation, the period of the continuance of the injunction or order, 
the day on which it was issued or made, and the day on which it was withdrawn, shall be excluded. 
(3) Where notice of prosecution for an offence has been given, or where, under any law for the time 
being in force, the previous consent or sanction of the Government or any other authority is required for 
the institution of any prosecution for an offence, then, in computing the period of limitation, the period of

such notice or, as the case may be, the time required for obtaining such consent or sanction shall be 
excluded. 
Explanation.—In computing the time required for obtaining the consent or sanction of the Government 
or any other authority, the date on which the application was made for obtaining the consent or sanction 
and the date of receipt of the order of the Government or other authority shall both be excluded. 
(4) In computing the period of limitation, the time during which the offender— 
(a) has been absent from India or from any territory outside India which is under the administration 
of the Central Government; or 
(b) has avoided arrest by absconding or concealing himself, 
shall be excluded."
BNSS_2023_s517,BNSS_2023,BNSS_2023_CH_XXXVIII,517,Exclusion of date on which Court is closed,"Exclusion of date on which Court is closed.—Where the period of limitation expires on a day 
when the Court is closed, the Court may take cognizance on the day on which the Court reopens. 
Explanation.—A Court shall be deemed to be closed on any day within the meaning of this section, if, 
during its normal working hours, it remains closed on that day."
BNSS_2023_s518,BNSS_2023,BNSS_2023_CH_XXXVIII,518,Continuing offence,"Continuing offence.—In the case of a continuing offence, a fresh period of limitation shall begin 
to run at every moment of the time during which the offence continues."
BNSS_2023_s519,BNSS_2023,BNSS_2023_CH_XXXVIII,519,Extension of period of limitation in certain cases,"Extension of period of limitation in certain cases.—Notwithstanding anything contained in the 
foregoing provisions of this Chapter, any Court may take cognizance of an offence after the expiry of the 
period of limitation, if it is satisfied on the facts and in the circumstances of the case that the delay has been 
properly explained or that it is necessary so to do in the interests of justice. 
CHAPTER XXXIX 
MISCELLANEOUS"
BNSS_2023_s520,BNSS_2023,BNSS_2023_CH_XXXIX,520,Trials before High Courts,"Trials before High Courts.—When an offence is tried by the High Court otherwise than under 
section 447, it shall, in the trial of the offence, observe the same procedure as a Court of Sessions would 
observe if it were trying the case."
BNSS_2023_s521,BNSS_2023,BNSS_2023_CH_XXXIX,521,Delivery to commanding officers of persons liable to be tried by Court-martial,"Delivery to commanding officers of persons liable to be tried by Court-martial.—(1) The 
Central Government may make rules consistent with this Sanhita and the Air Force Act, 1950 (45 of 1950), 
the Army Act, 1950 (46 of 1950), the Navy Act, 1957 (62 of 1957), and any other law, relating to the Armed 
Forces of the Union, for the time being in force, as to cases in which persons subject to army, naval or airforce law, or such other law, shall be tried by a Court to which this Sanhita applies, or by a Court-martial; 
and when any person is brought before a Magistrate and charged with an offence for which he is liable to 
be tried either by a Court to which this Sanhita applies or by a Court-martial, such Magistrate shall have 
regard to such rules, and shall in proper cases deliver him, together with a statement of the offence of which 
he is accused, to the commanding officer of the unit to which he belongs, or to the commanding officer of 
the nearest army, naval or air-force station, as the case may be, for the purpose of being tried by a Courtmartial. 
Explanation.—In this section— 
(a) “unit” includes a regiment, corps, ship, detachment, group, battalion or company; 
(b) “Court-martial” includes any Tribunal with the powers similar to those of a Court-martial 
constituted under the relevant law applicable to the Armed Forces of the Union."
BNSS_2023_s529,BNSS_2023,BNSS_2023_CH_XXXIX,529,Duty of High Court to exercise continuous superintendence over Courts,"Duty of High Court to exercise continuous superintendence over Courts.—Every High Court 
shall so exercise its superintendence over the Courts of Session and Courts of Judicial Magistrates 
subordinate to it as to ensure that there is an expeditious and proper disposal of cases by the Judges and 
Magistrates."
BNSS_2023_s530,BNSS_2023,BNSS_2023_CH_XXXIX,530,Trial and proceedings to be held in electronic mode,"Trial and proceedings to be held in electronic mode.—All trials, inquires and proceedings under 
this Sanhita, including— 
(i) issuance, service and execution of summons and warrant; 
(ii) examination of complainant and witnesses; 
(iii) recording of evidence in inquiries and trials; and 
(iv) all appellate proceedings or any other proceeding, 
may be held in electronic mode, by use of electronic communication or use of audio-video electronic means."
BNSS_2023_s531,BNSS_2023,BNSS_2023_CH_XXXIX,531,Repeal and savings,"Repeal and savings.—(1) The Code of Criminal Procedure, 1973 (2 of 1974) is hereby repealed. 
(2) Notwithstanding such repeal— 
(a) if, immediately before the date on which this Sanhita comes into force, there is any appeal, 
application, trial, inquiry or investigation pending, then, such appeal, application, trial, inquiry or 
investigation shall be disposed of, continued, held or made, as the case may be, in accordance with the 
provisions of the Code of Criminal Procedure, 1973 (2 of 1974), as in force immediately before such 
commencement (hereinafter referred to as the said Code), as if this Sanhita had not come into force; 
(b) all notifications published, proclamations issued, powers conferred, forms provided by rules, 
local jurisdictions defined, sentences passed and orders, rules and appointments, not being 
appointments as Special Magistrates, made under the said Code and which are in force immediately 
before the commencement of this Sanhita, shall be deemed, respectively, to have been published, 
issued, conferred, specified, defined, passed or made under the corresponding provisions of this 
Sanhita; 
(c) any sanction accorded or consent given under the said Code in pursuance of which no 
proceeding was commenced under that Code, shall be deemed to have been accorded or given under 
the corresponding provisions of this Sanhita and proceedings may be commenced under this Sanhita in 
pursuance of such sanction or consent. 
(3) Where the period specified for an application or other proceeding under the said Code had expired 
on or before the commencement of this Sanhita, nothing in this Sanhita shall be construed as enabling any 
such application to be made or proceeding to be commenced under this Sanhita by reason only of the fact 
that a longer period therefor is specified by this Sanhita or provisions are made in this Sanhita for the 
extension of time.

FORM No. 5 
PROCLAMATION REQUIRING THE APPEARANCE OF A PERSON ACCUSED 

(See section 84) 
WHEREAS a complaint has been made before me that................................................... (name, 
description and address) has committed (or is suspected to have committed) the offence of 
.............................................. , punishable under section.............................................. of the Bharatiya 
Nyaya Sanhita, 2023, and it has been returned to a warrant of arrest thereupon issued that the 
said.............................................. (name) cannot be found, and whereas it has been shown to my satisfaction 
that the said.............................................. (name) has absconded (or is concealing himself to avoid the 
service of the said warranty); 
Proclamation is hereby made that the said.............................................. of.............................................. 
is required to appear at.............................................. (place) before this Court (or before me) to answer the 
said complaint on the.............................................. day of..............................................

FORM No. 8 
ORDER OF ATTACHMENT TO COMPEL THE APPEARANCE OF A PERSON ACCUSED 
(See section 85) 
To .............................................. (name and designation of the person or persons who is or are to execute 
the warrant). 
Whereas complaint has been made before me that .............................................. (name, description and 
address) has committed (or is suspected to have committed) the offence of .............................................. 
punishable under section .............................................. of the Bharatiya Nyaya Sanhita, 2023 and it has been 
returned to a warrant of arrest thereupon issued that the said .............................................. (name) cannot be 
found; and whereas it has been shown to my satisfaction that the said .............................................. (name) 
has absconded (or is concealing himself to avoid the service of the said warrant) and thereupon a 
Proclamation has been or is being duly issued and published requiring the said .............................................. 
to appear to answer the said charge within .............................................. days; and whereas the said 
.............................................. is possessed of the following property, other than land paying revenue to 
Government, in the village (or town), of .............................................., in the District of 
.............................................., viz., .............................................., and an order has been made for the 
attachment thereof; 
You are hereby required to attach the said property in the manner specified in clause (a), or clause (c), 
or both*, of sub-section (3) of section 85, and to hold the same under attachment pending further order of 
this Court, and to return this warrant with an endorsement certifying the manner of its execution. 

(Seal of the Court) 

* Strike out the one which is not applicable, depending on the nature of the property to be attached.

FORM No. 10 
WARRANT IN THE FIRST INSTANCE TO BRING UP A WITNESS 
(See section 90) 
To .............................................. (name and designation of the police officer or other person or persons 
who is or are to execute the warrant). 

WHEREAS complaint has been made before me that .............................................. (name and description 
of accused) of .............................................. (address) has (or is suspected to have) committed the offence 
of .............................................. (mention the offence concisely), and it appears likely that 
.............................................. (name and description of witness) can give evidence concerning the said 
complaint, and whereas I have good and sufficient reason to believe that he will not attend as a witness on 
the hearing of the said complaint unless compelled to do so; 

This is to authorise and require you to arrest the said .............................................. (name of witness), 
and on the .............................................. day of .............................................. to bring him before this Court 
.............................................., to be examined touching the offence complained of.

FORM No. 11 
WARRANT TO SEARCH AFTER INFORMATION OF A PARTICULAR OFFENCE 
(See section 96) 
To .............................................. (name and designation of the police officer or other person or persons 
who is or are to execute the warrant). 
WHEREAS information has been laid .............................................. (or complaint has been made) before 
me of the commission .............................................. (or suspected commission) of the offence of 
.............................................. (mention the offence concisely), and it has been made to appear to me that the 
production of .............................................. (specify the thing clearly) is essential to the inquiry now being 
made (or about to be made) into the said offence (or suspected offence); 

This is to authorise and require you to search for the said .............................................. (the thing 
specified) in the .............................................. (describe the house or place or part thereof to which the 
search is to be confined), and, if found, to produce the same forthwith before this Court, returning this 
warrant, with an endorsement certifying what you have done under it, immediately upon its execution.

FORM No. 12 
WARRANT TO SEARCH SUSPECTED PLACE OF DEPOSIT 
(See section 97) 
To .............................................. 
(name and designation of the police officer above the rank of a constable). 
WHEREAS information has been laid before me, and on due inquiry thereupon had, I have been led to 
believe that the .............................................. (describe the house or other place) is used as a place for the 
deposit (or sale) of stolen property (or if for either of the other purposes expressed in the section, state the 
purpose in the words of the section); 
This is to authorise and require you to enter the said house (or other place) with such assistance as shall 
be required, and to use, if necessary, reasonable force for that purpose, and to search every part of the said 
house (or other place, or if the search is to be confined to a part, specify the part clearly), and to seize and 
take possession of any property (or documents, or stamps, or seals, or coins, or obscene objects, as the case 
may be) (add, when the case requires it) and also of any instruments and materials which you may 
reasonably believe to be kept for the manufacture of forged documents, or counterfeit stamps, or false seals, 
or counterfeit coins or counterfeit currency notes (as the case may be), and forthwith to bring before this 
Court such of the said things as may be taken possession of, returning this warrant, with an endorsement 
certifying what you have done under it, immediately upon its execution. 

Dated, this .............................................. day of .............................................., 20 ............ .

FORM No. 15 
SUMMONS ON INFORMATION OF A PROBABLE BREACH OF THE PEACE 
(See section 132) 
To .............................................. of .............................................. 
WHEREAS it has been made to appear to me by credible information that ................................ (state the 
substance of the information), and that you are likely to commit a breach of the peace (or by which act a 
breach of the peace will probably be occasioned), you are hereby required to attend in person (or by a duly 
authorised agent) at the office of the Magistrate of .............................................. on the 
.............................................. day of .............................................. 20 ..........., at ten o'clock in the forenoon, 
to show cause why you should not be required to enter into a bond for rupees .............................................. 
[when sureties are required, add, and also to give security by the bond of one (or two, as the case may be) 
surety (or sureties) in the sum of rupees .............................................. (each if more than one)], that you 
will keep the peace for the term of .............................................. 
Dated, this .............................................. day of .............................................., 20 ........... .

FORM No. 16 
WARRANT OF COMMITMENT ON FAILURE TO FIND SECURITY TO KEEP THE PEACE 
(See section 141) 
To the Officer in charge of the Jail at .............................................. 
WHEREAS .............................................. (name and address) appeared before me in person (or by his 
authorised agent) on the .............................................. day of .............................................. in obedience to 
a summons calling upon him to show cause why he should not enter into a bond for rupees 
.............................................. with one surety (or a bond with two sureties each in rupees 
..............................................), that he, the said .............................................. (name) would keep the peace 
for the period of months; and whereas an order was then made requiring the said 
.............................................. (name) to enter into and find such security ......................................... (state 
the security ordered when it differs from that mentioned in the summons), and he has failed to comply with 
the said order; 
This is to authorise and require you to receive the said .............................................. (name) into your 
custody, together with this warrant, and him safely to keep in the said Jail for the said period of 
.............................................. (term of imprisonment) unless he shall in the meantime be lawfully ordered 
to be released, and to return this warrant with an endorsement certifying the manner of its execution. 
Dated, this .............................................. day of .............................................., 20 ........... .

FORM No. 19 
WARRANT OF IMPRISONMENT ON FAILURE TO PAY MAINTENANCE 
(See section 144) 
WHEREAS..............................................(name, description and address) has been proved before me to 
be possessed of sufficient means to maintain his wife ..............................................(name) [or his 
child..............................................(name) or his father or mother..............................................(name), who 
is by reason of (state the reason) unable to maintain herself (or himself)] and to have neglected (or refused) 
to do so, and an order has been duly made requiring the said......................................................( name) to 
allow to his said ..............................................wife (or child or father or mother) for maintenance the 
monthly sum of rupees..............................................; and whereas it has been further proved that the 
said..............................................(name) in wilful disregard of the said order has failed to pay 
rupees.............................................., being the amount of the allowance for the month (or months) 
of..............................................; 
And thereupon an order was made adjudging him to undergo imprisonment in the said Jail for the period 
of..............................................; 
This is to authorise and require you receive the said..............................................(name) into your 
custody in the said Jail, together with this warrant, and there carry the said order into execution according 
to law, returning this warrant with an endorsement certifying the manner of its execution.

FORM No. 23 
INJUNCTION TO PROVIDE AGAINST IMMINENT DANGER PENDING INQUIRY 
(See section 161) 

WHEREAS the inquiry into the conditional order issued by me on the..............................................day 
of .............................................., 20.............................................., is pending, and it has been made to appear 
to me that the nuisance mentioned in the said order is attended with such imminent danger or injury of a 
serious kind to the public as to render necessary immediate measures to prevent such danger or injury, I do 
hereby, under the provisions of section 161 of the Bharatiya Nagarik Suraksha Sanhita, 2023, direct and 
enjoin you forthwith to .............................................. (state plainly what is required to be done as a 
temporary safeguard), pending the result of the inquiry.

FORM No. 26 
MAGISTRATE'S ORDER DECLARING PARTY ENTITLED TO RETAIN POSSESSION OF LAND, ETC., IN DISPUTE 
(See section 164) 
It appears to me, on the grounds duly recorded, that a dispute, likely to induce a breach of the peace, 
existed between..............................................(describe the parties by name and residence or residence only 
if the dispute be between bodies of villagers) concerning certain..............................................(state 
concisely the subject of dispute), situate within my local jurisdiction, all the said parties were called upon 
to give in a written statement of their respective claims as to the fact of actual possession of the 
said..............................................(the subject of dispute), and being satisfied by due inquiry had thereupon, 
without reference to the merits of the claim of either of the said parties to the legal right of possession, that 
the claim of actual possession by the said..............................................(name or names or description) is 
true; I do decide and declare that he is (or they are) in possession of the said..............................................(the 
subject of dispute) and entitled to retain such possession until ousted by due course of law, and do strictly 
forbid any disturbance of his (or their) possession in the meantime.

FORM No. 28 
MAGISTRATE'S ORDER PROHIBITING THE DOING OF ANYTHING ON LAND OR WATER 
(See section 166) 

A dispute having arisen concerning the right of use of..............................................(state concisely the 
subject of dispute) situate within my local jurisdiction, the possession of which land (or water) is claimed 
exclusively by..............................................(describe the person or persons), and it appears to me, on due 
inquiry into the same, that the said land (or water) has been open to the enjoyment of such use by the public 
(or if by an individual or a class of persons, describe him or them) and (if the use can be enjoyed throughout 
the year) that the said use has been enjoyed within three months of the institution of the said inquiry (or if 
the use is enjoyable only at a particular season, say, ""during the last of the seasons at which the same is 
capable of being enjoyed""); 
I do order that the said..............................................(the claimant or claimants of possession) or any one 
in their interest, shall not take (or retain) possession of the said land (or water) to the exclusion of the 
enjoyment of the right of use aforesaid, until he (or they) shall obtain the decree or order of a competent 
Court adjudging him (or them) to be entitled to exclusive possession.

FORM No. 30 
BOND TO PROSECUTE OR GIVE EVIDENCE 
(See section 190) 
I,..............................................(name) of ............................................. (place), do hereby bind myself to 
attend at.....................................................................in the Court of............................................................. 
at.............................................................o'clock on the..............................................................................day 
of..............................................next and then and there to prosecute (or to prosecute and give evidence) (or 
to give evidence) in the matter of a charge of..............................................against one A. B., and, in case of 
making default herein, I bind myself to forfeit to Government the sum of rupees..................

FORM No. 36 
WARRANT OF IMPRISONMENT ON FAILURE TO PAY COMPENSATION 
(See section 273) 
To the Officer in charge of Jail at.............................................. 
WHEREAS.....................................................................................(name and description) has brought 
against..............................................(name and description of the accused person) the complaint 
that..............................................(mention it concisely) and the same has been dismissed on the ground that 
there was no reasonable ground for making the accusation against the said............................................. 
(name) and the order of dismissal awards payment by the said..............................................(name of 
complainant) of the sum of rupees..............................................as compensation; and whereas the said sum 
has not been paid and an order has been made for his simple imprisonment in Jail for the period 
of..............................................days, unless the aforesaid sum be sooner paid; 
This is to authorise and require you to receive the said..............................................(name) into your 
custody, together with this warrant, and him safely to keep in the said Jail for the said period of 
.......................................................................(term of imprisonment), subject to the provisions of 
section 8(6)(b) of the Bharatiya Nyaya Sanhita, 2023, unless the said sum be sooner paid, and on the receipt 
thereof, forthwith to set him at liberty, returning this warrant with an endorsement certifying the manner of 
its execution.

FORM No. 39 
WARRANT OF COMMITMENT IN CERTAIN CASES OF CONTEMPT WHEN A FINE IS IMPOSED 
(See section 384) 

WHEREAS at a Court held before me on this day..............................................(name and description of 
the offender) in the presence (or view) of the Court committed wilful contempt. 

And whereas for such contempt the said..............................................(name of the offender) has been 
adjudged by the Court to pay a fine of rupees.............................................., or in default to suffer simple 
imprisonment for the period of..............................................(state the number of months or days). 

This is to authorise and require you to receive the said..............................................(name of the 
offender) into your custody, together with this warrant, and him safely to keep in the said Jail for the said 
period of..............................................(term of imprisonment), unless the said fine be sooner paid; and, on 
the receipt thereof, forthwith to set him at liberty, returning this warrant with an endorsement certifying the 
manner of its execution.

FORM No. 40 
MAGISTRATE'S OR JUDGE'S WARRANT OF COMMITMENT OF WITNESS REFUSING TO ANSWER OR 
TO PRODUCE DOCUMENT 
(See section 388) 
To.............................................. 
(name and designation of officer of Court) 

WHEREAS..............................................(name and description), being summoned (or brought before 
this Court) as a witness and this day required to give evidence on an inquiry into an alleged offence, refused 
to answer a certain question (or certain questions) put to him touching the said alleged offence, and duly 
recorded, or having been called upon to produce any document has refused to produce such document, 
without alleging any just excuse for such refusal, and for his refusal has been ordered to be detained in 
custody for..............................................(term of detention adjudged); 

This is to authorise and require you to take the said..............................................(name) into custody, 
and him safely to keep in your custody for the period of..............................................days, unless in the 
meantime he shall consent to be examined and to answer the questions asked of him, or to produce the 
document called for from him, and on the last of the said days, or forthwith on such consent being known, 
to bring him before this Court to be dealt with according to law, returning this warrant with an endorsement 
certifying the manner of its execution.

FORM No. 41 
WARRANT OF COMMITMENT UNDER SENTENCE OF DEATH 
(See section 407) 

WHEREAS at the session held before me on the...................................................................day 
20..............................................,..............................................(name 
prisoner), the (1st, 2nd, 3rd, as the case may be), prisoner in case No. ................. of the Calendar for 
20.............. at the said Session, was duly convicted of the offence of culpable homicide amounting to murder 
under section ..............................................of the Bharatiya Nyaya Sanhita, 2023, and sentenced to death, 
subject to the confirmation of the said sentence by the..............................................Court 
of........................................................................ 
This is to authorise and require you to receive the said.............................................. (prisoner's name) 
into your custody in the said Jail, together with this warrant, and him there safely to keep until you shall 
receive the further warrant or order of this Court, carrying into effect the order of the said 
.......................................................................Court.

FORM No. 49 
WARRANT OF ATTACHMENT TO ENFORCE A BOND 
To the Police Officer in charge of the police station at.............................................. 

WHEREAS..............................................(name, description and address of person) has failed to appear 
on..............................................(mention the occasion) pursuant to his recognizance, and has by default 
forfeited to Government the sum of rupees..............................................(the penalty in the bond); and 
whereas the said..............................................(name of person) has, on due notice to him, failed to pay the 
said sum or show any sufficient cause why payment should not be enforced against him; 

This is to authorise and require you to attach any movable property of the said 
..............................................(name) that you may find within the district of ............................... , by seizure 
and detention, and, if the said amount be not paid within......................................... , days to sell the property 
so attached or so much of it as may be sufficient to realise the amount aforesaid, and to make return of what 
you have done under this warrant immediately upon its execution.

FORM No. 52 
WARRANT OF ATTACHMENT AGAINST A SURETY 

To..............................................of.............................................. 

WHEREAS..............................................(name, description and address) has bound himself as surety for 
the appearance of .............................................. (mention the condition of the bond) and the said 
.............................................. (name) has made default, and thereby forfeited to Government the sum of 
rupees ........................ (the penalty in the bond); 

This is to authorise and require you to attach any movable property of the said 
................................................................(name) which you may find within .............................................. 
the district of .............................................. , by seizure and detention; and, if the said amount be not paid 
within days, to sell the property so attached, or so much of it as may be sufficient to realise the amount 
aforesaid, and make return of what you have done under this warrant immediately upon its execution.

FORM No. 53 
WARRANT OF COMMITMENT OF THE SURETY OF AN ACCUSED PERSON ADMITTED TO BAIL 
To the Superintendent (or Keeper) of the Civil Jail at.............................................. 

WHEREAS..............................................(name and description of surety) has bound himself as a surety 
for the appearance of.............................................. (state the condition of the bond) and the 
said..............................................(name) has therein made default whereby the penalty mentioned in the said 
bond has been forfeited to Government; and whereas the said..............................................(name of surety) 
has, on due notice to him, failed to pay the said sum or show any sufficient cause why payment should not 
be enforced against him, and the same cannot be recovered by attachment and sale of his movable property, 
and an order has been made for his imprisonment in the Civil Jail for..................................(Specify the 
period); 

This is to authorise and require you, the said Superintendent (or Keeper) to receive the 
said..............................................(name) into your custody with the warrant and to keep him safely in the 
said Jail for the said..............................................(term of imprisonment), and to return this warrant with an 
endorsement certifying the manner of its execution.

FORM No. 57 
WARRANT OF ATTACHMENT AND SALE ON FORFEITURE OF BOND FOR GOOD BEHAVIOUR 

To the Police Officer in charge of the police station at.............................................. 

WHEREAS ......................................................................(name, description and address) did, on 
the..............................................day of.............................................., 20.................., give security by bond in 
the sum of rupees................... for the good behavior of..............................................(name, etc., of the 
principal), and proof has been given before me and duly recorded of the commission by the 
said..............................................(name) of the offence of ..............................................whereby the said 
bond has been forfeited; and whereas notice has been given to the said..............................................(name) 
calling upon him to show cause why the said sum should not be paid, and he has failed to do so to pay the 
said sum; 

This is to authorise and require you to attach by seizure movable property belonging to the 
said..............................................(name) to the value of rupees......................which you may find within the 
district of.............................................. , and, if the said sum be not paid within.............................................. 
, to sell the property so attached, or so much of it as may be sufficient to realise the same, and to make 
return of what you have done under this warrant immediately upon its execution.

FORM No. 58 
WARRANT OF IMPRISONMENT ON FORFEITURE OF BOND FOR GOOD BEHAVIOUR 

To the Superintendent (or Keeper) of the Civil Jail at............................................. 

WHEREAS..........................................................................(name, description and address) did, on the 
.............................................. day of.............................................., 20.................. , give security by bond in 
the sum of rupees........................for the good behaviour of...................................(name, etc., of the 
principal), and proof of the breach of the said bond has been given before me and duly recorded, whereby 
the said..............................................(name) has forfeited to Government the sum of rupees.................. , and 
whereas he has failed to pay the said sum or to show cause why the said sum should not be paid although 
duly called upon to do so, and payment thereof cannot be enforced by attachment of his movable property, 
and an order has been made for the imprisonment of the said..............................................(name) in the Civil 
Jail for the period of..............................................(term of imprisonment); 

This is to authorise and require you, the Superintendent (or Keeper), to receive the 
said..............................................(name) into your custody, together with this warrant, and to keep him 
safely in the said Jail for the said period of..............................................(term of imprisonment), returning 
this warrant with an endorsement certifying the manner of its execution. 

—————"
BSA_2023_s6,BSA_2023,,6,"Motive, preparation and previous or subsequent conduct","Motive, preparation and previous or subsequent conduct.—(1) Any fact is relevant which 
shows or constitutes a motive or preparation for any fact in issue or relevant fact. 
(2) The conduct of any party, or of any agent to any party, to any suit or proceeding, in reference to 
such suit or proceeding, or in reference to any fact in issue therein or relevant thereto, and the conduct of 
any person, an offence against whom is the subject of any proceeding, is relevant, if such conduct 
influences or is influenced by any fact in issue or relevant fact, and whether it was previous or subsequent 
thereto. 
Explanation 1.—The word “conduct” in this section does not include statements, unless those 
statements accompany and explain acts other than statements; but this explanation is not to affect the 
relevancy of statements under any other section of this Adhiniyam. 
Explanation 2.—When the conduct of any person is relevant, any statement made to him or in his 
presence and hearing, which affects such conduct, is relevant. 
(a) A is tried for the murder of B. The facts that A murdered C, that B knew that A had murdered C, 
and that B had tried to extort money from A by threatening to make his knowledge public, are relevant. 
(b) A sues B upon a bond for the payment of money. B denies the making of the bond. The fact that, 
at the time when the bond was alleged to be made, B required money for a particular purpose, is relevant. 
(c) A is tried for the murder of B by poison. The fact that, before the death of B, A procured poison 
similar to that which was administered to B, is relevant. 
(d) The question is, whether a certain document is the will of A. The facts that, not long before, the 
date of the alleged will, A made inquiry into matters to which the provisions of the alleged will relate; 
that he consulted advocates in reference to making the will, and that he caused drafts of other wills to be 
prepared, of which he did not approve, are relevant. 
(e) A is accused of a crime. The facts that, either before, or at the time of, or after the alleged crime, 
A provided evidence which would tend to give to the facts of the case an appearance favourable to 
himself, or that he destroyed or concealed evidence, or prevented the presence or procured the absence of 
persons who might have been witnesses, or suborned persons to give false evidence respecting it, are 
relevant. 
(f) The question is, whether A robbed B. The facts that, after B was robbed, C said in A's presence— 
“the police are coming to look for the person who robbed B”, and that immediately afterwards A ran 
away, are relevant. 
(g) The question is, whether A owes B ten thousand rupees. The facts that A asked C to lend him 
money, and that D said to C in A's presence and hearing—“I advise you not to trust A, for he owes B ten 
thousand rupees”, and that A went away without making any answer, are relevant facts.

(l) The question is, whether A's death was caused by poison. Statements made by A during his illness 
as to his symptoms are relevant facts. 
(m) The question is, what was the state of A's health at the time when an assurance on his life was 
effected. Statements made by A as to the state of his health at or near the time in question are relevant 
facts. 
(n) A sues B for negligence in providing him with a car for hire not reasonably fit for use, whereby A 
was injured. The fact that B's attention was drawn on other occasions to the defect of that particular car is 
relevant. The fact that B was habitually negligent about the cars which he let to hire is irrelevant. 
(o) A is tried for the murder of B by intentionally shooting him dead. The fact that A on other 
occasions shot at B is relevant as showing his intention to shoot B. The fact that A was in the habit of 
shooting at people with intent to murder them is irrelevant. 
(p) A is tried for a crime. The fact that he said something indicating an intention to commit that 
particular crime is relevant. The fact that he said something indicating a general disposition to commit 
crimes of that class is irrelevant."
BSA_2023_s13,BSA_2023,,13,Facts bearing on question whether act was accidental or intentional,"Facts bearing on question whether act was accidental or intentional.—When there is a 
question whether an act was accidental or intentional, or done with a particular knowledge or intention, 
the fact that such act formed part of a series of similar occurrences, in each of which the person doing the 
act was concerned, is relevant. 
(a) A is accused of burning down his house in order to obtain money for which it is insured. The facts 
that A lived in several houses successively each of which he insured, in each of which a fire occurred, 
and after each of which fires A received payment from a different insurance company, are relevant, as 
tending to show that the fires were not accidental. 
(b) A is employed to receive money from the debtors of B. It is A's duty to make entries in a book 
showing the amounts received by him. He makes an entry showing that on a particular occasion he 
received less than he really did receive. The question is, whether this false entry was accidental or 
intentional. The facts that other entries made by A in the same book are false, and that the false entry is in 
each case in favour of A, are relevant. 
(c) A is accused of fraudulently delivering to B a counterfeit currency. The question is, whether the 
delivery of the currency was accidental. The facts that, soon before or soon after the delivery to B, A 
delivered counterfeit currency to C, D and E are relevant, as showing that the delivery to B was not 
accidental."
BSA_2023_s14,BSA_2023,,14,Existence of course of business when relevant,"Existence of course of business when relevant.—When there is a question whether a particular 
act was done, the existence of any course of business, according to which it naturally would have been 
done, is a relevant fact. 
(a) The question is, whether a particular letter was dispatched. The facts that it was the ordinary 
course of business for all letters put in a certain place to be carried to the post, and that particular letter 
was put in that place are relevant. 
(b) The question is, whether a particular letter reached A. The facts that it was posted in due course, 
and was not returned through the Return Letter Office, are relevant. 
Admissions"
BSA_2023_s15,BSA_2023,,15,Admission defined,"Admission defined.—An admission is a statement, oral or documentary or contained in 
electronic form, which suggests any inference as to any fact in issue or relevant fact, and which is made 
by any of the persons, and under the circumstances, hereinafter mentioned."
BSA_2023_s16,BSA_2023,,16,Admission by party to proceeding or his agent,"Admission by party to proceeding or his agent.—(1) Statements made by a party to the 
proceeding, or by an agent to any such party, whom the Court regards, under the circumstances of the 
case, as expressly or impliedly authorised by him to make them, are admissions. 
(2) Statements made by— 
(i) parties to suits suing or sued in a representative character, are not admissions, unless they 
were made while the party making them held that character; or 
(ii) (a) persons who have any proprietary or pecuniary interest in the subject matter of the 
proceeding, and who make the statement in their character of persons so interested; or 
(b) persons from whom the parties to the suit have derived their interest in the subject matter of 
the suit, 
are admissions, if they are made during the continuance of the interest of the persons making the 
statements."
BSA_2023_s17,BSA_2023,,17,Admissions by persons whose position must be proved as against party to suit,"Admissions by persons whose position must be proved as against party to suit.—Statements 
made by persons whose position or liability, it is necessary to prove as against any party to the suit, are 
admissions, if such statements would be relevant as against such persons in relation to such position or 
liability in a suit brought by or against them, and if they are made whilst the person making them 
occupies such position or is subject to such liability. 
A undertakes to collect rents for B. B sues A for not collecting rent due from C to B. A denies that 
rent was due from C to B. A statement by C that he owed B rent is an admission, and is a relevant fact as 
against A, if A denies that C did owe rent to B."
BSA_2023_s18,BSA_2023,,18,Admissions by persons expressly referred to by party to suit,"Admissions by persons expressly referred to by party to suit.—Statements made by persons to 
whom a party to the suit has expressly referred for information in reference to a matter in dispute are 
admissions. 
The question is, whether a horse sold by A to B is sound. 
A says to B— “Go and ask C, C knows all about it”. C's statement is an admission."
BSA_2023_s19,BSA_2023,,19,"Proof of admissions against persons making them, and by or on their behalf","Proof of admissions against persons making them, and by or on their behalf.—Admissions 
are relevant and may be proved as against the person who makes them, or his representative in interest; 
but they cannot be proved by or on behalf of the person who makes them or by his representative in 
interest, except in the following cases, namely:— 
(1) an admission may be proved by or on behalf of the person making it, when it is of such a 
nature that, if the person making it were dead, it would be relevant as between third persons under 
section 26; 
(2) an admission may be proved by or on behalf of the person making it, when it consists of a 
statement of the existence of any state of mind or body, relevant or in issue, made at or about the time 
when such state of mind or body existed, and is accompanied by conduct rendering its falsehood 
improbable; 
(3) an admission may be proved by or on behalf of the person making it, if it is relevant 
otherwise than as an admission. 
(a) The question between A and B is, whether a certain deed is or is not forged. A affirms that it is 
genuine, B that it is forged. A may prove a statement by B that the deed is genuine, and B may prove a"
BSA_2023_s24,BSA_2023,,24,Consideration of proved confession affecting person making it and others jointly under trial,"Consideration of proved confession affecting person making it and others jointly under trial 
for same offence.—When more persons than one are being tried jointly for the same offence, and a 
confession made by one of such persons affecting himself and some other of such persons is proved, the 
Court may take into consideration such confession as against such other person as well as against the 
person who makes such confession. 
Explanation I.—“Offence”, as used in this section, includes the abetment of, or attempt to commit, 
the offence. 
Explanation II.—A trial of more persons than one held in the absence of the accused who has 
absconded or who fails to comply with a proclamation issued under section 84 of the Bharatiya Nagarik 
Suraksha Sanhita, 2023 shall be deemed to be a joint trial for the purpose of this section. 
(a) A and B are jointly tried for the murder of C. It is proved that A said—“B and I murdered C”. The 
Court may consider the effect of this confession as against B. 
(b) A is on his trial for the murder of C. There is evidence to show that C was murdered by A and B, 
and that B said— “A and I murdered C”. This statement may not be taken into consideration by the Court 
against A, as B is not being jointly tried."
BSA_2023_s25,BSA_2023,,25,"Admissions not conclusive proof, but may estop","Admissions not conclusive proof, but may estop.—Admissions are not conclusive proof of the 
matters admitted but they may operate as estoppels under the provisions hereinafter contained. 
Statements by persons who cannot be called as witnesses"
BSA_2023_s26,BSA_2023,,26,"Cases in which statement of relevant fact by person who is dead or cannot be found, etc., is","Cases in which statement of relevant fact by person who is dead or cannot be found, etc., is 
relevant.—Statements, written or verbal, of relevant facts made by a person who is dead, or who cannot 
be found, or who has become incapable of giving evidence, or whose attendance cannot be procured 
without an amount of delay or expense which under the circumstances of the case appears to the Court 
unreasonable, are themselves relevant facts in the following cases, namely:— 
(a) when the statement is made by a person as to the cause of his death, or as to any of the 
circumstances of the transaction which resulted in his death, in cases in which the cause of that 
person's death comes into question. Such statements are relevant whether the person who made them 
was or was not, at the time when they were made, under expectation of death, and whatever may be 
the nature of the proceeding in which the cause of his death comes into question; 
(b) when the statement was made by such person in the ordinary course of business, and in 
particular when it consists of any entry or memorandum made by him in books kept in the ordinary 
course of business, or in the discharge of professional duty; or of an acknowledgement written or 
signed by him of the receipt of money, goods, securities or property of any kind; or of a document 
used in commerce written or signed by him; or of the date of a letter or other document usually dated, 
written or signed by him; 
(c) when the statement is against the pecuniary or proprietary interest of the person making it, or 
when, if true, it would expose him or would have exposed him to a criminal prosecution or to a suit 
for damages; 
(d) when the statement gives the opinion of any such person, as to the existence of any public 
right or custom or matter of public or general interest, of the existence of which, if it existed, he 
would have been likely to be aware, and when such statement was made before any controversy as to 
such right, custom or matter had arisen; 
(e) when the statement relates to the existence of any relationship by blood, marriage or adoption 
between persons as to whose relationship by blood, marriage or adoption the person making the 
statement had special means of knowledge, and when the statement was made before the question in 
dispute was raised; 
(f) when the statement relates to the existence of any relationship by blood, marriage or adoption 
between persons deceased, and is made in any will or deed relating to the affairs of the family to

which any such deceased person belonged, or in any family pedigree, or upon any tombstone, family 
portrait or other thing on which such statements are usually made, and when such statement was 
made before the question in dispute was raised; 
(g) when the statement is contained in any deed, will or other document which relates to any such 
transaction as is specified in clause (a) of section 11; 
(h) when the statement was made by a number of persons, and expressed feelings or impressions 
on their part relevant to the matter in question. 
(a) The question is, whether A was murdered by B; or A dies of injuries received in a transaction in 
the course of which she was raped. The question is whether she was raped by B; or the question is, 
whether A was killed by B under such circumstances that a suit would lie against B by A's widow. 
Statements made by A as to the cause of his or her death, referring respectively to the murder, the rape 
and the actionable wrong under consideration, are relevant facts. 
(b) The question is as to the date of A's birth. An entry in the diary of a deceased surgeon regularly 
kept in the course of business, stating that, on a given day he attended A's mother and delivered her of a 
son, is a relevant fact. 
(c) The question is, whether A was in Nagpur on a given day. A statement in the diary of a deceased 
solicitor, regularly kept in the course of business, that on a given day the solicitor attended A at a place 
mentioned, in Nagpur, for the purpose of conferring with him upon specified business, is a relevant fact. 
(d) The question is, whether a ship sailed from Mumbai harbour on a given day. A letter written by a 
deceased member of a merchant's firm by which she was chartered to their correspondents in Chennai, to 
whom the cargo was consigned, stating that the ship sailed on a given day from Mumbai port, is a 
relevant fact. 
(e) The question is, whether rent was paid to A for certain land. A letter from A's deceased agent to 
A, saying that he had received the rent on A's account and held it at A's orders is a relevant fact. 
(f) The question is, whether A and B were legally married. The statement of a deceased clergyman 
that he married them under such circumstances that the celebration would be a crime is relevant. 
(g) The question is, whether A, a person who cannot be found, wrote a letter on a certain day. The 
fact that a letter written by him is dated on that day is relevant. 
(h) The question is, what was the cause of the wreck of a ship. A protest made by the captain, whose 
attendance cannot be procured, is a relevant fact. 
(i) The question is, whether a given road is a public way. A statement by A, a deceased headman of 
the village, that the road was public, is a relevant fact. 
(j) The question is, what was the price of grain on a certain day in a particular market. A statement of 
the price, made by a deceased business person in the ordinary course of his business, is a relevant fact. 
(k) The question is, whether A, who is dead, was the father of B. A statement by A that B was his 
son, is a relevant fact. 
(l) The question is, what was the date of the birth of A. A letter from A's deceased father to a friend, 
announcing the birth of A on a given day, is a relevant fact. 
(m) The question is, whether, and when, A and B were married. An entry in a memorandum book by 
C, the deceased father of B, of his daughter's marriage with A on a given date, is a relevant fact. 
(n) A sues B for a libel expressed in a painted caricature exposed in a shop window. The question is 
as to the similarity of the caricature and its libellous character. The remarks of a crowd of spectators on 
these points may be proved."
BSA_2023_s27,BSA_2023,,27,"Relevancy of certain evidence for proving, in subsequent proceeding, truth of facts therein","Relevancy of certain evidence for proving, in subsequent proceeding, truth of facts therein 
stated.—Evidence given by a witness in a judicial proceeding, or before any person authorised by law to

take it, is relevant for the purpose of proving, in a subsequent judicial proceeding, or in a later stage of the 
same judicial proceeding, the truth of the facts which it states, when the witness is dead or cannot be 
found, or is incapable of giving evidence, or is kept out of the way by the adverse party, or if his presence 
cannot be obtained without an amount of delay or expense which, under the circumstances of the case, 
the Court considers unreasonable: 
Provided that the proceeding was between the same parties or their representatives in interest; that the 
adverse party in the first proceeding had the right and opportunity to cross-examine and the questions in 
issue were substantially the same in the first as in the second proceeding. 
Explanation.—A criminal trial or inquiry shall be deemed to be a proceeding between the prosecutor 
and the accused within the meaning of this section. 
Statements made under special circumstances"
BSA_2023_s28,BSA_2023,,28,Entries in books of account when relevant,"Entries in books of account when relevant.—Entries in the books of account, including those 
maintained in an electronic form, regularly kept in the course of business are relevant whenever they refer 
to a matter into which the Court has to inquire, but such statements shall not alone be sufficient evidence 
to charge any person with liability. 
A sues B for one thousand rupees, and shows entries in his account books showing B to be indebted 
to him to this amount. The entries are relevant, but are not sufficient, without other evidence, to prove the 
debt."
BSA_2023_s29,BSA_2023,,29,Relevancy of entry in public record or an electronic record made in performance of duty,"Relevancy of entry in public record or an electronic record made in performance of duty.—
An entry in any public or other official book, register or record or an electronic record, stating a fact in 
issue or relevant fact, and made by a public servant in the discharge of his official duty, or by any other 
person in performance of a duty specially enjoined by the law of the country in which such book, register 
or record or an electronic record, is kept, is itself a relevant fact."
BSA_2023_s30,BSA_2023,,30,"Relevancy of statements in maps, charts and plans","Relevancy of statements in maps, charts and plans.—Statements of facts in issue or relevant 
facts, made in published maps or charts generally offered for public sale, or in maps or plans made under 
the authority of the Central Government or any State Government, as to matters usually represented or 
stated in such maps, charts or plans, are themselves relevant facts."
BSA_2023_s31,BSA_2023,,31,Relevancy of statement as to fact of public nature contained in certain Acts or,"Relevancy of statement as to fact of public nature contained in certain Acts or 
notifications.—When the Court has to form an opinion as to the existence of any fact of a public nature, 
any statement of it, made in a recital contained in any Central Act or State Act or in a Central 
Government or State Government notification appearing in the respective Official Gazette or in any 
printed paper or in electronic or digital form purporting to be such Gazette, is a relevant fact."
BSA_2023_s32,BSA_2023,,32,Relevancy of statements as to any law contained in law books including electronic or digital,"Relevancy of statements as to any law contained in law books including electronic or digital 
form.—When the Court has to form an opinion as to a law of any country, any statement of such law 
contained in a book purporting to be printed or published including in electronic or digital form under the 
authority of the Government of such country and to contain any such law, and any report of a ruling of 
the Courts of such country contained in a book including in electronic or digital form purporting to be a 
report of such rulings, is relevant. 
How much of a statement is to be proved"
BSA_2023_s33,BSA_2023,,33,"What evidence to be given when statement forms part of a conversation, document,","What evidence to be given when statement forms part of a conversation, document, 
electronic record, book or series of letters or papers.—When any statement of which evidence is given 
forms part of a longer statement, or of a conversation or part of an isolated document, or is contained in a 
document which forms part of a book, or is contained in part of electronic record or of a connected series 
of letters or papers, evidence shall be given of so much and no more of the statement, conversation,

(c) A has obtained a decree for the possession of land against B. C, B's son, murders A in 
consequence. The existence of the judgment is relevant, as showing motive for a crime. 
(d) A is charged with theft and with having been previously convicted of theft. The previous 
conviction is relevant as a fact in issue. 
(e) A is tried for the murder of B. The fact that B prosecuted A for libel and that A was convicted and 
sentenced is relevant under section 6 as showing the motive for the fact in issue."
BSA_2023_s38,BSA_2023,,38,"Fraud or collusion in obtaining judgment, or incompetency of Court, may be proved","Fraud or collusion in obtaining judgment, or incompetency of Court, may be proved.—Any 
party to a suit or other proceeding may show that any judgment, order or decree which is relevant under 
section 34, 35 or 36, and which has been proved by the adverse party, was delivered by a Court not 
competent to deliver it, or was obtained by fraud or collusion. 
Opinions of third persons when relevant"
BSA_2023_s39,BSA_2023,,39,Opinions of experts,"Opinions of experts.—(1) When the Court has to form an opinion upon a point of foreign law or 
of science or art, or any other field, or as to identity of handwriting or finger impressions, the opinions 
upon that point of persons specially skilled in such foreign law, science or art, or any other field, or in 
questions as to identity of handwriting or finger impressions are relevant facts and such persons are called 
experts. 

(a) The question is, whether the death of A was caused by poison. The opinions of experts as to the 
symptoms produced by the poison by which A is supposed to have died, are relevant. 
(b) The question is, whether A, at the time of doing a certain act, was, by reason of unsoundness of 
mind, incapable of knowing the nature of the act, or that he was doing what was either wrong or contrary 
to law. The opinions of experts upon the question whether the symptoms exhibited by A commonly show 
unsoundness of mind, and whether such unsoundness of mind usually renders persons incapable of 
knowing the nature of the acts which they do, or of knowing that what they do is either wrong or contrary 
to law, are relevant. 
(c) The question is, whether a certain document was written by A. Another document is produced 
which is proved or admitted to have been written by A. The opinions of experts on the question whether 
the two documents were written by the same person or by different persons, are relevant. 
(2) When in a proceeding, the court has to form an opinion on any matter relating to any information 
transmitted or stored in any computer resource or any other electronic or digital form, the opinion of the 
Examiner of Electronic Evidence referred to in section 79A of the Information Technology Act, 2000 
(21 of 2000), is a relevant fact. 
Explanation.—For the purposes of this sub-section, an Examiner of Electronic Evidence shall be an 
expert."
BSA_2023_s40,BSA_2023,,40,Facts bearing upon opinions of experts,"Facts bearing upon opinions of experts.—Facts, not otherwise relevant, are relevant if they 
support or are inconsistent with the opinions of experts, when such opinions are relevant. 
(a) The question is, whether A was poisoned by a certain poison. The fact that other persons, who 
were poisoned by that poison, exhibited certain symptoms which experts affirm or deny to be the 
symptoms of that poison, is relevant. 
(b) The question is, whether an obstruction to a harbour is caused by a certain sea-wall. The fact that 
other harbours similarly situated in other respects, but where there were no such sea-walls, began to be 
obstructed at about the same time, is relevant."
BSA_2023_s41,BSA_2023,,41,"Opinion as to handwriting and signature, when relevant","Opinion as to handwriting and signature, when relevant.—(1) When the Court has to form an 
opinion as to the person by whom any document was written or signed, the opinion of any person 
acquainted with the handwriting of the person by whom it is supposed to be written or signed that it was 
or was not written or signed by that person, is a relevant fact.

(a) Acts, orders or notifications of the Central Government in any of its Ministries and 
Departments or of any State Government or any Department of any State Government or Union 
territory Administration— 
(i) by the records of the Departments, certified by the head of those Departments 
respectively; or 
(ii) by any document purporting to be printed by order of any such Government; 
(b) the proceedings of Parliament or a State Legislature, by the journals of those bodies 
respectively, or by published Acts or abstracts, or by copies purporting to be printed by order of the 
Government concerned; 
(c) proclamations, orders or Regulations issued by the President of India or the Governor of a 
State or the Administrator or Lieutenant Governor of a Union territory, by copies or extracts 
contained in the Official Gazette; 
(d) the Acts of the Executive or the proceedings of the Legislature of a foreign country, by 
journals published by their authority, or commonly received in that country as such, or by a copy 
certified under the seal of the country or sovereign, or by a recognition thereof in any Central Act; 
(e) the proceedings of a municipal or local body in a State, by a copy of such proceedings, 
certified by the legal keeper thereof, or by a printed book purporting to be published by the authority 
of such body; 
(f) public documents of any other class in a foreign country, by the original or by a copy certified 
by the legal keeper thereof, with a certificate under the seal of a Notary Public, or of an Indian 
Consul or diplomatic agent, that the copy is duly certified by the officer having the legal custody of 
the original, and upon proof of the character of the document according to the law of the foreign 
country. 
Presumptions as to documents"
BSA_2023_s78,BSA_2023,,78,Presumption as to genuineness of certified copies,"Presumption as to genuineness of certified copies.—(1) The Court shall presume to be genuine 
every document purporting to be a certificate, certified copy or other document, which is by law declared 
to be admissible as evidence of any particular fact and which purports to be duly certified by any officer 
of the Central Government or of a State Government: 
Provided that such document is substantially in the form and purports to be executed in the manner 
directed by law in that behalf. 
(2) The Court shall also presume that any officer by whom any such document purports to be signed 
or certified, held, when he signed it, the official character which he claims in such paper."
BSA_2023_s79,BSA_2023,,79,"Presumption as to documents produced as record of evidence, etc","Presumption as to documents produced as record of evidence, etc.—Whenever any document 
is produced before any Court, purporting to be a record or memorandum of the evidence, or of any part of 
the evidence, given by a witness in a judicial proceeding or before any officer authorised by law to take 
such evidence or to be a statement or confession by any prisoner or accused person, taken in accordance 
with law, and purporting to be signed by any Judge or Magistrate, or by any such officer as aforesaid, the 
Court shall presume that— 
(i) the document is genuine; 
(ii) any statements as to the circumstances under which it was taken, purporting to be made by 
the person signing it, are true; and 
(iii) such evidence, statement or confession was duly taken."
BSA_2023_s80,BSA_2023,,80,"Presumption as to Gazettes, newspapers, and other documents","Presumption as to Gazettes, newspapers, and other documents.—The Court shall presume the 
genuineness of every document purporting to be the Official Gazette, or to be a newspaper or journal, and

of every document purporting to be a document directed by any law to be kept by any person, if such 
document is kept substantially in the form required by law and is produced from proper custody. 
Explanation.—For the purposes of this section and section 92, document is said to be in proper 
custody if it is in the place in which, and looked after by the person with whom such document is 
required to be kept; but no custody is improper if it is proved to have had a legitimate origin, or if the 
circumstances of the particular case are such as to render that origin probable."
BSA_2023_s81,BSA_2023,,81,Presumption as to Gazettes in electronic or digital record,"Presumption as to Gazettes in electronic or digital record.—The Court shall presume the 
genuineness of every electronic or digital record purporting to be the Official Gazette, or purporting to be 
electronic or digital record directed by any law to be kept by any person, if such electronic or digital 
record is kept substantially in the form required by law and is produced from proper custody. 
Explanation.—For the purposes of this section and section 93 electronic records are said to be in 
proper custody if they are in the place in which, and looked after by the person with whom such 
document is required to be kept; but no custody is improper if it is proved to have had a legitimate origin, 
or the circumstances of the particular case are such as to render that origin probable."
BSA_2023_s82,BSA_2023,,82,Presumption as to maps or plans made by authority of Government,"Presumption as to maps or plans made by authority of Government.—The Court shall 
presume that maps or plans purporting to be made by the authority of the Central Government or any 
State Government were so made, and are accurate; but maps or plans made for the purposes of any cause 
must be proved to be accurate."
BSA_2023_s83,BSA_2023,,83,Presumption as to collections of laws and reports of decisions,"Presumption as to collections of laws and reports of decisions.—The Court shall presume the 
genuineness of, every book purporting to be printed or published under the authority of the Government 
of any country, and to contain any of the laws of that country, and of every book purporting to contain 
reports of decisions of the Courts of such country."
BSA_2023_s84,BSA_2023,,84,Presumption as to powers-of-attorney,"Presumption as to powers-of-attorney.—The Court shall presume that every document 
purporting to be a power-of-attorney, and to have been executed before, and authenticated by, a Notary 
Public, or any Court, Judge, Magistrate, Indian Consul or Vice-Consul, or representative of the Central 
Government, was so executed and authenticated."
BSA_2023_s85,BSA_2023,,85,Presumption as to electronic agreements,"Presumption as to electronic agreements.—The Court shall presume that every electronic 
record purporting to be an agreement containing the electronic or digital signature of the parties was so 
concluded by affixing the electronic or digital signature of the parties."
BSA_2023_s86,BSA_2023,,86,Presumption as to electronic records and electronic signatures,"Presumption as to electronic records and electronic signatures.—(1) In any proceeding 
involving a secure electronic record, the Court shall presume unless contrary is proved, that the secure 
electronic record has not been altered since the specific point of time to which the secure status relates. 
(2) In any proceeding, involving secure electronic signature, the Court shall presume unless the 
contrary is proved that— 
(a) the secure electronic signature is affixed by subscriber with the intention of signing or 
approving the electronic record; 
(b) except in the case of a secure electronic record or a secure electronic signature, nothing in this 
section shall create any presumption, relating to authenticity and integrity of the electronic record or 
any electronic signature."
BSA_2023_s87,BSA_2023,,87,Presumption as to Electronic Signature Certificates,"Presumption as to Electronic Signature Certificates.—The Court shall presume, unless 
contrary is proved, that the information listed in an Electronic Signature Certificate is correct, except for 
information specified as subscriber information which has not been verified, if the certificate was 
accepted by the subscriber."
BSA_2023_s88,BSA_2023,,88,Presumption as to certified copies of foreign judicial records,"Presumption as to certified copies of foreign judicial records.—(1) The Court may presume 
that any document purporting to be a certified copy of any judicial record of any country beyond India is 
genuine and accurate, if the document purports to be certified in any manner which is certified by any 
representative of the Central Government in or for such country to be the manner commonly in use in that 
country for the certification of copies of judicial records.

Exception 2.—Wills admitted to probate in India may be proved by the probate. 
Explanation 1.—This section applies equally to cases in which the contracts, grants or dispositions of 
property referred to are contained in one document, and to cases in which they are contained in more 
documents than one. 
Explanation 2.—Where there are more originals than one, one original only need be proved. 
Explanation 3.—The statement, in any document whatever, of a fact other than the facts referred to in 
this section, shall not preclude the admission of oral evidence as to the same fact. 
(a) If a contract be contained in several letters, all the letters in which it is contained must be proved. 
(b) If a contract is contained in a bill of exchange, the bill of exchange must be proved. 
(c) If a bill of exchange is drawn in a set of three, one only need be proved. 
(d) A contracts, in writing, with B, for the delivery of indigo upon certain terms. The contract 
mentions the fact that B had paid A the price of other indigo contracted for verbally on another occasion. 
Oral evidence is offered that no payment was made for the other indigo. The evidence is admissible. 
(e) A gives B a receipt for money paid by B. Oral evidence is offered of the payment. The evidence is 
admissible."
BSA_2023_s95,BSA_2023,,95,Exclusion of evidence of oral agreement,"Exclusion of evidence of oral agreement.—When the terms of any such contract, grant or other 
disposition of property, or any matter required by law to be reduced to the form of a document, have been 
proved according to section 94, no evidence of any oral agreement or statement shall be admitted, as 
between the parties to any such instrument or their representatives in interest, for the purpose of 
contradicting, varying, adding to, or subtracting from, its terms: 
Provided that any fact may be proved which would invalidate any document, or which would entitle 
any person to any decree or order relating thereto; such as fraud, intimidation, illegality, want of due 
execution, want of capacity in any contracting party, want or failure of consideration, or mistake in fact 
or law: 
Provided further that the existence of any separate oral agreement as to any matter on which a 
document is silent, and which is not inconsistent with its terms, may be proved. In considering whether or 
not this proviso applies, the Court shall have regard to the degree of formality of the document: 
Provided also that the existence of any separate oral agreement, constituting a condition precedent to 
the attaching of any obligation under any such contract, grant or disposition of property, may be proved: 
Provided also that the existence of any distinct subsequent oral agreement to rescind or modify any 
such contract, grant or disposition of property, may be proved, except in cases in which such contract, 
grant or disposition of property is by law required to be in writing, or has been registered according to the 
law in force for the time being as to the registration of documents: 
Provided also that any usage or custom by which incidents not expressly mentioned in any contract 
are usually annexed to contracts of that description, may be proved: 
Provided also that the annexing of such incident would not be repugnant to, or inconsistent with, the 
express terms of the contract: 
Provided also that any fact may be proved which shows in what manner the language of a document 
is related to existing facts. 
(a) A policy of insurance is effected on goods “in ships from Kolkata to Visakhapatnam”. The goods 
are shipped in a particular ship which is lost. The fact that particular ship was orally excepted from the 
policy, cannot be proved.

(b) A agrees absolutely in writing to pay B one thousand rupees on the 1st March, 2023. The fact 
that, at the same time, an oral agreement was made that the money should not be paid till the 31st March, 
2023, cannot be proved. 
(c) An estate called “the Rampur tea estate” is sold by a deed which contains a map of the property 
sold. The fact that land not included in the map had always been regarded as part of the estate and was 
meant to pass by the deed cannot be proved. 
(d) A enters into a written contract with B to work certain mines, the property of B, upon certain 
terms. A was induced to do so by a misrepresentation of B's as to their value. This fact may be proved. 
(e) A institutes a suit against B for the specific performance of a contract, and also prays that the 
contract may be reformed as to one of its provisions, as that provision was inserted in it by mistake. A 
may prove that such a mistake was made as would by law entitle him to have the contract reformed. 
(f) A orders goods of B by a letter in which nothing is said as to the time of payment, and accepts the 
goods on delivery. B sues A for the price. A may show that the goods were supplied on credit for a term 
still unexpired. 
(g) A sells B a horse and verbally warrants him sound. A gives B a paper in these words— “Bought 
of A a horse for thirty thousand rupees”. B may prove the verbal warranty. 
(h) A hires lodgings of B, and gives B a card on which is written— “Rooms, ten thousand rupees a 
month”. A may prove a verbal agreement that these terms were to include partial board. A hires lodging 
of B for a year, and a regularly stamped agreement, drawn up by an advocate, is made between them. It is 
silent on the subject of board. A may not prove that board was included in the term verbally. 
(i) A applies to B for a debt due to A by sending a receipt for the money. B keeps the receipt and does 
not send the money. In a suit for the amount, A may prove this. 
(j) A and B make a contract in writing to take effect upon the happening of a certain contingency. 
The writing is left with B who sues A upon it. A may show the circumstances under which it was 
delivered."
BSA_2023_s96,BSA_2023,,96,Exclusion of evidence to explain or amend ambiguous document,"Exclusion of evidence to explain or amend ambiguous document.—When the language used 
in a document is, on its face, ambiguous or defective, evidence may not be given of facts which would 
show its meaning or supply its defects. 
(a) A agrees, in writing, to sell a horse to B for “one lakh rupees or one lakh fifty thousand rupees”. 
Evidence cannot be given to show which price was to be given. 
(b) A deed contains blanks. Evidence cannot be given of facts which would show how they were 
meant to be filled."
BSA_2023_s97,BSA_2023,,97,Exclusion of evidence against application of document to existing facts,"Exclusion of evidence against application of document to existing facts.—When language 
used in a document is plain in itself, and when it applies accurately to existing facts, evidence may not be 
given to show that it was not meant to apply to such facts. 
A sells to B, by deed, “my estate at Rampur containing one hundred bighas”. A has an estate at 
Rampur containing one hundred bighas. Evidence may not be given of the fact that the estate meant to be 
sold was one situated at a different place and of a different size."
BSA_2023_s98,BSA_2023,,98,Evidence as to document unmeaning in reference to existing facts,"Evidence as to document unmeaning in reference to existing facts.—When language used in a 
document is plain in itself, but is unmeaning in reference to existing facts, evidence may be given to 
show that it was used in a peculiar sense.

A sells to B, by deed, “my house in Kolkata”. A had no house in Kolkata, but it appears that he had a 
house at Howrah, of which B had been in possession since the execution of the deed. These facts may be 
proved to show that the deed related to the house at Howrah."
BSA_2023_s99,BSA_2023,,99,Evidence as to application of language which can apply to one only of several persons,"Evidence as to application of language which can apply to one only of several persons.—
When the facts are such that the language used might have been meant to apply to any one, and could not 
have been meant to apply to more than one, of several persons or things, evidence may be given of facts 
which show which of those persons or things it was intended to apply to. 

(a) A agrees to sell to B, for one thousand rupees, “my white horse”. A has two white horses. 
Evidence may be given of facts which show which of them was meant. 
(b) A agrees to accompany B to Ramgarh. Evidence may be given of facts showing whether Ramgarh 
in Rajasthan or Ramgarh in Uttarakhand was meant."
BSA_2023_s100,BSA_2023,,100,"Evidence as to application of language to one of two sets of facts, to neither of which the","Evidence as to application of language to one of two sets of facts, to neither of which the 
whole correctly applies.—When the language used applies partly to one set of existing facts, and partly 
to another set of existing facts, but the whole of it does not apply correctly to either, evidence may be 
given to show to which of the two it was meant to apply. 
A agrees to sell to B “my land at X in the occupation of Y”. A has land at X, but not in the 
occupation of Y, and he has land in the occupation of Y but it is not at X. Evidence may be given of facts 
showing which he meant to sell."
BSA_2023_s101,BSA_2023,,101,"Evidence as to meaning of illegible characters, etc","Evidence as to meaning of illegible characters, etc.—Evidence may be given to show the 
meaning of illegible or not commonly intelligible characters, of foreign, obsolete, technical, local and 
regional expressions, of abbreviations and of words used in a peculiar sense. 
A, sculptor, agrees to sell to B, “all my mods”. A has both models and modelling tools. Evidence 
may be given to show which he meant to sell."
BSA_2023_s102,BSA_2023,,102,Who may give evidence of agreement varying terms of document,"Who may give evidence of agreement varying terms of document.—Persons who are not 
parties to a document, or their representatives in interest, may give evidence of any facts tending to show 
a contemporaneous agreement varying the terms of the document. 
A and B make a contract in writing that B shall sell A certain cotton, to be paid for on delivery. At 
the same time, they make an oral agreement that three months’ credit shall be given to A. This could not 
be shown as between A and B, but it might be shown by C, if it affected his interests."
BSA_2023_s103,BSA_2023,,103,Saving of provisions of Indian Succession Act relating to wills,"Saving of provisions of Indian Succession Act relating to wills.—Nothing in this Chapter 
shall be taken to affect any of the provisions of the Indian Succession Act, 1925 (39 of 1925) as to the 
construction of wills. 
PART IV 
PRODUCTION AND EFFECT OF EVIDENCE 
CHAPTER VII 
OF THE BURDEN OF PROOF"
BSA_2023_s104,BSA_2023,BSA_2023_CH_VII,104,Burden of proof,"Burden of proof.—Whoever desires any Court to give judgment as to any legal right or liability 
dependent on the existence of facts which he asserts must prove that those facts exist, and when a person 
is bound to prove the existence of any fact, it is said that the burden of proof lies on that person."
BSA_2023_s109,BSA_2023,BSA_2023_CH_VII,109,Burden of proving fact especially within knowledge,"Burden of proving fact especially within knowledge.—When any fact is especially within the 
knowledge of any person, the burden of proving that fact is upon him. 
(a) When a person does an act with some intention other than that which the character and 
circumstances of the act suggest, the burden of proving that intention is upon him. 
(b) A is charged with travelling on a railway without a ticket. The burden of proving that he had a 
ticket is on him."
BSA_2023_s110,BSA_2023,BSA_2023_CH_VII,110,Burden of proving death of person known to have been alive within thirty years,"Burden of proving death of person known to have been alive within thirty years.—When 
the question is whether a man is alive or dead, and it is shown that he was alive within thirty years, the 
burden of proving that he is dead is on the person who affirms it."
BSA_2023_s111,BSA_2023,BSA_2023_CH_VII,111,Burden of proving that person is alive who has not been heard of for seven years,"Burden of proving that person is alive who has not been heard of for seven years.—When 
the question is whether a man is alive or dead, and it is proved that he has not been heard of for seven 
years by those who would naturally have heard of him if he had been alive, the burden of proving that he 
is alive is shifted to the person who affirms it."
BSA_2023_s112,BSA_2023,BSA_2023_CH_VII,112,"Burden of proof as to relationship in the cases of partners, landlord and tenant, principal","Burden of proof as to relationship in the cases of partners, landlord and tenant, principal 
and agent.—When the question is whether persons are partners, landlord and tenant, or principal and 
agent, and it has been shown that they have been acting as such, the burden of proving that they do not 
stand, or have ceased to stand, to each other in those relationships respectively, is on the person who 
affirms it."
BSA_2023_s113,BSA_2023,BSA_2023_CH_VII,113,Burden of proof as to ownership,"Burden of proof as to ownership.—When the question is whether any person is owner of 
anything of which he is shown to be in possession, the burden of proving that he is not the owner is on 
the person who affirms that he is not the owner."
BSA_2023_s114,BSA_2023,BSA_2023_CH_VII,114,Proof of good faith in transactions where one party is in relation of active confidence,"Proof of good faith in transactions where one party is in relation of active confidence.—
Where there is a question as to the good faith of a transaction between parties, one of whom stands to the 
other in a position of active confidence, the burden of proving the good faith of the transaction is on the 
party who is in a position of active confidence. 
(a) The good faith of a sale by a client to an advocate is in question in a suit brought by the client. 
The burden of proving the good faith of the transaction is on the advocate. 
(b) The good faith of a sale by a son just come of age to a father is in question in a suit brought by the 
son. The burden of proving the good faith of the transaction is on the father."
BSA_2023_s115,BSA_2023,BSA_2023_CH_VII,115,Presumption as to certain offences,"Presumption as to certain offences.—(1) Where a person is accused of having committed any 
offence specified in sub-section (2), in— 
(a) any area declared to be a disturbed area under any enactment for the time being in force, 
making provision for the suppression of disorder and restoration and maintenance of public order; or 
(b) any area in which there has been, over a period of more than one month, extensive 
disturbance of the public peace, 
and it is shown that such person had been at a place in such area at a time when firearms or explosives 
were used at or from that place to attack or resist the members of any armed forces or the forces charged 
with the maintenance of public order acting in the discharge of their duties, it shall be presumed, unless 
the contrary is shown, that such person had committed such offence. 
(2) The offences referred to in sub-section (1) are the following, namely:— 
(a) an offence under section 147, section 148, section 149 or section 150 of the Bharatiya Nyaya 
Sanhita, 2023; 
(b) criminal conspiracy or attempt to commit, or abetment of, an offence under section 
149 or section 150 of the Bharatiya Nyaya Sanhita, 2023."
BSA_2023_s116,BSA_2023,BSA_2023_CH_VII,116,"Birth during marriage, conclusive proof of legitimacy","Birth during marriage, conclusive proof of legitimacy.—The fact that any person was born 
during the continuance of a valid marriage between his mother and any man, or within two hundred and 
eighty days after its dissolution, the mother remaining unmarried, shall be conclusive proof that he is the 
legitimate child of that man, unless it can be shown that the parties to the marriage had no access to each 
other at any time when he could have been begotten."
BSA_2023_s117,BSA_2023,BSA_2023_CH_VII,117,Presumption as to abetment of suicide by a married woman,"Presumption as to abetment of suicide by a married woman.—When the question is whether 
the commission of suicide by a woman had been abetted by her husband or any relative of her husband 
and it is shown that she had committed suicide within a period of seven years from the date of her 
marriage and that her husband or such relative of her husband had subjected her to cruelty, the Court may 
presume, having regard to all the other circumstances of the case, that such suicide had been abetted by 
her husband or by such relative of her husband. 
Explanation.—For the purposes of this section, “cruelty” shall have the same meaning as in 
section 86 of the Bharatiya Nyaya Sanhita, 2023."
BSA_2023_s118,BSA_2023,BSA_2023_CH_VII,118,Presumption as to dowry death,"Presumption as to dowry death.—When the question is whether a person has committed the 
dowry death of a woman and it is shown that soon before her death, such woman had been subjected by 
such person to cruelty or harassment for, or in connection with, any demand for dowry, the Court shall 
presume that such person had caused the dowry death. 
Explanation.—For the purposes of this section, “dowry death” shall have the same meaning as 
in section 80 of the Bharatiya Nyaya Sanhita, 2023."
BSA_2023_s119,BSA_2023,BSA_2023_CH_VII,119,Court may presume existence of certain facts,"Court may presume existence of certain facts.—(1) The Court may presume the existence of 
any fact which it thinks likely to have happened, regard being had to the common course of natural 
events, human conduct and public and private business, in their relation to the facts of the particular case. 
The Court may presume that— 
(a) a man who is in possession of stolen goods soon, after the theft is either the thief or has 
received the goods knowing them to be stolen, unless he can account for his possession; 
(b) an accomplice is unworthy of credit, unless he is corroborated in material particulars; 
(c) a bill of exchange, accepted or endorsed, was accepted or endorsed for good consideration; 
(d) a thing or state of things which has been shown to be in existence within a period shorter than 
that within which such things or state of things usually cease to exist, is still in existence; 
(e) judicial and official acts have been regularly performed; 
(f) the common course of business has been followed in particular cases; 
(g) evidence which could be and is not produced would, if produced, be unfavourable to the 
person who withholds it; 
(h) if a man refuses to answer a question which he is not compelled to answer by law, the answer, 
if given, would be unfavourable to him; 
(i) when a document creating an obligation is in the hands of the obligor, the obligation has been 
discharged. 
(2) The Court shall also have regard to such facts as the following, in considering whether such 
maxims do or do not apply to the particular case before it:— 
(i) as to Illustration (a)—a shop-keeper has in his bill a marked rupee soon after it was stolen, 
and cannot account for its possession specifically, but is continually receiving rupees in the course of 
his business;

(ii) as to Illustration (b) —A, a person of the highest character, is tried for causing a man's death 
by an act of negligence in arranging certain machinery. B, a person of equally good character, who 
also took part in the arrangement, describes precisely what was done, and admits and explains the 
common carelessness of A and himself; 
(iii) as to Illustration (b) —a crime is committed by several persons. A, B and C, three of the 
criminals, are captured on the spot and kept apart from each other. Each gives an account of the crime 
implicating D, and the accounts corroborate each other in such a manner as to render previous 
concert highly improbable; 
(iv) as to Illustration (c)—A, the drawer of a bill of exchange, was a man of business. B, the 
acceptor, was a young and ignorant person, completely under A's influence; 
(v) as to Illustration (d)—it is proved that a river ran in a certain course five years ago, but it is 
known that there have been floods since that time which might change its course; 
(vi) as to Illustration (e)—a judicial act, the regularity of which is in question, was performed 
under exceptional circumstances; 
(vii) as to Illustration (f)—the question is, whether a letter was received. It is shown to have been 
posted, but the usual course of the post was interrupted by disturbances; 
(viii) as to Illustration (g)—a man refuses to produce a document which would bear on a contract 
of small importance on which he is sued, but which might also injure the feelings and reputation of 
his family; 
(ix) as to Illustration (h)—a man refuses to answer a question which he is not compelled by law 
to answer, but the answer to it might cause loss to him in matters unconnected with the matter in 
relation to which it is asked; 
(x) as to Illustration (i)—a bond is in possession of the obligor, but the circumstances of the case 
are such that he may have stolen it."
BSA_2023_s120,BSA_2023,BSA_2023_CH_VII,120,Presumption as to absence of consent in certain prosecution for rape,"Presumption as to absence of consent in certain prosecution for rape.—In a prosecution for 
rape under sub-section (2) of section 64 of the Bharatiya Nyaya Sanhita, 2023, where sexual intercourse 
by the accused is proved and the question is whether it was without the consent of the woman alleged to 
have been raped and such woman states in her evidence before the Court that she did not consent, the 
Court shall presume that she did not consent. 
Explanation.—In this section, “sexual intercourse” shall mean any of the acts mentioned in 
section 63 of the Bharatiya Nyaya Sanhita, 2023. 
CHAPTER VIII 
ESTOPPEL"
BSA_2023_s121,BSA_2023,BSA_2023_CH_VIII,121,Estoppel,"Estoppel.—When one person has, by his declaration, act or omission, intentionally caused or 
permitted another person to believe a thing to be true and to act upon such belief, neither he nor his 
representative shall be allowed, in any suit or proceeding between himself and such person or his 
representative, to deny the truth of that thing. 
A intentionally and falsely leads B to believe that certain land belongs to A, and thereby induces B to 
buy and pay for it. The land afterwards becomes the property of A, and A seeks to set aside the sale on 
the ground that, at the time of the sale, he had no title. He must not be allowed to prove his want of title."
BSA_2023_s122,BSA_2023,BSA_2023_CH_VIII,122,Estoppel of tenant and of licensee of person in possession,"Estoppel of tenant and of licensee of person in possession.—No tenant of immovable 
property, or person claiming through such tenant, shall, during the continuance of the tenancy or any time 
thereafter, be permitted to deny that the landlord of such tenant had, at the beginning of the tenancy, a 
title to such immovable property; and no person who came upon any immovable property by the licence 
of the person in possession thereof shall be permitted to deny that such person had a title to such 
possession at the time when such licence was given."
BSA_2023_s123,BSA_2023,BSA_2023_CH_VIII,123,"Estoppel of acceptor of bill of exchange, bailee or licensee","Estoppel of acceptor of bill of exchange, bailee or licensee.—No acceptor of a bill of 
exchange shall be permitted to deny that the drawer had authority to draw such bill or to endorse it; nor 
shall any bailee or licensee be permitted to deny that his bailor or licensor had, at the time when the 
bailment or licence commenced, authority to make such bailment or grant such licence. 
Explanation 1.—The acceptor of a bill of exchange may deny that the bill was really drawn by the 
person by whom it purports to have been drawn. 
Explanation 2.—If a bailee delivers the goods bailed to a person other than the bailor, he may prove 
that such person had a right to them as against the bailor. 

CHAPTER IX 
OF WITNESSES"
BSA_2023_s124,BSA_2023,BSA_2023_CH_IX,124,Who may testify,"Who may testify.—All persons shall be competent to testify unless the Court considers that 
they are prevented from understanding the questions put to them, or from giving rational answers to those 
questions, by tender years, extreme old age, disease, whether of body or mind, or any other cause of the 
same kind. 
Explanation.—A person of unsound mind is not incompetent to testify, unless he is prevented by his 
unsoundness of mind from understanding the questions put to him and giving rational answers to them."
BSA_2023_s125,BSA_2023,BSA_2023_CH_IX,125,Witness unable to communicate verbally,"Witness unable to communicate verbally.—A witness who is unable to speak may give his 
evidence in any other manner in which he can make it intelligible, as by writing or by signs; but such 
writing must be written and the signs made in open Court and evidence so given shall be deemed to be 
oral evidence: 
Provided that if the witness is unable to communicate verbally, the Court shall take the assistance of 
an interpreter or a special educator in recording the statement, and such statement shall be videographed."
BSA_2023_s126,BSA_2023,BSA_2023_CH_IX,126,Competency of husband and wife as witnesses in certain cases,"Competency of husband and wife as witnesses in certain cases.—(1) In all civil proceedings 
the parties to the suit, and the husband or wife of any party to the suit, shall be competent witnesses. 
(2) In criminal proceedings against any person, the husband or wife of such person, respectively, 
shall be a competent witness."
BSA_2023_s127,BSA_2023,BSA_2023_CH_IX,127,Judges and Magistrates,"Judges and Magistrates.—No Judge or Magistrate shall, except upon the special order of some 
Court to which he is subordinate, be compelled to answer any question as to his own conduct in Court as 
such Judge or Magistrate, or as to anything which came to his knowledge in Court as such Judge or 
Magistrate; but he may be examined as to other matters which occurred in his presence whilst he was so 
acting. 
(a) A, on his trial before the Court of Session, says that a deposition was improperly taken by B, the 
Magistrate. B cannot be compelled to answer questions as to this, except upon the special order of a 
superior Court. 
(b) A is accused before the Court of Session of having given false evidence before B, a Magistrate. B 
cannot be asked what A said, except upon the special order of the superior Court. 
(c) A is accused before the Court of Session of attempting to murder a police officer whilst on his 
trial before B, a Sessions Judge. B may be examined as to what occurred."
BSA_2023_s128,BSA_2023,BSA_2023_CH_IX,128,Communications during marriage,"Communications during marriage.—No person who is or has been married, shall be 
compelled to disclose any communication made to him during marriage by any person to whom he is or 
has been married; nor shall he be permitted to disclose any such communication, unless the person who 
made it, or his representative in interest, consents, except in suits between married persons, or 
proceedings in which one married person is prosecuted for any crime committed against the other.

him by the writing, his attention must, before the writing can be proved, be called to those parts of it 
which are to be used for the purpose of contradicting him."
BSA_2023_s149,BSA_2023,BSA_2023_CH_IX,149,Questions lawful in cross-examination,"Questions lawful in cross-examination.—When a witness is cross-examined, he may, in 
addition to the questions hereinbefore referred to, be asked any questions which tend— 
(a) to test his veracity; or 
(b) to discover who he is and what is his position in life; or 
(c) to shake his credit, by injuring his character, although the answer to such questions might tend 
directly or indirectly to criminate him, or might expose or tend directly or indirectly to expose him to 
a penalty or forfeiture: 
Provided that in a prosecution for an offence under section 64, section 65, section 66, 
section 67, section 68, section 69, section 70 or section 71 of the Bharatiya Nyaya Sanhita, 2023 or for 
attempt to commit any such offence, where the question of consent is an issue, it shall not be permissible 
to adduce evidence or to put questions in the cross-examination of the victim as to the general immoral 
character, or previous sexual experience, of such victim with any person for proving such consent or the 
quality of consent."
BSA_2023_s150,BSA_2023,BSA_2023_CH_IX,150,When witness to be compelled to answer,"When witness to be compelled to answer.—If any such question relates to a matter relevant to 
the suit or proceeding, the provisions of section 137 shall apply thereto."
BSA_2023_s151,BSA_2023,BSA_2023_CH_IX,151,Court to decide when question shall be asked and when witness compelled to,"Court to decide when question shall be asked and when witness compelled to 
answer.—(1) If any such question relates to a matter not relevant to the suit or proceeding, except in so 
far as it affects the credit of the witness by injuring his character, the Court shall decide whether or not 
the witness shall be compelled to answer it, and may, if it thinks fit, warn the witness that he is not 
obliged to answer it. 
(2) In exercising its discretion, the Court shall have regard to the following considerations, 
namely:— 
(a) such questions are proper if they are of such a nature that the truth of the imputation conveyed 
by them would seriously affect the opinion of the Court as to the credibility of the witness on the 
matter to which he testifies; 
(b) such questions are improper if the imputation which they convey relates to matters so remote 
in time, or of such a character, that the truth of the imputation would not affect, or would affect in a 
slight degree, the opinion of the Court as to the credibility of the witness on the matter to which he 
testifies; 
(c) such questions are improper if there is a great disproportion between the importance of the 
imputation made against the witness's character and the importance of his evidence; 
(d) the Court may, if it sees fit, draw, from the witness’s refusal to answer, the inference that the 
answer if given would be unfavourable."
BSA_2023_s152,BSA_2023,BSA_2023_CH_IX,152,Question not to be asked without reasonable grounds,"Question not to be asked without reasonable grounds.—No such question as is referred to in 
section 151 ought to be asked, unless the person asking it has reasonable grounds for thinking that the 
imputation which it conveys is well-founded. 
(a) An advocate is instructed by another advocate that an important witness is a dacoit. This is a 
reasonable ground for asking the witness whether he is a dacoit. 
(b) An advocate is informed by a person in Court that an important witness is a dacoit. The 
informant, on being questioned by the advocate, gives satisfactory reasons for his statement. This is a 
reasonable ground for asking the witness whether he is a dacoit. 
(c) A witness, of whom nothing whatever is known, is asked at random whether he is a dacoit. There 
are here no reasonable grounds for the question.

(d) A witness, of whom nothing whatever is known, being questioned as to his mode of life and 
means of living, gives unsatisfactory answers. This may be a reasonable ground for asking him if he is a 
dacoit."
BSA_2023_s153,BSA_2023,BSA_2023_CH_IX,153,Procedure of Court in case of question being asked without reasonable,"Procedure of Court in case of question being asked without reasonable 
grounds.—If the Court is of opinion that any such question was asked without reasonable grounds, it 
may, if it was asked by any advocate, report the circumstances of the case to the High Court or other 
authority to which such advocate is subject in the exercise of his profession."
BSA_2023_s154,BSA_2023,BSA_2023_CH_IX,154,Indecent and scandalous questions,"Indecent and scandalous questions.—The Court may forbid any questions or inquiries 
which it regards as indecent or scandalous, although such questions or inquiries may have some bearing 
on the questions before the Court, unless they relate to facts in issue, or to matters necessary to be known 
in order to determine whether or not the facts in issue existed."
BSA_2023_s155,BSA_2023,BSA_2023_CH_IX,155,Questions intended to insult or annoy,"Questions intended to insult or annoy.—The Court shall forbid any question which 
appears to it to be intended to insult or annoy, or which, though proper in itself, appears to the Court 
needlessly offensive in form."
BSA_2023_s156,BSA_2023,BSA_2023_CH_IX,156,Exclusion of evidence to contradict answers to questions testing veracity,"Exclusion of evidence to contradict answers to questions testing veracity.—When a 
witness has been asked and has answered any question which is relevant to the inquiry only in so far as it 
tends to shake his credit by injuring his character, no evidence shall be given to contradict him; but, if he 
answers falsely, he may afterwards be charged with giving false evidence. 
Exception 1.—If a witness is asked whether he has been previously convicted of any crime and 
denies it, evidence may be given of his previous conviction. 
Exception 2.—If a witness is asked any question tending to impeach his impartiality, and answers it 
by denying the facts suggested, he may be contradicted. 
(a) A claim against an underwriter is resisted on the ground of fraud. The claimant is asked whether, 
in a former transaction, he had not made a fraudulent claim. He denies it. Evidence is offered to show that 
he did make such a claim. The evidence is inadmissible. 
(b) A witness is asked whether he was not dismissed from a situation for dishonesty. He denies it. 
Evidence is offered to show that he was dismissed for dishonesty. The evidence is not admissible. 
(c) A affirms that on a certain day he saw B at Goa. A is asked whether he himself was not on that 
day at Varanasi. He denies it. Evidence is offered to show that A was on that day at Varanasi. The 
evidence is admissible, not as contradicting A on a fact which affects his credit, but as contradicting the 
alleged fact that B was seen on the day in question in Goa. In each of these cases, the witness might, if his 
denial was false, be charged with giving false evidence. 
(d) A is asked whether his family has not had a blood feud with the family of B against whom he 
gives evidence. He denies it. He may be contradicted on the ground that the question tends to impeach his 
impartiality."
BSA_2023_s157,BSA_2023,BSA_2023_CH_IX,157,Question by party to his own witness,"Question by party to his own witness.—(1) The Court may, in its discretion, permit the 
person who calls a witness to put any question to him which might be put in cross-examination by the 
adverse party. 
(2) Nothing in this section shall disentitle the person so permitted under sub-section (1), to rely on 
any part of the evidence of such witness."
BSA_2023_s158,BSA_2023,BSA_2023_CH_IX,158,Impeaching credit of witness,"Impeaching credit of witness.—The credit of a witness may be impeached in the following 
ways by the adverse party, or, with the consent of the Court, by the party who calls him— 
(a) by the evidence of persons who testify that they, from their knowledge of the witness, believe 
him to be unworthy of credit;

(b) by proof that the witness has been bribed, or has accepted the offer of a bribe, or has received 
any other corrupt inducement to give his evidence; 
(c) by proof of former statements inconsistent with any part of his evidence which is liable to be 
contradicted. 
Explanation.—A witness declaring another witness to be unworthy of credit may not, upon his 
examination-in-chief, give reasons for his belief, but he may be asked his reasons in cross-examination, 
and the answers which he gives cannot be contradicted, though, if they are false, he may afterwards be 
charged with giving false evidence. 
(a) A sues B for the price of goods sold and delivered to B. C says that he delivered the goods to B. 
Evidence is offered to show that, on a previous occasion, he said that he had not delivered goods to B. 
The evidence is admissible. 
(b) A is accused of the murder of B. C says that B, when dying, declared that A had given B the 
wound of which he died. Evidence is offered to show that, on a previous occasion, C said that B, when 
dying, did not declare that A had given B the wound of which he died. The evidence is admissible."
BSA_2023_s159,BSA_2023,BSA_2023_CH_IX,159,"Questions tending to corroborate evidence of relevant fact, admissible","Questions tending to corroborate evidence of relevant fact, admissible.—When a 
witness whom it is intended to corroborate gives evidence of any relevant fact, he may be questioned as 
to any other circumstances which he observed at or near to the time or place at which such relevant fact 
occurred, if the Court is of opinion that such circumstances, if proved, would corroborate the testimony of 
the witness as to the relevant fact which he testifies. 
A, an accomplice, gives an account of a robbery in which he took part. He describes various incidents 
unconnected with the robbery which occurred on his way to and from the place where it was committed. 
Independent evidence of these facts may be given in order to corroborate his evidence as to the robbery 
itself."
BSA_2023_s160,BSA_2023,BSA_2023_CH_IX,160,Former statements of witness may be proved to corroborate later testimony as to,"Former statements of witness may be proved to corroborate later testimony as to 
same fact.—In order to corroborate the testimony of a witness, any former statement made by such 
witness relating to the same fact, at or about the time when the fact took place, or before any authority 
legally competent to investigate the fact, may be proved."
BSA_2023_s161,BSA_2023,BSA_2023_CH_IX,161,What matters may be proved in connection with proved statement relevant under,"What matters may be proved in connection with proved statement relevant under 
section 26 or 27.—Whenever any statement, relevant under section 26 or 27, is proved, all matters may 
be proved either in order to contradict or to corroborate it, or in order to impeach or confirm the credit of 
the person by whom it was made, which might have been proved if that person had been called as a 
witness and had denied upon cross-examination the truth of the matter suggested."
BSA_2023_s162,BSA_2023,BSA_2023_CH_IX,162,Refreshing memory,"Refreshing memory.—(1) A witness may, while under examination, refresh his memory by 
referring to any writing made by himself at the time of the transaction concerning which he is questioned, 
or so soon afterwards that the Court considers it likely that the transaction was at that time fresh in his 
memory: 
Provided that the witness may also refer to any such writing made by any other person, and read by 
the witness within the time aforesaid, if when he read it, he knew it to be correct. 
(2) Whenever a witness may refresh his memory by reference to any document, he may, with the 
permission of the Court, refer to a copy of such document: 
Provided that the Court be satisfied that there is sufficient reason for the non-production of the 
original: 
Provided further that an expert may refresh his memory by reference to professional treatises."
